query_index,candidate_index,query_figure_id,candidate_figure_id,query_paper_id,candidate_paper_id,query_field,candidate_field,similarity,rank,negative_type
22,24,FIG_00000023,FIG_00000025,2605.30345v1,2605.30345v1,AI,AI,0.8456503748893738,1,intra_paper
33,35,FIG_00000034,FIG_00000036,2605.30343v1,2605.30343v1,AI,AI,0.8239253759384155,3,intra_paper
36,45,FIG_00000037,FIG_00000046,2605.30343v1,2605.30343v1,AI,AI,0.7790820598602295,11,intra_paper
43,44,FIG_00000044,FIG_00000045,2605.30343v1,2605.30343v1,AI,AI,0.7719380259513855,1,intra_paper
106,107,FIG_00000107,FIG_00000108,2605.30350v1,2605.30350v1,ML,ML,0.8319251537322998,1,intra_paper
123,127,FIG_00000124,FIG_00000128,2605.30337v1,2605.30337v1,ML,ML,0.8899683356285095,5,intra_paper
125,134,FIG_00000126,FIG_00000135,2605.30337v1,2605.30337v1,ML,ML,0.8399367332458496,1,intra_paper
138,145,FIG_00000139,FIG_00000146,2605.30330v1,2605.30330v1,ML,ML,0.8797091841697693,1,intra_paper
138,148,FIG_00000139,FIG_00000149,2605.30330v1,2605.30330v1,ML,ML,0.8774020075798035,2,intra_paper
138,143,FIG_00000139,FIG_00000144,2605.30330v1,2605.30330v1,ML,ML,0.8707693815231323,3,intra_paper
138,155,FIG_00000139,FIG_00000156,2605.30330v1,2605.30330v1,ML,ML,0.8666272163391113,4,intra_paper
138,151,FIG_00000139,FIG_00000152,2605.30330v1,2605.30330v1,ML,ML,0.866373598575592,5,intra_paper
138,150,FIG_00000139,FIG_00000151,2605.30330v1,2605.30330v1,ML,ML,0.866373598575592,6,intra_paper
138,142,FIG_00000139,FIG_00000143,2605.30330v1,2605.30330v1,ML,ML,0.8654643893241882,7,intra_paper
138,146,FIG_00000139,FIG_00000147,2605.30330v1,2605.30330v1,ML,ML,0.8630459904670715,8,intra_paper
138,144,FIG_00000139,FIG_00000145,2605.30330v1,2605.30330v1,ML,ML,0.8443390727043152,9,intra_paper
138,153,FIG_00000139,FIG_00000154,2605.30330v1,2605.30330v1,ML,ML,0.8297244310379028,10,intra_paper
138,154,FIG_00000139,FIG_00000155,2605.30330v1,2605.30330v1,ML,ML,0.8193376660346985,11,intra_paper
138,141,FIG_00000139,FIG_00000142,2605.30330v1,2605.30330v1,ML,ML,0.819225549697876,12,intra_paper
138,157,FIG_00000139,FIG_00000158,2605.30330v1,2605.30330v1,ML,ML,0.785585880279541,13,intra_paper
138,152,FIG_00000139,FIG_00000153,2605.30330v1,2605.30330v1,ML,ML,0.7845040559768677,14,intra_paper
138,158,FIG_00000139,FIG_00000159,2605.30330v1,2605.30330v1,ML,ML,0.7823317050933838,15,intra_paper
138,149,FIG_00000139,FIG_00000150,2605.30330v1,2605.30330v1,ML,ML,0.7672473788261414,16,intra_paper
138,156,FIG_00000139,FIG_00000157,2605.30330v1,2605.30330v1,ML,ML,0.7662997245788574,17,intra_paper
138,147,FIG_00000139,FIG_00000148,2605.30330v1,2605.30330v1,ML,ML,0.7563019394874573,18,intra_paper
138,140,FIG_00000139,FIG_00000141,2605.30330v1,2605.30330v1,ML,ML,0.7556176781654358,19,intra_paper
140,158,FIG_00000141,FIG_00000159,2605.30330v1,2605.30330v1,ML,ML,0.8582204580307007,1,intra_paper
140,157,FIG_00000141,FIG_00000158,2605.30330v1,2605.30330v1,ML,ML,0.8532067537307739,2,intra_paper
140,159,FIG_00000141,FIG_00000160,2605.30330v1,2605.30330v1,ML,ML,0.8461948037147522,3,intra_paper
140,152,FIG_00000141,FIG_00000153,2605.30330v1,2605.30330v1,ML,ML,0.838546633720398,4,intra_paper
140,154,FIG_00000141,FIG_00000155,2605.30330v1,2605.30330v1,ML,ML,0.8023005127906799,5,intra_paper
140,149,FIG_00000141,FIG_00000150,2605.30330v1,2605.30330v1,ML,ML,0.7859298586845398,6,intra_paper
140,160,FIG_00000141,FIG_00000161,2605.30330v1,2605.30330v1,ML,ML,0.7818317413330078,7,intra_paper
140,147,FIG_00000141,FIG_00000148,2605.30330v1,2605.30330v1,ML,ML,0.7646951079368591,8,intra_paper
141,149,FIG_00000142,FIG_00000150,2605.30330v1,2605.30330v1,ML,ML,0.8951267600059509,1,intra_paper
141,145,FIG_00000142,FIG_00000146,2605.30330v1,2605.30330v1,ML,ML,0.8906511664390564,2,intra_paper
141,154,FIG_00000142,FIG_00000155,2605.30330v1,2605.30330v1,ML,ML,0.8701261878013611,3,intra_paper
141,147,FIG_00000142,FIG_00000148,2605.30330v1,2605.30330v1,ML,ML,0.8264232277870178,4,intra_paper
141,152,FIG_00000142,FIG_00000153,2605.30330v1,2605.30330v1,ML,ML,0.8061651587486267,5,intra_paper
141,159,FIG_00000142,FIG_00000160,2605.30330v1,2605.30330v1,ML,ML,0.7902704477310181,6,intra_paper
141,157,FIG_00000142,FIG_00000158,2605.30330v1,2605.30330v1,ML,ML,0.7687517404556274,7,intra_paper
141,158,FIG_00000142,FIG_00000159,2605.30330v1,2605.30330v1,ML,ML,0.7682598829269409,8,intra_paper
141,148,FIG_00000142,FIG_00000149,2605.30330v1,2605.30330v1,ML,ML,0.7604190111160278,9,intra_paper
142,153,FIG_00000143,FIG_00000154,2605.30330v1,2605.30330v1,ML,ML,0.8863083720207214,6,intra_paper
142,148,FIG_00000143,FIG_00000149,2605.30330v1,2605.30330v1,ML,ML,0.8557624220848083,7,intra_paper
142,143,FIG_00000143,FIG_00000144,2605.30330v1,2605.30330v1,ML,ML,0.7961962819099426,8,intra_paper
142,145,FIG_00000143,FIG_00000146,2605.30330v1,2605.30330v1,ML,ML,0.7656312584877014,9,intra_paper
142,156,FIG_00000143,FIG_00000157,2605.30330v1,2605.30330v1,ML,ML,0.7513030767440796,10,intra_paper
143,144,FIG_00000144,FIG_00000145,2605.30330v1,2605.30330v1,ML,ML,0.872860312461853,1,intra_paper
143,151,FIG_00000144,FIG_00000152,2605.30330v1,2605.30330v1,ML,ML,0.860102653503418,2,intra_paper
143,150,FIG_00000144,FIG_00000151,2605.30330v1,2605.30330v1,ML,ML,0.860102653503418,3,intra_paper
143,145,FIG_00000144,FIG_00000146,2605.30330v1,2605.30330v1,ML,ML,0.8412456512451172,4,intra_paper
143,148,FIG_00000144,FIG_00000149,2605.30330v1,2605.30330v1,ML,ML,0.8204048275947571,5,intra_paper
143,146,FIG_00000144,FIG_00000147,2605.30330v1,2605.30330v1,ML,ML,0.811654806137085,6,intra_paper
143,154,FIG_00000144,FIG_00000155,2605.30330v1,2605.30330v1,ML,ML,0.795418918132782,7,intra_paper
143,155,FIG_00000144,FIG_00000156,2605.30330v1,2605.30330v1,ML,ML,0.79180908203125,8,intra_paper
143,153,FIG_00000144,FIG_00000154,2605.30330v1,2605.30330v1,ML,ML,0.7542245388031006,9,intra_paper
143,157,FIG_00000144,FIG_00000158,2605.30330v1,2605.30330v1,ML,ML,0.7506222724914551,10,intra_paper
144,153,FIG_00000145,FIG_00000154,2605.30330v1,2605.30330v1,ML,ML,0.8986775279045105,5,intra_paper
144,146,FIG_00000145,FIG_00000147,2605.30330v1,2605.30330v1,ML,ML,0.8936038017272949,6,intra_paper
144,145,FIG_00000145,FIG_00000146,2605.30330v1,2605.30330v1,ML,ML,0.7639086842536926,7,intra_paper
145,154,FIG_00000146,FIG_00000155,2605.30330v1,2605.30330v1,ML,ML,0.8926811218261719,1,intra_paper
145,149,FIG_00000146,FIG_00000150,2605.30330v1,2605.30330v1,ML,ML,0.8860042095184326,2,intra_paper
145,152,FIG_00000146,FIG_00000153,2605.30330v1,2605.30330v1,ML,ML,0.8586083054542542,3,intra_paper
145,147,FIG_00000146,FIG_00000148,2605.30330v1,2605.30330v1,ML,ML,0.847557783126831,4,intra_paper
145,157,FIG_00000146,FIG_00000158,2605.30330v1,2605.30330v1,ML,ML,0.8328989744186401,5,intra_paper
145,158,FIG_00000146,FIG_00000159,2605.30330v1,2605.30330v1,ML,ML,0.8327926397323608,6,intra_paper
145,159,FIG_00000146,FIG_00000160,2605.30330v1,2605.30330v1,ML,ML,0.8244936466217041,7,intra_paper
145,148,FIG_00000146,FIG_00000149,2605.30330v1,2605.30330v1,ML,ML,0.810790479183197,8,intra_paper
145,146,FIG_00000146,FIG_00000147,2605.30330v1,2605.30330v1,ML,ML,0.7907861471176147,9,intra_paper
145,151,FIG_00000146,FIG_00000152,2605.30330v1,2605.30330v1,ML,ML,0.7744481563568115,10,intra_paper
145,150,FIG_00000146,FIG_00000151,2605.30330v1,2605.30330v1,ML,ML,0.7744481563568115,11,intra_paper
145,155,FIG_00000146,FIG_00000156,2605.30330v1,2605.30330v1,ML,ML,0.7578178644180298,12,intra_paper
146,155,FIG_00000147,FIG_00000156,2605.30330v1,2605.30330v1,ML,ML,0.8985390663146973,3,intra_paper
146,148,FIG_00000147,FIG_00000149,2605.30330v1,2605.30330v1,ML,ML,0.8447574377059937,4,intra_paper
146,153,FIG_00000147,FIG_00000154,2605.30330v1,2605.30330v1,ML,ML,0.8204243779182434,5,intra_paper
147,152,FIG_00000148,FIG_00000153,2605.30330v1,2605.30330v1,ML,ML,0.8839038014411926,2,intra_paper
147,154,FIG_00000148,FIG_00000155,2605.30330v1,2605.30330v1,ML,ML,0.8834960460662842,3,intra_paper
147,158,FIG_00000148,FIG_00000159,2605.30330v1,2605.30330v1,ML,ML,0.8488789796829224,4,intra_paper
147,157,FIG_00000148,FIG_00000158,2605.30330v1,2605.30330v1,ML,ML,0.8443069458007812,5,intra_paper
147,159,FIG_00000148,FIG_00000160,2605.30330v1,2605.30330v1,ML,ML,0.8378852605819702,6,intra_paper
148,153,FIG_00000149,FIG_00000154,2605.30330v1,2605.30330v1,ML,ML,0.8838837146759033,1,intra_paper
148,155,FIG_00000149,FIG_00000156,2605.30330v1,2605.30330v1,ML,ML,0.8785048723220825,2,intra_paper
148,151,FIG_00000149,FIG_00000152,2605.30330v1,2605.30330v1,ML,ML,0.8582988977432251,3,intra_paper
148,150,FIG_00000149,FIG_00000151,2605.30330v1,2605.30330v1,ML,ML,0.8582988977432251,4,intra_paper
148,154,FIG_00000149,FIG_00000155,2605.30330v1,2605.30330v1,ML,ML,0.792313814163208,5,intra_paper
148,156,FIG_00000149,FIG_00000157,2605.30330v1,2605.30330v1,ML,ML,0.7854728102684021,6,intra_paper
148,158,FIG_00000149,FIG_00000159,2605.30330v1,2605.30330v1,ML,ML,0.7729817628860474,7,intra_paper
148,157,FIG_00000149,FIG_00000158,2605.30330v1,2605.30330v1,ML,ML,0.771569013595581,8,intra_paper
148,152,FIG_00000149,FIG_00000153,2605.30330v1,2605.30330v1,ML,ML,0.7622767090797424,9,intra_paper
149,152,FIG_00000150,FIG_00000153,2605.30330v1,2605.30330v1,ML,ML,0.8901287913322449,1,intra_paper
149,159,FIG_00000150,FIG_00000160,2605.30330v1,2605.30330v1,ML,ML,0.8879698514938354,2,intra_paper
149,154,FIG_00000150,FIG_00000155,2605.30330v1,2605.30330v1,ML,ML,0.884142279624939,3,intra_paper
149,158,FIG_00000150,FIG_00000159,2605.30330v1,2605.30330v1,ML,ML,0.8398411273956299,4,intra_paper
149,157,FIG_00000150,FIG_00000158,2605.30330v1,2605.30330v1,ML,ML,0.835920512676239,5,intra_paper
150,155,FIG_00000151,FIG_00000156,2605.30330v1,2605.30330v1,ML,ML,0.8863255977630615,1,intra_paper
150,153,FIG_00000151,FIG_00000154,2605.30330v1,2605.30330v1,ML,ML,0.7898932695388794,2,intra_paper
151,155,FIG_00000152,FIG_00000156,2605.30330v1,2605.30330v1,ML,ML,0.8863255977630615,1,intra_paper
151,153,FIG_00000152,FIG_00000154,2605.30330v1,2605.30330v1,ML,ML,0.7898932695388794,2,intra_paper
152,158,FIG_00000153,FIG_00000159,2605.30330v1,2605.30330v1,ML,ML,0.8972001671791077,2,intra_paper
152,157,FIG_00000153,FIG_00000158,2605.30330v1,2605.30330v1,ML,ML,0.8949962854385376,3,intra_paper
152,159,FIG_00000153,FIG_00000160,2605.30330v1,2605.30330v1,ML,ML,0.888289213180542,4,intra_paper
153,156,FIG_00000154,FIG_00000157,2605.30330v1,2605.30330v1,ML,ML,0.7992867231369019,2,intra_paper
154,158,FIG_00000155,FIG_00000159,2605.30330v1,2605.30330v1,ML,ML,0.8727200031280518,1,intra_paper
154,159,FIG_00000155,FIG_00000160,2605.30330v1,2605.30330v1,ML,ML,0.8699449300765991,2,intra_paper
154,157,FIG_00000155,FIG_00000158,2605.30330v1,2605.30330v1,ML,ML,0.8686108589172363,3,intra_paper
155,156,FIG_00000156,FIG_00000157,2605.30330v1,2605.30330v1,ML,ML,0.7995084524154663,1,intra_paper
156,160,FIG_00000157,FIG_00000161,2605.30330v1,2605.30330v1,ML,ML,0.8462624549865723,1,intra_paper
156,157,FIG_00000157,FIG_00000158,2605.30330v1,2605.30330v1,ML,ML,0.7686255574226379,2,intra_paper
156,158,FIG_00000157,FIG_00000159,2605.30330v1,2605.30330v1,ML,ML,0.7638871073722839,3,intra_paper
159,160,FIG_00000160,FIG_00000161,2605.30330v1,2605.30330v1,ML,ML,0.8013643622398376,1,intra_paper
164,166,FIG_00000165,FIG_00000167,2605.30329v1,2605.30329v1,ML,ML,0.8839986324310303,16,intra_paper
182,186,FIG_00000183,FIG_00000187,2605.30352v1,2605.30352v1,CV,CV,0.8621819019317627,1,intra_paper
199,201,FIG_00000200,FIG_00000202,2605.30347v1,2605.30347v1,CV,CV,0.8478662371635437,1,intra_paper
200,201,FIG_00000201,FIG_00000202,2605.30347v1,2605.30347v1,CV,CV,0.7524862885475159,1,intra_paper
228,232,FIG_00000229,FIG_00000233,2605.30342v1,2605.30342v1,CV,CV,0.7507988810539246,1,intra_paper
248,259,FIG_00000249,FIG_00000260,2605.30338v1,2605.30338v1,CV,CV,0.843303918838501,1,intra_paper
263,269,FIG_00000264,FIG_00000270,2605.30332v1,2605.30332v1,CV,CV,0.8844072818756104,2,intra_paper
263,270,FIG_00000264,FIG_00000271,2605.30332v1,2605.30332v1,CV,CV,0.8674958944320679,3,intra_paper
269,270,FIG_00000270,FIG_00000271,2605.30332v1,2605.30332v1,CV,CV,0.8941957950592041,1,intra_paper
332,336,FIG_00000333,FIG_00000337,2605.29937v1,2605.29937v1,ROBOTICS,ROBOTICS,0.8257039785385132,1,intra_paper
345,357,FIG_00000346,FIG_00000358,2605.29942v1,2605.29942v1,IMAGING,IMAGING,0.8145726919174194,1,intra_paper
356,359,FIG_00000357,FIG_00000360,2605.29942v1,2605.29942v1,IMAGING,IMAGING,0.7507584095001221,1,intra_paper
369,374,FIG_00000370,FIG_00000375,2605.29808v1,2605.29808v1,IMAGING,IMAGING,0.8517951965332031,2,intra_paper
370,374,FIG_00000371,FIG_00000375,2605.29808v1,2605.29808v1,IMAGING,IMAGING,0.7559641599655151,2,intra_paper
371,372,FIG_00000372,FIG_00000373,2605.29808v1,2605.29808v1,IMAGING,IMAGING,0.8618055582046509,2,intra_paper
379,380,FIG_00000380,FIG_00000381,2605.29798v1,2605.29798v1,IMAGING,IMAGING,0.800849199295044,1,intra_paper
382,383,FIG_00000383,FIG_00000384,2605.29753v1,2605.29753v1,IMAGING,IMAGING,0.7896347045898438,11,intra_paper
386,388,FIG_00000387,FIG_00000389,2605.29415v1,2605.29415v1,IMAGING,IMAGING,0.7517678141593933,1,intra_paper
387,388,FIG_00000388,FIG_00000389,2605.29415v1,2605.29415v1,IMAGING,IMAGING,0.8237979412078857,1,intra_paper
388,390,FIG_00000389,FIG_00000391,2605.29415v1,2605.29415v1,IMAGING,IMAGING,0.8060128688812256,1,intra_paper
425,428,FIG_00000426,FIG_00000429,2605.30311v1,2605.30311v1,AI,AI,0.7736687660217285,2,intra_paper
425,432,FIG_00000426,FIG_00000433,2605.30311v1,2605.30311v1,AI,AI,0.7661807537078857,3,intra_paper
427,431,FIG_00000428,FIG_00000432,2605.30311v1,2605.30311v1,AI,AI,0.8036630153656006,10,intra_paper
427,432,FIG_00000428,FIG_00000433,2605.30311v1,2605.30311v1,AI,AI,0.7700945138931274,18,intra_paper
428,432,FIG_00000429,FIG_00000433,2605.30311v1,2605.30311v1,AI,AI,0.8539799451828003,1,intra_paper
428,429,FIG_00000429,FIG_00000430,2605.30311v1,2605.30311v1,AI,AI,0.7802281379699707,5,intra_paper
429,433,FIG_00000430,FIG_00000434,2605.30311v1,2605.30311v1,AI,AI,0.8100770711898804,2,intra_paper
429,432,FIG_00000430,FIG_00000433,2605.30311v1,2605.30311v1,AI,AI,0.7878422141075134,6,intra_paper
432,433,FIG_00000433,FIG_00000434,2605.30311v1,2605.30311v1,AI,AI,0.8062272071838379,1,intra_paper
443,449,FIG_00000444,FIG_00000450,2605.30290v1,2605.30290v1,AI,AI,0.8555476665496826,14,intra_paper
450,453,FIG_00000451,FIG_00000454,2605.30290v1,2605.30290v1,AI,AI,0.7944231033325195,2,intra_paper
450,451,FIG_00000451,FIG_00000452,2605.30290v1,2605.30290v1,AI,AI,0.7810772657394409,5,intra_paper
475,477,FIG_00000476,FIG_00000478,2605.30268v1,2605.30268v1,AI,AI,0.8119828104972839,1,intra_paper
482,484,FIG_00000483,FIG_00000485,2605.30260v1,2605.30260v1,AI,AI,0.874173104763031,2,intra_paper
483,484,FIG_00000484,FIG_00000485,2605.30260v1,2605.30260v1,AI,AI,0.8818193078041077,1,intra_paper
483,490,FIG_00000484,FIG_00000491,2605.30260v1,2605.30260v1,AI,AI,0.811394214630127,15,intra_paper
488,489,FIG_00000489,FIG_00000490,2605.30260v1,2605.30260v1,AI,AI,0.8730265498161316,2,intra_paper
488,490,FIG_00000489,FIG_00000491,2605.30260v1,2605.30260v1,AI,AI,0.8721297979354858,3,intra_paper
489,491,FIG_00000490,FIG_00000492,2605.30260v1,2605.30260v1,AI,AI,0.8913288712501526,2,intra_paper
500,512,FIG_00000501,FIG_00000513,2605.30233v1,2605.30233v1,AI,AI,0.8953462839126587,2,intra_paper
500,513,FIG_00000501,FIG_00000514,2605.30233v1,2605.30233v1,AI,AI,0.8798618316650391,12,intra_paper
503,516,FIG_00000504,FIG_00000517,2605.30233v1,2605.30233v1,AI,AI,0.8986585140228271,5,intra_paper
505,521,FIG_00000506,FIG_00000522,2605.30233v1,2605.30233v1,AI,AI,0.8617931008338928,2,intra_paper
505,518,FIG_00000506,FIG_00000519,2605.30233v1,2605.30233v1,AI,AI,0.8590549826622009,3,intra_paper
505,517,FIG_00000506,FIG_00000518,2605.30233v1,2605.30233v1,AI,AI,0.838727593421936,7,intra_paper
505,526,FIG_00000506,FIG_00000527,2605.30233v1,2605.30233v1,AI,AI,0.836750864982605,8,intra_paper
505,527,FIG_00000506,FIG_00000528,2605.30233v1,2605.30233v1,AI,AI,0.8334145545959473,9,intra_paper
505,528,FIG_00000506,FIG_00000529,2605.30233v1,2605.30233v1,AI,AI,0.8331341743469238,10,intra_paper
507,540,FIG_00000508,FIG_00000541,2605.30233v1,2605.30233v1,AI,AI,0.8604940176010132,9,intra_paper
507,510,FIG_00000508,FIG_00000511,2605.30233v1,2605.30233v1,AI,AI,0.8586583137512207,10,intra_paper
507,532,FIG_00000508,FIG_00000533,2605.30233v1,2605.30233v1,AI,AI,0.856142520904541,14,intra_paper
507,508,FIG_00000508,FIG_00000509,2605.30233v1,2605.30233v1,AI,AI,0.855853259563446,15,intra_paper
508,510,FIG_00000509,FIG_00000511,2605.30233v1,2605.30233v1,AI,AI,0.8921763896942139,17,intra_paper
517,518,FIG_00000518,FIG_00000519,2605.30233v1,2605.30233v1,AI,AI,0.8998181819915771,6,intra_paper
517,522,FIG_00000518,FIG_00000523,2605.30233v1,2605.30233v1,AI,AI,0.8760577440261841,8,intra_paper
518,521,FIG_00000519,FIG_00000522,2605.30233v1,2605.30233v1,AI,AI,0.8946423530578613,2,intra_paper
518,527,FIG_00000519,FIG_00000528,2605.30233v1,2605.30233v1,AI,AI,0.8640506863594055,3,intra_paper
518,528,FIG_00000519,FIG_00000529,2605.30233v1,2605.30233v1,AI,AI,0.8326734304428101,4,intra_paper
518,526,FIG_00000519,FIG_00000527,2605.30233v1,2605.30233v1,AI,AI,0.8310381174087524,5,intra_paper
519,521,FIG_00000520,FIG_00000522,2605.30233v1,2605.30233v1,AI,AI,0.8553969860076904,2,intra_paper
519,527,FIG_00000520,FIG_00000528,2605.30233v1,2605.30233v1,AI,AI,0.7869665026664734,7,intra_paper
519,528,FIG_00000520,FIG_00000529,2605.30233v1,2605.30233v1,AI,AI,0.7591545581817627,14,intra_paper
520,521,FIG_00000521,FIG_00000522,2605.30233v1,2605.30233v1,AI,AI,0.8516581058502197,1,intra_paper
520,527,FIG_00000521,FIG_00000528,2605.30233v1,2605.30233v1,AI,AI,0.7947136163711548,4,intra_paper
520,528,FIG_00000521,FIG_00000529,2605.30233v1,2605.30233v1,AI,AI,0.766271710395813,8,intra_paper
521,527,FIG_00000522,FIG_00000528,2605.30233v1,2605.30233v1,AI,AI,0.8692783117294312,2,intra_paper
521,528,FIG_00000522,FIG_00000529,2605.30233v1,2605.30233v1,AI,AI,0.8598116636276245,3,intra_paper
521,526,FIG_00000522,FIG_00000527,2605.30233v1,2605.30233v1,AI,AI,0.8403429985046387,5,intra_paper
522,527,FIG_00000523,FIG_00000528,2605.30233v1,2605.30233v1,AI,AI,0.8453523516654968,3,intra_paper
522,528,FIG_00000523,FIG_00000529,2605.30233v1,2605.30233v1,AI,AI,0.8400183916091919,4,intra_paper
522,526,FIG_00000523,FIG_00000527,2605.30233v1,2605.30233v1,AI,AI,0.8329391479492188,6,intra_paper
533,540,FIG_00000534,FIG_00000541,2605.30233v1,2605.30233v1,AI,AI,0.8742947578430176,6,intra_paper
542,543,FIG_00000543,FIG_00000544,2605.30231v1,2605.30231v1,AI,AI,0.8099567890167236,1,intra_paper
556,558,FIG_00000557,FIG_00000559,2605.30219v1,2605.30219v1,AI,AI,0.8788096308708191,14,intra_paper
556,557,FIG_00000557,FIG_00000558,2605.30219v1,2605.30219v1,AI,AI,0.8715710639953613,20,intra_paper
591,592,FIG_00000592,FIG_00000593,2605.30187v1,2605.30187v1,AI,AI,0.8933395147323608,4,intra_paper
633,641,FIG_00000634,FIG_00000642,2605.30148v1,2605.30148v1,AI,AI,0.8870632648468018,1,intra_paper
633,634,FIG_00000634,FIG_00000635,2605.30148v1,2605.30148v1,AI,AI,0.8857825398445129,2,intra_paper
633,642,FIG_00000634,FIG_00000643,2605.30148v1,2605.30148v1,AI,AI,0.867900013923645,3,intra_paper
633,640,FIG_00000634,FIG_00000641,2605.30148v1,2605.30148v1,AI,AI,0.8469148874282837,7,intra_paper
646,647,FIG_00000647,FIG_00000648,2605.30144v1,2605.30144v1,AI,AI,0.872451663017273,13,intra_paper
652,653,FIG_00000653,FIG_00000654,2605.30144v1,2605.30144v1,AI,AI,0.7616939544677734,9,intra_paper
662,663,FIG_00000663,FIG_00000664,2605.30126v1,2605.30126v1,AI,AI,0.8974878191947937,1,intra_paper
776,777,FIG_00000777,FIG_00000778,2605.30040v1,2605.30040v1,AI,AI,0.8974597454071045,5,intra_paper
787,788,FIG_00000788,FIG_00000789,2605.30039v1,2605.30039v1,AI,AI,0.8756824731826782,2,intra_paper
791,795,FIG_00000792,FIG_00000796,2605.30039v1,2605.30039v1,AI,AI,0.8680170178413391,9,intra_paper
791,794,FIG_00000792,FIG_00000795,2605.30039v1,2605.30039v1,AI,AI,0.858039140701294,12,intra_paper
793,795,FIG_00000794,FIG_00000796,2605.30039v1,2605.30039v1,AI,AI,0.886600911617279,5,intra_paper
793,794,FIG_00000794,FIG_00000795,2605.30039v1,2605.30039v1,AI,AI,0.8825269341468811,9,intra_paper
794,796,FIG_00000795,FIG_00000797,2605.30039v1,2605.30039v1,AI,AI,0.8966894149780273,4,intra_paper
839,841,FIG_00000840,FIG_00000842,2605.30015v1,2605.30015v1,AI,AI,0.86246258020401,1,intra_paper
846,847,FIG_00000847,FIG_00000848,2605.30014v1,2605.30014v1,AI,AI,0.7714043259620667,1,intra_paper
861,864,FIG_00000862,FIG_00000865,2605.30011v1,2605.30011v1,AI,AI,0.7995906472206116,13,intra_paper
867,869,FIG_00000868,FIG_00000870,2605.30003v1,2605.30003v1,AI,AI,0.8938027620315552,8,intra_paper
867,870,FIG_00000868,FIG_00000871,2605.30003v1,2605.30003v1,AI,AI,0.8930749893188477,9,intra_paper
879,880,FIG_00000880,FIG_00000881,2605.30000v1,2605.30000v1,AI,AI,0.8103974461555481,1,intra_paper
899,900,FIG_00000900,FIG_00000901,2605.29976v1,2605.29976v1,AI,AI,0.7628837823867798,1,intra_paper
902,903,FIG_00000903,FIG_00000904,2605.29976v1,2605.29976v1,AI,AI,0.8680835962295532,9,intra_paper
967,968,FIG_00000968,FIG_00000969,2605.29935v1,2605.29935v1,AI,AI,0.7700117826461792,1,intra_paper
970,973,FIG_00000971,FIG_00000974,2605.29931v1,2605.29931v1,AI,AI,0.8213645219802856,1,intra_paper
983,985,FIG_00000984,FIG_00000986,2605.29928v1,2605.29928v1,AI,AI,0.8282738924026489,13,intra_paper
997,1000,FIG_00000998,FIG_00001001,2605.29919v1,2605.29919v1,AI,AI,0.8784119486808777,1,intra_paper
1014,1020,FIG_00001015,FIG_00001021,2605.29889v1,2605.29889v1,AI,AI,0.8985679149627686,4,intra_paper
1156,1157,FIG_00001157,FIG_00001158,2605.29790v1,2605.29790v1,AI,AI,0.788123369216919,1,intra_paper
1191,1192,FIG_00001192,FIG_00001193,2605.29744v1,2605.29744v1,AI,AI,0.8652328252792358,4,intra_paper
1226,1227,FIG_00001227,FIG_00001228,2605.29712v1,2605.29712v1,AI,AI,0.8885643482208252,1,intra_paper
1242,1243,FIG_00001243,FIG_00001244,2605.29705v1,2605.29705v1,AI,AI,0.7664897441864014,1,intra_paper
1300,1307,FIG_00001301,FIG_00001308,2605.29653v1,2605.29653v1,AI,AI,0.7688517570495605,1,intra_paper
1314,1319,FIG_00001315,FIG_00001320,2605.29649v1,2605.29649v1,AI,AI,0.8783740997314453,11,intra_paper
1316,1323,FIG_00001317,FIG_00001324,2605.29649v1,2605.29649v1,AI,AI,0.7580086588859558,13,intra_paper
1324,1329,FIG_00001325,FIG_00001330,2605.29640v1,2605.29640v1,AI,AI,0.8813599348068237,11,intra_paper
1335,1337,FIG_00001336,FIG_00001338,2605.29629v1,2605.29629v1,AI,AI,0.8999710083007812,11,intra_paper
1344,1347,FIG_00001345,FIG_00001348,2605.29628v1,2605.29628v1,AI,AI,0.758753776550293,1,intra_paper
1386,1388,FIG_00001387,FIG_00001389,2605.29591v1,2605.29591v1,AI,AI,0.7904945611953735,3,intra_paper
1391,1404,FIG_00001392,FIG_00001405,2605.29591v1,2605.29591v1,AI,AI,0.7578853964805603,1,intra_paper
1408,1416,FIG_00001409,FIG_00001417,2605.29588v1,2605.29588v1,AI,AI,0.8893637657165527,5,intra_paper
1489,1490,FIG_00001490,FIG_00001491,2605.29556v1,2605.29556v1,AI,AI,0.8369523286819458,1,intra_paper
1498,1503,FIG_00001499,FIG_00001504,2605.29543v1,2605.29543v1,AI,AI,0.8444426655769348,9,intra_paper
1519,1530,FIG_00001520,FIG_00001531,2605.29532v1,2605.29532v1,AI,AI,0.8842628002166748,11,intra_paper
1523,1524,FIG_00001524,FIG_00001525,2605.29532v1,2605.29532v1,AI,AI,0.8600432872772217,1,intra_paper
1610,1611,FIG_00001611,FIG_00001612,2605.29488v1,2605.29488v1,AI,AI,0.8436033725738525,2,intra_paper
1611,1612,FIG_00001612,FIG_00001613,2605.29488v1,2605.29488v1,AI,AI,0.8190188407897949,4,intra_paper
1613,1614,FIG_00001614,FIG_00001615,2605.29486v1,2605.29486v1,AI,AI,0.8737456798553467,1,intra_paper
1634,1638,FIG_00001635,FIG_00001639,2605.29467v1,2605.29467v1,AI,AI,0.8680928945541382,3,intra_paper
1634,1635,FIG_00001635,FIG_00001636,2605.29467v1,2605.29467v1,AI,AI,0.8626260161399841,5,intra_paper
1635,1637,FIG_00001636,FIG_00001638,2605.29467v1,2605.29467v1,AI,AI,0.8814399838447571,1,intra_paper
1636,1637,FIG_00001637,FIG_00001638,2605.29467v1,2605.29467v1,AI,AI,0.8659653067588806,8,intra_paper
1636,1638,FIG_00001637,FIG_00001639,2605.29467v1,2605.29467v1,AI,AI,0.8538417220115662,19,intra_paper
1643,1644,FIG_00001644,FIG_00001645,2605.29467v1,2605.29467v1,AI,AI,0.8841959238052368,15,intra_paper
1649,1655,FIG_00001650,FIG_00001656,2605.29462v1,2605.29462v1,AI,AI,0.7791759371757507,3,intra_paper
1655,1657,FIG_00001656,FIG_00001658,2605.29462v1,2605.29462v1,AI,AI,0.7950337529182434,5,intra_paper
1661,1665,FIG_00001662,FIG_00001666,2605.29453v1,2605.29453v1,AI,AI,0.887188196182251,19,intra_paper
1674,1681,FIG_00001675,FIG_00001682,2605.29448v1,2605.29448v1,AI,AI,0.8938596248626709,9,intra_paper
1674,1683,FIG_00001675,FIG_00001684,2605.29448v1,2605.29448v1,AI,AI,0.8917272686958313,10,intra_paper
1689,1690,FIG_00001690,FIG_00001691,2605.29448v1,2605.29448v1,AI,AI,0.894669771194458,1,intra_paper
1693,1694,FIG_00001694,FIG_00001695,2605.29448v1,2605.29448v1,AI,AI,0.8202287554740906,2,intra_paper
1695,1696,FIG_00001696,FIG_00001697,2605.29448v1,2605.29448v1,AI,AI,0.7607967853546143,1,intra_paper
1697,1700,FIG_00001698,FIG_00001701,2605.29448v1,2605.29448v1,AI,AI,0.8672744035720825,2,intra_paper
1697,1699,FIG_00001698,FIG_00001700,2605.29448v1,2605.29448v1,AI,AI,0.8516597747802734,4,intra_paper
1698,1700,FIG_00001699,FIG_00001701,2605.29448v1,2605.29448v1,AI,AI,0.8351683616638184,2,intra_paper
1698,1699,FIG_00001699,FIG_00001700,2605.29448v1,2605.29448v1,AI,AI,0.816973865032196,4,intra_paper
1714,1720,FIG_00001715,FIG_00001721,2605.29446v1,2605.29446v1,AI,AI,0.8606839179992676,2,intra_paper
1728,1729,FIG_00001729,FIG_00001730,2605.29440v1,2605.29440v1,AI,AI,0.8932158946990967,1,intra_paper
1774,1778,FIG_00001775,FIG_00001779,2605.29425v1,2605.29425v1,AI,AI,0.801378607749939,1,intra_paper
1774,1779,FIG_00001775,FIG_00001780,2605.29425v1,2605.29425v1,AI,AI,0.7669398784637451,2,intra_paper
1782,1784,FIG_00001783,FIG_00001785,2605.29414v1,2605.29414v1,AI,AI,0.8929212093353271,1,intra_paper
1782,1785,FIG_00001783,FIG_00001786,2605.29414v1,2605.29414v1,AI,AI,0.8503102660179138,2,intra_paper
1783,1786,FIG_00001784,FIG_00001787,2605.29414v1,2605.29414v1,AI,AI,0.8837846517562866,5,intra_paper
1784,1785,FIG_00001785,FIG_00001786,2605.29414v1,2605.29414v1,AI,AI,0.8985503911972046,1,intra_paper
1784,1786,FIG_00001785,FIG_00001787,2605.29414v1,2605.29414v1,AI,AI,0.8098298907279968,2,intra_paper
1785,1786,FIG_00001786,FIG_00001787,2605.29414v1,2605.29414v1,AI,AI,0.8519319891929626,1,intra_paper
1793,1797,FIG_00001794,FIG_00001798,2605.29411v1,2605.29411v1,AI,AI,0.8639118075370789,1,intra_paper
1823,1824,FIG_00001824,FIG_00001825,2605.29387v1,2605.29387v1,AI,AI,0.8779699802398682,1,intra_paper
1823,1827,FIG_00001824,FIG_00001828,2605.29387v1,2605.29387v1,AI,AI,0.8551526665687561,19,intra_paper
1847,1850,FIG_00001848,FIG_00001851,2605.29360v1,2605.29360v1,AI,AI,0.8980786800384521,11,intra_paper
1853,1854,FIG_00001854,FIG_00001855,2605.29360v1,2605.29360v1,AI,AI,0.7750005722045898,1,intra_paper
1860,1864,FIG_00001861,FIG_00001865,2605.29360v1,2605.29360v1,AI,AI,0.860729455947876,1,intra_paper
1923,1924,FIG_00001924,FIG_00001925,2605.29288v1,2605.29288v1,AI,AI,0.7831703424453735,1,intra_paper
1935,1942,FIG_00001936,FIG_00001943,2605.29283v1,2605.29283v1,AI,AI,0.8730853796005249,1,intra_paper
1935,1941,FIG_00001936,FIG_00001942,2605.29283v1,2605.29283v1,AI,AI,0.7815051078796387,5,intra_paper
1935,1939,FIG_00001936,FIG_00001940,2605.29283v1,2605.29283v1,AI,AI,0.7782946825027466,6,intra_paper
1935,1940,FIG_00001936,FIG_00001941,2605.29283v1,2605.29283v1,AI,AI,0.7669928669929504,7,intra_paper
1935,1938,FIG_00001936,FIG_00001939,2605.29283v1,2605.29283v1,AI,AI,0.7606707811355591,8,intra_paper
1935,1937,FIG_00001936,FIG_00001938,2605.29283v1,2605.29283v1,AI,AI,0.7542109489440918,11,intra_paper
1937,1939,FIG_00001938,FIG_00001940,2605.29283v1,2605.29283v1,AI,AI,0.8472940325737,1,intra_paper
1937,1938,FIG_00001938,FIG_00001939,2605.29283v1,2605.29283v1,AI,AI,0.8084089756011963,2,intra_paper
1937,1941,FIG_00001938,FIG_00001942,2605.29283v1,2605.29283v1,AI,AI,0.7765805125236511,3,intra_paper
1937,1942,FIG_00001938,FIG_00001943,2605.29283v1,2605.29283v1,AI,AI,0.7689094543457031,4,intra_paper
1937,1940,FIG_00001938,FIG_00001941,2605.29283v1,2605.29283v1,AI,AI,0.7646153569221497,5,intra_paper
1938,1942,FIG_00001939,FIG_00001943,2605.29283v1,2605.29283v1,AI,AI,0.8475103378295898,1,intra_paper
1938,1939,FIG_00001939,FIG_00001940,2605.29283v1,2605.29283v1,AI,AI,0.8214907646179199,2,intra_paper
1938,1941,FIG_00001939,FIG_00001942,2605.29283v1,2605.29283v1,AI,AI,0.7891595363616943,3,intra_paper
1938,1940,FIG_00001939,FIG_00001941,2605.29283v1,2605.29283v1,AI,AI,0.7602663040161133,4,intra_paper
1939,1941,FIG_00001940,FIG_00001942,2605.29283v1,2605.29283v1,AI,AI,0.8571301698684692,1,intra_paper
1939,1940,FIG_00001940,FIG_00001941,2605.29283v1,2605.29283v1,AI,AI,0.8516745567321777,2,intra_paper
1939,1942,FIG_00001940,FIG_00001943,2605.29283v1,2605.29283v1,AI,AI,0.7944223880767822,3,intra_paper
1941,1942,FIG_00001942,FIG_00001943,2605.29283v1,2605.29283v1,AI,AI,0.7650129199028015,3,intra_paper
1968,1972,FIG_00001969,FIG_00001973,2605.29268v1,2605.29268v1,AI,AI,0.8948919773101807,3,intra_paper
1988,1994,FIG_00001989,FIG_00001995,2605.29259v1,2605.29259v1,AI,AI,0.8370916843414307,17,intra_paper
2007,2009,FIG_00002008,FIG_00002010,2605.29254v1,2605.29254v1,AI,AI,0.8516539335250854,1,intra_paper
2007,2010,FIG_00002008,FIG_00002011,2605.29254v1,2605.29254v1,AI,AI,0.8291266560554504,2,intra_paper
2009,2010,FIG_00002010,FIG_00002011,2605.29254v1,2605.29254v1,AI,AI,0.8977209329605103,1,intra_paper
2047,2055,FIG_00002048,FIG_00002056,2605.29233v1,2605.29233v1,AI,AI,0.8634823560714722,9,intra_paper
2047,2057,FIG_00002048,FIG_00002058,2605.29233v1,2605.29233v1,AI,AI,0.8550032377243042,12,intra_paper
2062,2063,FIG_00002063,FIG_00002064,2605.29229v1,2605.29229v1,AI,AI,0.890539288520813,1,intra_paper
2074,2075,FIG_00002075,FIG_00002076,2605.29224v1,2605.29224v1,AI,AI,0.8264902830123901,2,intra_paper
2088,2089,FIG_00002089,FIG_00002090,2605.29194v1,2605.29194v1,AI,AI,0.8545839786529541,1,intra_paper
2091,2095,FIG_00002092,FIG_00002096,2605.29194v1,2605.29194v1,AI,AI,0.7837884426116943,1,intra_paper
2169,2176,FIG_00002170,FIG_00002177,2605.29153v1,2605.29153v1,AI,AI,0.8739548325538635,2,intra_paper
2169,2171,FIG_00002170,FIG_00002172,2605.29153v1,2605.29153v1,AI,AI,0.868187665939331,3,intra_paper
2169,2177,FIG_00002170,FIG_00002178,2605.29153v1,2605.29153v1,AI,AI,0.8627041578292847,4,intra_paper
2169,2179,FIG_00002170,FIG_00002180,2605.29153v1,2605.29153v1,AI,AI,0.8487583994865417,5,intra_paper
2170,2171,FIG_00002171,FIG_00002172,2605.29153v1,2605.29153v1,AI,AI,0.8379126787185669,3,intra_paper
2170,2179,FIG_00002171,FIG_00002180,2605.29153v1,2605.29153v1,AI,AI,0.7761315703392029,11,intra_paper
2171,2176,FIG_00002172,FIG_00002177,2605.29153v1,2605.29153v1,AI,AI,0.8165082931518555,1,intra_paper
2171,2177,FIG_00002172,FIG_00002178,2605.29153v1,2605.29153v1,AI,AI,0.7996325492858887,3,intra_paper
2173,2180,FIG_00002174,FIG_00002181,2605.29153v1,2605.29153v1,AI,AI,0.7938946485519409,1,intra_paper
2204,2211,FIG_00002205,FIG_00002212,2605.29126v1,2605.29126v1,AI,AI,0.8566880822181702,3,intra_paper
2229,2239,FIG_00002230,FIG_00002240,2605.29126v1,2605.29126v1,AI,AI,0.8975250720977783,10,intra_paper
2230,2231,FIG_00002231,FIG_00002232,2605.29126v1,2605.29126v1,AI,AI,0.8327573537826538,15,intra_paper
2312,2314,FIG_00002313,FIG_00002315,2605.29055v1,2605.29055v1,AI,AI,0.8804842829704285,2,intra_paper
2344,2359,FIG_00002345,FIG_00002360,2605.29018v1,2605.29018v1,AI,AI,0.886425793170929,2,intra_paper
2344,2347,FIG_00002345,FIG_00002348,2605.29018v1,2605.29018v1,AI,AI,0.8771409392356873,3,intra_paper
2344,2349,FIG_00002345,FIG_00002350,2605.29018v1,2605.29018v1,AI,AI,0.8483729362487793,8,intra_paper
2344,2360,FIG_00002345,FIG_00002361,2605.29018v1,2605.29018v1,AI,AI,0.8479721546173096,9,intra_paper
2344,2348,FIG_00002345,FIG_00002349,2605.29018v1,2605.29018v1,AI,AI,0.8316154479980469,20,intra_paper
2345,2360,FIG_00002346,FIG_00002361,2605.29018v1,2605.29018v1,AI,AI,0.8736419677734375,1,intra_paper
2345,2359,FIG_00002346,FIG_00002360,2605.29018v1,2605.29018v1,AI,AI,0.847653865814209,2,intra_paper
2346,2356,FIG_00002347,FIG_00002357,2605.29018v1,2605.29018v1,AI,AI,0.8982385396957397,15,intra_paper
2351,2353,FIG_00002352,FIG_00002354,2605.29018v1,2605.29018v1,AI,AI,0.8915125131607056,2,intra_paper
2389,2390,FIG_00002390,FIG_00002391,2605.28983v1,2605.28983v1,AI,AI,0.8903992176055908,1,intra_paper
2397,2398,FIG_00002398,FIG_00002399,2605.28978v1,2605.28978v1,AI,AI,0.832663893699646,12,intra_paper
2462,2465,FIG_00002463,FIG_00002466,2605.28805v1,2605.28805v1,AI,AI,0.8337025046348572,1,intra_paper
2483,2484,FIG_00002484,FIG_00002485,2605.28775v1,2605.28775v1,AI,AI,0.8123642206192017,11,intra_paper
2490,2491,FIG_00002491,FIG_00002492,2605.28775v1,2605.28775v1,AI,AI,0.8680604696273804,1,intra_paper
2499,2500,FIG_00002500,FIG_00002501,2605.28763v1,2605.28763v1,AI,AI,0.8492366075515747,1,intra_paper
2556,2557,FIG_00002557,FIG_00002558,2605.28746v2,2605.28746v2,AI,AI,0.8343801498413086,7,intra_paper
2588,2590,FIG_00002589,FIG_00002591,2605.28732v1,2605.28732v1,AI,AI,0.8170536756515503,2,intra_paper
2589,2590,FIG_00002590,FIG_00002591,2605.28732v1,2605.28732v1,AI,AI,0.8622043132781982,1,intra_paper
2595,2596,FIG_00002596,FIG_00002597,2605.28730v1,2605.28730v1,AI,AI,0.8942078948020935,4,intra_paper
2597,2601,FIG_00002598,FIG_00002602,2605.28730v1,2605.28730v1,AI,AI,0.8998625874519348,9,intra_paper
2611,2615,FIG_00002612,FIG_00002616,2605.28721v1,2605.28721v1,AI,AI,0.772219181060791,7,intra_paper
2623,2624,FIG_00002624,FIG_00002625,2605.28717v1,2605.28717v1,AI,AI,0.8834579586982727,10,intra_paper
2629,2644,FIG_00002630,FIG_00002645,2605.28717v1,2605.28717v1,AI,AI,0.8784660696983337,2,intra_paper
2629,2631,FIG_00002630,FIG_00002632,2605.28717v1,2605.28717v1,AI,AI,0.867333173751831,7,intra_paper
2629,2661,FIG_00002630,FIG_00002662,2605.28717v1,2605.28717v1,AI,AI,0.8563990592956543,13,intra_paper
2679,2680,FIG_00002680,FIG_00002681,2605.28710v1,2605.28710v1,AI,AI,0.8304542303085327,1,intra_paper
2706,2708,FIG_00002707,FIG_00002709,2605.28693v1,2605.28693v1,AI,AI,0.8372652530670166,2,intra_paper
2708,2712,FIG_00002709,FIG_00002713,2605.28693v1,2605.28693v1,AI,AI,0.8032585382461548,1,intra_paper
2708,2710,FIG_00002709,FIG_00002711,2605.28693v1,2605.28693v1,AI,AI,0.7778445482254028,2,intra_paper
2728,2733,FIG_00002729,FIG_00002734,2605.28678v1,2605.28678v1,AI,AI,0.8993074893951416,2,intra_paper
2733,2734,FIG_00002734,FIG_00002735,2605.28678v1,2605.28678v1,AI,AI,0.8898501992225647,11,intra_paper
2811,2812,FIG_00002812,FIG_00002813,2605.28598v1,2605.28598v1,AI,AI,0.8897335529327393,12,intra_paper
2826,2829,FIG_00002827,FIG_00002830,2605.28594v1,2605.28594v1,AI,AI,0.8944262266159058,8,intra_paper
2846,2847,FIG_00002847,FIG_00002848,2605.28577v1,2605.28577v1,AI,AI,0.8706114292144775,2,intra_paper
2855,2856,FIG_00002856,FIG_00002857,2605.28573v1,2605.28573v1,AI,AI,0.8977968692779541,18,intra_paper
2862,2866,FIG_00002863,FIG_00002867,2605.28567v1,2605.28567v1,AI,AI,0.8579967617988586,1,intra_paper
2865,2870,FIG_00002866,FIG_00002871,2605.28567v1,2605.28567v1,AI,AI,0.8977961540222168,2,intra_paper
2904,2905,FIG_00002905,FIG_00002906,2605.28899v1,2605.28899v1,AI,AI,0.765198826789856,1,intra_paper
2937,2938,FIG_00002938,FIG_00002939,2605.28543v1,2605.28543v1,AI,AI,0.8575615286827087,14,intra_paper
2946,2947,FIG_00002947,FIG_00002948,2605.28524v1,2605.28524v1,AI,AI,0.8856958150863647,2,intra_paper
2975,2977,FIG_00002976,FIG_00002978,2605.28498v1,2605.28498v1,AI,AI,0.8936929702758789,2,intra_paper
2975,2979,FIG_00002976,FIG_00002980,2605.28498v1,2605.28498v1,AI,AI,0.8714081645011902,3,intra_paper
2975,2978,FIG_00002976,FIG_00002979,2605.28498v1,2605.28498v1,AI,AI,0.8609108924865723,7,intra_paper
2977,2979,FIG_00002978,FIG_00002980,2605.28498v1,2605.28498v1,AI,AI,0.8898009061813354,2,intra_paper
3021,3023,FIG_00003022,FIG_00003024,2605.28464v1,2605.28464v1,AI,AI,0.8765062093734741,1,intra_paper
3027,3029,FIG_00003028,FIG_00003030,2605.28456v1,2605.28456v1,AI,AI,0.8773413896560669,7,intra_paper
3031,3041,FIG_00003032,FIG_00003042,2605.28454v1,2605.28454v1,AI,AI,0.8962230086326599,8,intra_paper
3031,3036,FIG_00003032,FIG_00003037,2605.28454v1,2605.28454v1,AI,AI,0.8832262754440308,13,intra_paper
3032,3041,FIG_00003033,FIG_00003042,2605.28454v1,2605.28454v1,AI,AI,0.8985875844955444,7,intra_paper
3032,3036,FIG_00003033,FIG_00003037,2605.28454v1,2605.28454v1,AI,AI,0.8863699436187744,12,intra_paper
3033,3038,FIG_00003034,FIG_00003039,2605.28454v1,2605.28454v1,AI,AI,0.8949283957481384,5,intra_paper
3034,3041,FIG_00003035,FIG_00003042,2605.28454v1,2605.28454v1,AI,AI,0.877895712852478,12,intra_paper
3044,3045,FIG_00003045,FIG_00003046,2605.28450v1,2605.28450v1,AI,AI,0.8397699594497681,5,intra_paper
3047,3049,FIG_00003048,FIG_00003050,2605.28450v1,2605.28450v1,AI,AI,0.8529179692268372,1,intra_paper
3048,3049,FIG_00003049,FIG_00003050,2605.28450v1,2605.28450v1,AI,AI,0.7858946323394775,1,intra_paper
3055,3060,FIG_00003056,FIG_00003061,2605.28441v1,2605.28441v1,AI,AI,0.8156847953796387,12,intra_paper
3058,3060,FIG_00003059,FIG_00003061,2605.28441v1,2605.28441v1,AI,AI,0.8329403400421143,1,intra_paper
3063,3067,FIG_00003064,FIG_00003068,2605.28428v1,2605.28428v1,AI,AI,0.8844907283782959,1,intra_paper
3068,3069,FIG_00003069,FIG_00003070,2605.28422v1,2605.28422v1,AI,AI,0.8889725208282471,1,intra_paper
3074,3078,FIG_00003075,FIG_00003079,2605.28422v1,2605.28422v1,AI,AI,0.8096760511398315,1,intra_paper
3088,3089,FIG_00003089,FIG_00003090,2605.28897v1,2605.28897v1,AI,AI,0.7971111536026001,5,intra_paper
3109,3110,FIG_00003110,FIG_00003111,2605.28396v1,2605.28396v1,AI,AI,0.8487973809242249,6,intra_paper
3129,3133,FIG_00003130,FIG_00003134,2605.28371v1,2605.28371v1,AI,AI,0.8616206645965576,7,intra_paper
3132,3133,FIG_00003133,FIG_00003134,2605.28371v1,2605.28371v1,AI,AI,0.8832571506500244,3,intra_paper
3153,3154,FIG_00003154,FIG_00003155,2605.28354v1,2605.28354v1,AI,AI,0.8701144456863403,2,intra_paper
3167,3168,FIG_00003168,FIG_00003169,2605.28347v1,2605.28347v1,AI,AI,0.8886216878890991,1,intra_paper
3180,3181,FIG_00003181,FIG_00003182,2605.28337v1,2605.28337v1,AI,AI,0.8957822322845459,5,intra_paper
3180,3182,FIG_00003181,FIG_00003183,2605.28337v1,2605.28337v1,AI,AI,0.8956667184829712,6,intra_paper
3180,3183,FIG_00003181,FIG_00003184,2605.28337v1,2605.28337v1,AI,AI,0.8943240642547607,7,intra_paper
3180,3184,FIG_00003181,FIG_00003185,2605.28337v1,2605.28337v1,AI,AI,0.8919889330863953,8,intra_paper
3180,3188,FIG_00003181,FIG_00003189,2605.28337v1,2605.28337v1,AI,AI,0.8910129070281982,9,intra_paper
3180,3189,FIG_00003181,FIG_00003190,2605.28337v1,2605.28337v1,AI,AI,0.8901857137680054,11,intra_paper
3180,3190,FIG_00003181,FIG_00003191,2605.28337v1,2605.28337v1,AI,AI,0.8841099739074707,13,intra_paper
3187,3189,FIG_00003188,FIG_00003190,2605.28337v1,2605.28337v1,AI,AI,0.8883789777755737,8,intra_paper
3187,3188,FIG_00003188,FIG_00003189,2605.28337v1,2605.28337v1,AI,AI,0.8863723278045654,10,intra_paper
3207,3222,FIG_00003208,FIG_00003223,2605.28317v1,2605.28317v1,AI,AI,0.7807325720787048,2,intra_paper
3207,3209,FIG_00003208,FIG_00003210,2605.28317v1,2605.28317v1,AI,AI,0.7586895227432251,5,intra_paper
3208,3223,FIG_00003209,FIG_00003224,2605.28317v1,2605.28317v1,AI,AI,0.7975547909736633,1,intra_paper
3209,3221,FIG_00003210,FIG_00003222,2605.28317v1,2605.28317v1,AI,AI,0.7536876797676086,13,intra_paper
3300,3302,FIG_00003301,FIG_00003303,2605.28273v1,2605.28273v1,AI,AI,0.8962065577507019,3,intra_paper
3301,3306,FIG_00003302,FIG_00003307,2605.28273v1,2605.28273v1,AI,AI,0.8386312127113342,12,intra_paper
3302,3306,FIG_00003303,FIG_00003307,2605.28273v1,2605.28273v1,AI,AI,0.8989208340644836,2,intra_paper
3302,3307,FIG_00003303,FIG_00003308,2605.28273v1,2605.28273v1,AI,AI,0.868109405040741,7,intra_paper
3303,3306,FIG_00003304,FIG_00003307,2605.28273v1,2605.28273v1,AI,AI,0.83406662940979,8,intra_paper
3311,3320,FIG_00003312,FIG_00003321,2605.28264v1,2605.28264v1,AI,AI,0.8987218141555786,11,intra_paper
3337,3343,FIG_00003338,FIG_00003344,2605.28255v1,2605.28255v1,AI,AI,0.8938859701156616,4,intra_paper
3340,3343,FIG_00003341,FIG_00003344,2605.28255v1,2605.28255v1,AI,AI,0.8882101774215698,3,intra_paper
3341,3343,FIG_00003342,FIG_00003344,2605.28255v1,2605.28255v1,AI,AI,0.868574321269989,2,intra_paper
3342,3343,FIG_00003343,FIG_00003344,2605.28255v1,2605.28255v1,AI,AI,0.8858429193496704,1,intra_paper
3359,3361,FIG_00003360,FIG_00003362,2605.28219v1,2605.28219v1,AI,AI,0.8611840009689331,2,intra_paper
3359,3360,FIG_00003360,FIG_00003361,2605.28219v1,2605.28219v1,AI,AI,0.8306581974029541,4,intra_paper
3359,3364,FIG_00003360,FIG_00003365,2605.28219v1,2605.28219v1,AI,AI,0.8169771432876587,10,intra_paper
3359,3371,FIG_00003360,FIG_00003372,2605.28219v1,2605.28219v1,AI,AI,0.8168034553527832,11,intra_paper
3359,3370,FIG_00003360,FIG_00003371,2605.28219v1,2605.28219v1,AI,AI,0.8011753559112549,15,intra_paper
3360,3361,FIG_00003361,FIG_00003362,2605.28219v1,2605.28219v1,AI,AI,0.8510492444038391,1,intra_paper
3361,3363,FIG_00003362,FIG_00003364,2605.28219v1,2605.28219v1,AI,AI,0.825126588344574,4,intra_paper
3363,3364,FIG_00003364,FIG_00003365,2605.28219v1,2605.28219v1,AI,AI,0.8258703351020813,2,intra_paper
3363,3371,FIG_00003364,FIG_00003372,2605.28219v1,2605.28219v1,AI,AI,0.8093844056129456,6,intra_paper
3363,3370,FIG_00003364,FIG_00003371,2605.28219v1,2605.28219v1,AI,AI,0.7976362109184265,8,intra_paper
3363,3369,FIG_00003364,FIG_00003370,2605.28219v1,2605.28219v1,AI,AI,0.7915445566177368,9,intra_paper
3363,3365,FIG_00003364,FIG_00003366,2605.28219v1,2605.28219v1,AI,AI,0.7816095948219299,15,intra_paper
3364,3369,FIG_00003365,FIG_00003370,2605.28219v1,2605.28219v1,AI,AI,0.847364068031311,2,intra_paper
3365,3371,FIG_00003366,FIG_00003372,2605.28219v1,2605.28219v1,AI,AI,0.8945755958557129,1,intra_paper
3365,3370,FIG_00003366,FIG_00003371,2605.28219v1,2605.28219v1,AI,AI,0.8753694295883179,2,intra_paper
3366,3368,FIG_00003367,FIG_00003369,2605.28219v1,2605.28219v1,AI,AI,0.8890463709831238,1,intra_paper
3380,3381,FIG_00003381,FIG_00003382,2605.28213v1,2605.28213v1,AI,AI,0.8133626580238342,1,intra_paper
3397,3398,FIG_00003398,FIG_00003399,2605.28192v1,2605.28192v1,AI,AI,0.7650548815727234,1,intra_paper
3398,3400,FIG_00003399,FIG_00003401,2605.28192v1,2605.28192v1,AI,AI,0.7811369895935059,6,intra_paper
3415,3423,FIG_00003416,FIG_00003424,2605.28187v1,2605.28187v1,AI,AI,0.8931283950805664,17,intra_paper
3416,3422,FIG_00003417,FIG_00003423,2605.28187v1,2605.28187v1,AI,AI,0.8979031443595886,13,intra_paper
3416,3423,FIG_00003417,FIG_00003424,2605.28187v1,2605.28187v1,AI,AI,0.896115779876709,15,intra_paper
3422,3425,FIG_00003423,FIG_00003426,2605.28187v1,2605.28187v1,AI,AI,0.8837378621101379,3,intra_paper
3422,3426,FIG_00003423,FIG_00003427,2605.28187v1,2605.28187v1,AI,AI,0.865723729133606,4,intra_paper
3423,3426,FIG_00003424,FIG_00003427,2605.28187v1,2605.28187v1,AI,AI,0.8668643832206726,4,intra_paper
3424,3426,FIG_00003425,FIG_00003427,2605.28187v1,2605.28187v1,AI,AI,0.8970341682434082,2,intra_paper
3425,3426,FIG_00003426,FIG_00003427,2605.28187v1,2605.28187v1,AI,AI,0.8704441785812378,3,intra_paper
3440,3441,FIG_00003441,FIG_00003442,2605.28174v1,2605.28174v1,AI,AI,0.7564932107925415,1,intra_paper
3445,3450,FIG_00003446,FIG_00003451,2605.28170v1,2605.28170v1,AI,AI,0.8119528293609619,12,intra_paper
3446,3449,FIG_00003447,FIG_00003450,2605.28170v1,2605.28170v1,AI,AI,0.8933241367340088,1,intra_paper
3446,3450,FIG_00003447,FIG_00003451,2605.28170v1,2605.28170v1,AI,AI,0.8754621744155884,2,intra_paper
3446,3451,FIG_00003447,FIG_00003452,2605.28170v1,2605.28170v1,AI,AI,0.7930362224578857,7,intra_paper
3452,3453,FIG_00003453,FIG_00003454,2605.28170v1,2605.28170v1,AI,AI,0.8800337314605713,1,intra_paper
3458,3459,FIG_00003459,FIG_00003460,2605.28166v2,2605.28166v2,AI,AI,0.8918824195861816,6,intra_paper
3460,3463,FIG_00003461,FIG_00003464,2605.28166v2,2605.28166v2,AI,AI,0.8446396589279175,1,intra_paper
3460,3465,FIG_00003461,FIG_00003466,2605.28166v2,2605.28166v2,AI,AI,0.8308110237121582,2,intra_paper
3460,3464,FIG_00003461,FIG_00003465,2605.28166v2,2605.28166v2,AI,AI,0.8303283452987671,3,intra_paper
3460,3469,FIG_00003461,FIG_00003470,2605.28166v2,2605.28166v2,AI,AI,0.8241895437240601,4,intra_paper
3460,3467,FIG_00003461,FIG_00003468,2605.28166v2,2605.28166v2,AI,AI,0.8046942949295044,7,intra_paper
3460,3471,FIG_00003461,FIG_00003472,2605.28166v2,2605.28166v2,AI,AI,0.7827802896499634,10,intra_paper
3460,3470,FIG_00003461,FIG_00003471,2605.28166v2,2605.28166v2,AI,AI,0.771844744682312,12,intra_paper
3460,3466,FIG_00003461,FIG_00003467,2605.28166v2,2605.28166v2,AI,AI,0.7641072273254395,15,intra_paper
3463,3466,FIG_00003464,FIG_00003467,2605.28166v2,2605.28166v2,AI,AI,0.8832505941390991,11,intra_paper
3463,3468,FIG_00003464,FIG_00003469,2605.28166v2,2605.28166v2,AI,AI,0.8490896224975586,18,intra_paper
3464,3466,FIG_00003465,FIG_00003467,2605.28166v2,2605.28166v2,AI,AI,0.8821393847465515,9,intra_paper
3465,3466,FIG_00003466,FIG_00003467,2605.28166v2,2605.28166v2,AI,AI,0.8889570236206055,7,intra_paper
3465,3468,FIG_00003466,FIG_00003469,2605.28166v2,2605.28166v2,AI,AI,0.8566274046897888,14,intra_paper
3466,3469,FIG_00003467,FIG_00003470,2605.28166v2,2605.28166v2,AI,AI,0.8883448243141174,2,intra_paper
3466,3467,FIG_00003467,FIG_00003468,2605.28166v2,2605.28166v2,AI,AI,0.8271897435188293,8,intra_paper
3466,3471,FIG_00003467,FIG_00003472,2605.28166v2,2605.28166v2,AI,AI,0.8114261031150818,15,intra_paper
3467,3470,FIG_00003468,FIG_00003471,2605.28166v2,2605.28166v2,AI,AI,0.8736405372619629,11,intra_paper
3468,3469,FIG_00003469,FIG_00003470,2605.28166v2,2605.28166v2,AI,AI,0.8794995546340942,3,intra_paper
3470,3471,FIG_00003471,FIG_00003472,2605.28166v2,2605.28166v2,AI,AI,0.8633533120155334,1,intra_paper
3522,3523,FIG_00003523,FIG_00003524,2605.28139v1,2605.28139v1,AI,AI,0.8568289279937744,13,intra_paper
3527,3528,FIG_00003528,FIG_00003529,2605.28124v1,2605.28124v1,AI,AI,0.8256093859672546,1,intra_paper
3527,3529,FIG_00003528,FIG_00003530,2605.28124v1,2605.28124v1,AI,AI,0.7571558356285095,2,intra_paper
3537,3540,FIG_00003538,FIG_00003541,2605.28120v1,2605.28120v1,AI,AI,0.8932298421859741,1,intra_paper
3539,3543,FIG_00003540,FIG_00003544,2605.28120v1,2605.28120v1,AI,AI,0.8897206783294678,2,intra_paper
3548,3549,FIG_00003549,FIG_00003550,2605.28116v1,2605.28116v1,AI,AI,0.8854782581329346,2,intra_paper
3583,3587,FIG_00003584,FIG_00003588,2605.28100v1,2605.28100v1,AI,AI,0.8761981725692749,1,intra_paper
3583,3590,FIG_00003584,FIG_00003591,2605.28100v1,2605.28100v1,AI,AI,0.8087344169616699,2,intra_paper
3595,3602,FIG_00003596,FIG_00003603,2605.28098v1,2605.28098v1,AI,AI,0.8917970061302185,15,intra_paper
3595,3604,FIG_00003596,FIG_00003605,2605.28098v1,2605.28098v1,AI,AI,0.8859881162643433,18,intra_paper
3596,3598,FIG_00003597,FIG_00003599,2605.28098v1,2605.28098v1,AI,AI,0.8995744585990906,11,intra_paper
3601,3602,FIG_00003602,FIG_00003603,2605.28098v1,2605.28098v1,AI,AI,0.899505615234375,4,intra_paper
3601,3605,FIG_00003602,FIG_00003606,2605.28098v1,2605.28098v1,AI,AI,0.8979344367980957,7,intra_paper
3610,3612,FIG_00003611,FIG_00003613,2605.28084v1,2605.28084v1,AI,AI,0.7876968383789062,1,intra_paper
3616,3617,FIG_00003617,FIG_00003618,2605.28084v1,2605.28084v1,AI,AI,0.7920478582382202,1,intra_paper
3617,3619,FIG_00003618,FIG_00003620,2605.28084v1,2605.28084v1,AI,AI,0.8577974438667297,1,intra_paper
3628,3636,FIG_00003629,FIG_00003637,2605.28077v1,2605.28077v1,AI,AI,0.7950010299682617,17,intra_paper
3634,3636,FIG_00003635,FIG_00003637,2605.28077v1,2605.28077v1,AI,AI,0.8030530214309692,1,intra_paper
3637,3639,FIG_00003638,FIG_00003640,2605.28889v1,2605.28889v1,AI,AI,0.8733658790588379,5,intra_paper
3637,3640,FIG_00003638,FIG_00003641,2605.28889v1,2605.28889v1,AI,AI,0.8618687391281128,7,intra_paper
3682,3683,FIG_00003683,FIG_00003684,2605.28065v1,2605.28065v1,AI,AI,0.8690987229347229,1,intra_paper
3685,3686,FIG_00003686,FIG_00003687,2605.28065v1,2605.28065v1,AI,AI,0.8761815428733826,17,intra_paper
3710,3720,FIG_00003711,FIG_00003721,2605.28042v1,2605.28042v1,AI,AI,0.8972814083099365,6,intra_paper
3710,3713,FIG_00003711,FIG_00003714,2605.28042v1,2605.28042v1,AI,AI,0.8851691484451294,12,intra_paper
3711,3724,FIG_00003712,FIG_00003725,2605.28042v1,2605.28042v1,AI,AI,0.8578056693077087,3,intra_paper
3711,3721,FIG_00003712,FIG_00003722,2605.28042v1,2605.28042v1,AI,AI,0.8561636805534363,4,intra_paper
3711,3723,FIG_00003712,FIG_00003724,2605.28042v1,2605.28042v1,AI,AI,0.8430824279785156,10,intra_paper
3711,3719,FIG_00003712,FIG_00003720,2605.28042v1,2605.28042v1,AI,AI,0.8361766934394836,14,intra_paper
3712,3717,FIG_00003713,FIG_00003718,2605.28042v1,2605.28042v1,AI,AI,0.8487533330917358,1,intra_paper
3713,3724,FIG_00003714,FIG_00003725,2605.28042v1,2605.28042v1,AI,AI,0.8957214951515198,9,intra_paper
3713,3716,FIG_00003714,FIG_00003717,2605.28042v1,2605.28042v1,AI,AI,0.8934586048126221,12,intra_paper
3714,3716,FIG_00003715,FIG_00003717,2605.28042v1,2605.28042v1,AI,AI,0.8996745347976685,3,intra_paper
3714,3715,FIG_00003715,FIG_00003716,2605.28042v1,2605.28042v1,AI,AI,0.8990991115570068,4,intra_paper
3714,3719,FIG_00003715,FIG_00003720,2605.28042v1,2605.28042v1,AI,AI,0.8968454003334045,6,intra_paper
3714,3718,FIG_00003715,FIG_00003719,2605.28042v1,2605.28042v1,AI,AI,0.8968069553375244,7,intra_paper
3714,3723,FIG_00003715,FIG_00003724,2605.28042v1,2605.28042v1,AI,AI,0.8939007520675659,10,intra_paper
3717,3721,FIG_00003718,FIG_00003722,2605.28042v1,2605.28042v1,AI,AI,0.8527917861938477,1,intra_paper
3717,3724,FIG_00003718,FIG_00003725,2605.28042v1,2605.28042v1,AI,AI,0.8454322814941406,2,intra_paper
3717,3723,FIG_00003718,FIG_00003724,2605.28042v1,2605.28042v1,AI,AI,0.8306702971458435,5,intra_paper
3717,3719,FIG_00003718,FIG_00003720,2605.28042v1,2605.28042v1,AI,AI,0.8110896348953247,10,intra_paper
3718,3720,FIG_00003719,FIG_00003721,2605.28042v1,2605.28042v1,AI,AI,0.8775205612182617,7,intra_paper
3720,3723,FIG_00003721,FIG_00003724,2605.28042v1,2605.28042v1,AI,AI,0.8929762244224548,1,intra_paper
3720,3722,FIG_00003721,FIG_00003723,2605.28042v1,2605.28042v1,AI,AI,0.8794410228729248,13,intra_paper
3786,3787,FIG_00003787,FIG_00003788,2605.28009v1,2605.28009v1,AI,AI,0.8867305517196655,3,intra_paper
3814,3815,FIG_00003815,FIG_00003816,2605.28007v1,2605.28007v1,AI,AI,0.8278365135192871,19,intra_paper
3842,3845,FIG_00003843,FIG_00003846,2605.27997v1,2605.27997v1,AI,AI,0.8004496097564697,16,intra_paper
3855,3856,FIG_00003856,FIG_00003857,2605.27996v1,2605.27996v1,AI,AI,0.8660932779312134,2,intra_paper
3867,3870,FIG_00003868,FIG_00003871,2605.27995v2,2605.27995v2,AI,AI,0.8068414330482483,1,intra_paper
3867,3868,FIG_00003868,FIG_00003869,2605.27995v2,2605.27995v2,AI,AI,0.778717041015625,2,intra_paper
3868,3870,FIG_00003869,FIG_00003871,2605.27995v2,2605.27995v2,AI,AI,0.7939409017562866,4,intra_paper
3887,3888,FIG_00003888,FIG_00003889,2605.27984v1,2605.27984v1,AI,AI,0.8949029445648193,2,intra_paper
3903,3906,FIG_00003904,FIG_00003907,2605.27970v1,2605.27970v1,AI,AI,0.8795051574707031,3,intra_paper
3903,3914,FIG_00003904,FIG_00003915,2605.27970v1,2605.27970v1,AI,AI,0.8446496725082397,4,intra_paper
3903,3916,FIG_00003904,FIG_00003917,2605.27970v1,2605.27970v1,AI,AI,0.7795847058296204,20,intra_paper
3904,3914,FIG_00003905,FIG_00003915,2605.27970v1,2605.27970v1,AI,AI,0.8134783506393433,7,intra_paper
3905,3913,FIG_00003906,FIG_00003914,2605.27970v1,2605.27970v1,AI,AI,0.8097544312477112,6,intra_paper
3907,3913,FIG_00003908,FIG_00003914,2605.27970v1,2605.27970v1,AI,AI,0.8988821506500244,5,intra_paper
3907,3915,FIG_00003908,FIG_00003916,2605.27970v1,2605.27970v1,AI,AI,0.8525792360305786,7,intra_paper
3907,3917,FIG_00003908,FIG_00003918,2605.27970v1,2605.27970v1,AI,AI,0.8037344217300415,18,intra_paper
3914,3916,FIG_00003915,FIG_00003917,2605.27970v1,2605.27970v1,AI,AI,0.869329571723938,3,intra_paper
3938,3939,FIG_00003939,FIG_00003940,2605.27965v1,2605.27965v1,AI,AI,0.88758784532547,5,intra_paper
4056,4058,FIG_00004057,FIG_00004059,2605.27904v1,2605.27904v1,AI,AI,0.8568887710571289,1,intra_paper
4058,4065,FIG_00004059,FIG_00004066,2605.27904v1,2605.27904v1,AI,AI,0.8713970184326172,1,intra_paper
4084,4087,FIG_00004085,FIG_00004088,2605.27901v1,2605.27901v1,AI,AI,0.834274411201477,16,intra_paper
4109,4116,FIG_00004110,FIG_00004117,2605.27898v1,2605.27898v1,AI,AI,0.8987858295440674,16,intra_paper
4109,4111,FIG_00004110,FIG_00004112,2605.27898v1,2605.27898v1,AI,AI,0.8987565636634827,17,intra_paper
4109,4115,FIG_00004110,FIG_00004116,2605.27898v1,2605.27898v1,AI,AI,0.8969497680664062,18,intra_paper
4125,4129,FIG_00004126,FIG_00004130,2605.27898v1,2605.27898v1,AI,AI,0.8925120234489441,1,intra_paper
4125,4128,FIG_00004126,FIG_00004129,2605.27898v1,2605.27898v1,AI,AI,0.8729315400123596,7,intra_paper
4125,4126,FIG_00004126,FIG_00004127,2605.27898v1,2605.27898v1,AI,AI,0.8670895099639893,10,intra_paper
4167,4168,FIG_00004168,FIG_00004169,2605.27879v1,2605.27879v1,AI,AI,0.8631431460380554,8,intra_paper
4169,4176,FIG_00004170,FIG_00004177,2605.27879v1,2605.27879v1,AI,AI,0.8496834635734558,1,intra_paper
4169,4171,FIG_00004170,FIG_00004172,2605.27879v1,2605.27879v1,AI,AI,0.8330702185630798,2,intra_paper
4170,4171,FIG_00004171,FIG_00004172,2605.27879v1,2605.27879v1,AI,AI,0.870723307132721,4,intra_paper
4171,4175,FIG_00004172,FIG_00004176,2605.27879v1,2605.27879v1,AI,AI,0.8972713947296143,1,intra_paper
4178,4181,FIG_00004179,FIG_00004182,2605.27877v1,2605.27877v1,AI,AI,0.7904292345046997,8,intra_paper
4186,4187,FIG_00004187,FIG_00004188,2605.27864v2,2605.27864v2,AI,AI,0.8916199207305908,4,intra_paper
4186,4188,FIG_00004187,FIG_00004189,2605.27864v2,2605.27864v2,AI,AI,0.872077226638794,14,intra_paper
4188,4191,FIG_00004189,FIG_00004192,2605.27864v2,2605.27864v2,AI,AI,0.8726201057434082,8,intra_paper
4221,4231,FIG_00004222,FIG_00004232,2605.27853v1,2605.27853v1,AI,AI,0.8064224123954773,1,intra_paper
4221,4230,FIG_00004222,FIG_00004231,2605.27853v1,2605.27853v1,AI,AI,0.7907273173332214,4,intra_paper
4224,4229,FIG_00004225,FIG_00004230,2605.27853v1,2605.27853v1,AI,AI,0.8572114706039429,1,intra_paper
4262,4272,FIG_00004263,FIG_00004273,2605.27824v1,2605.27824v1,AI,AI,0.8157937526702881,12,intra_paper
4281,4285,FIG_00004282,FIG_00004286,2605.27820v1,2605.27820v1,AI,AI,0.884735107421875,1,intra_paper
4303,4304,FIG_00004304,FIG_00004305,2605.27813v1,2605.27813v1,AI,AI,0.8928739428520203,1,intra_paper
4361,4389,FIG_00004362,FIG_00004390,2605.27767v1,2605.27767v1,AI,AI,0.8330662846565247,8,intra_paper
4362,4389,FIG_00004363,FIG_00004390,2605.27767v1,2605.27767v1,AI,AI,0.8361692428588867,5,intra_paper
4389,4397,FIG_00004390,FIG_00004398,2605.27767v1,2605.27767v1,AI,AI,0.8933031558990479,2,intra_paper
4389,4390,FIG_00004390,FIG_00004391,2605.27767v1,2605.27767v1,AI,AI,0.8720089793205261,4,intra_paper
4389,4391,FIG_00004390,FIG_00004392,2605.27767v1,2605.27767v1,AI,AI,0.8583416938781738,5,intra_paper
4389,4395,FIG_00004390,FIG_00004396,2605.27767v1,2605.27767v1,AI,AI,0.8453927040100098,7,intra_paper
4389,4401,FIG_00004390,FIG_00004402,2605.27767v1,2605.27767v1,AI,AI,0.839292049407959,8,intra_paper
4389,4399,FIG_00004390,FIG_00004400,2605.27767v1,2605.27767v1,AI,AI,0.8280242681503296,13,intra_paper
4389,4402,FIG_00004390,FIG_00004403,2605.27767v1,2605.27767v1,AI,AI,0.8258950710296631,15,intra_paper
4390,4397,FIG_00004391,FIG_00004398,2605.27767v1,2605.27767v1,AI,AI,0.8920636773109436,7,intra_paper
4390,4395,FIG_00004391,FIG_00004396,2605.27767v1,2605.27767v1,AI,AI,0.8898961544036865,9,intra_paper
4390,4392,FIG_00004391,FIG_00004393,2605.27767v1,2605.27767v1,AI,AI,0.8850479125976562,12,intra_paper
4391,4397,FIG_00004392,FIG_00004398,2605.27767v1,2605.27767v1,AI,AI,0.8891901969909668,1,intra_paper
4391,4395,FIG_00004392,FIG_00004396,2605.27767v1,2605.27767v1,AI,AI,0.8414769172668457,9,intra_paper
4392,4397,FIG_00004393,FIG_00004398,2605.27767v1,2605.27767v1,AI,AI,0.8653291463851929,10,intra_paper
4395,4398,FIG_00004396,FIG_00004399,2605.27767v1,2605.27767v1,AI,AI,0.8899329900741577,3,intra_paper
4397,4398,FIG_00004398,FIG_00004399,2605.27767v1,2605.27767v1,AI,AI,0.8950031995773315,4,intra_paper
4459,4461,FIG_00004460,FIG_00004462,2605.27744v1,2605.27744v1,AI,AI,0.8830496072769165,6,intra_paper
4466,4479,FIG_00004467,FIG_00004480,2605.27739v1,2605.27739v1,AI,AI,0.8524553179740906,16,intra_paper
4476,4478,FIG_00004477,FIG_00004479,2605.27739v1,2605.27739v1,AI,AI,0.8845643401145935,2,intra_paper
4476,4477,FIG_00004477,FIG_00004478,2605.27739v1,2605.27739v1,AI,AI,0.8750513195991516,3,intra_paper
4476,4480,FIG_00004477,FIG_00004481,2605.27739v1,2605.27739v1,AI,AI,0.8553691506385803,5,intra_paper
4477,4480,FIG_00004478,FIG_00004481,2605.27739v1,2605.27739v1,AI,AI,0.8898228406906128,1,intra_paper
4477,4478,FIG_00004478,FIG_00004479,2605.27739v1,2605.27739v1,AI,AI,0.8786236047744751,2,intra_paper
4498,4504,FIG_00004499,FIG_00004505,2605.27712v1,2605.27712v1,AI,AI,0.8684351444244385,8,intra_paper
4529,4530,FIG_00004530,FIG_00004531,2605.27701v1,2605.27701v1,AI,AI,0.8444645404815674,10,intra_paper
4530,4534,FIG_00004531,FIG_00004535,2605.27701v1,2605.27701v1,AI,AI,0.8956096172332764,19,intra_paper
4539,4540,FIG_00004540,FIG_00004541,2605.27697v1,2605.27697v1,AI,AI,0.794096827507019,2,intra_paper
4543,4545,FIG_00004544,FIG_00004546,2605.27697v1,2605.27697v1,AI,AI,0.8846543431282043,1,intra_paper
4572,4576,FIG_00004573,FIG_00004577,2605.28883v1,2605.28883v1,AI,AI,0.7774440050125122,3,intra_paper
4572,4578,FIG_00004573,FIG_00004579,2605.28883v1,2605.28883v1,AI,AI,0.7569555044174194,8,intra_paper
4572,4574,FIG_00004573,FIG_00004575,2605.28883v1,2605.28883v1,AI,AI,0.7539180517196655,9,intra_paper
4586,4598,FIG_00004587,FIG_00004599,2605.28883v1,2605.28883v1,AI,AI,0.8210734128952026,2,intra_paper
4586,4597,FIG_00004587,FIG_00004598,2605.28883v1,2605.28883v1,AI,AI,0.7731669545173645,3,intra_paper
4588,4610,FIG_00004589,FIG_00004611,2605.28883v1,2605.28883v1,AI,AI,0.7687225341796875,2,intra_paper
4588,4613,FIG_00004589,FIG_00004614,2605.28883v1,2605.28883v1,AI,AI,0.7650620937347412,3,intra_paper
4589,4610,FIG_00004590,FIG_00004611,2605.28883v1,2605.28883v1,AI,AI,0.8216629028320312,1,intra_paper
4589,4613,FIG_00004590,FIG_00004614,2605.28883v1,2605.28883v1,AI,AI,0.7670848369598389,2,intra_paper
4593,4599,FIG_00004594,FIG_00004600,2605.28883v1,2605.28883v1,AI,AI,0.7752180099487305,1,intra_paper
4596,4598,FIG_00004597,FIG_00004599,2605.28883v1,2605.28883v1,AI,AI,0.8246393203735352,1,intra_paper
4596,4597,FIG_00004597,FIG_00004598,2605.28883v1,2605.28883v1,AI,AI,0.7801221013069153,2,intra_paper
4603,4604,FIG_00004604,FIG_00004605,2605.28883v1,2605.28883v1,AI,AI,0.8520501852035522,1,intra_paper
4615,4624,FIG_00004616,FIG_00004625,2605.27662v1,2605.27662v1,AI,AI,0.894640326499939,2,intra_paper
4615,4622,FIG_00004616,FIG_00004623,2605.27662v1,2605.27662v1,AI,AI,0.8454752564430237,3,intra_paper
4615,4621,FIG_00004616,FIG_00004622,2605.27662v1,2605.27662v1,AI,AI,0.8163343071937561,4,intra_paper
4615,4625,FIG_00004616,FIG_00004626,2605.27662v1,2605.27662v1,AI,AI,0.7566689848899841,6,intra_paper
4617,4618,FIG_00004618,FIG_00004619,2605.27662v1,2605.27662v1,AI,AI,0.8687485456466675,3,intra_paper
4617,4620,FIG_00004618,FIG_00004621,2605.27662v1,2605.27662v1,AI,AI,0.7808502912521362,9,intra_paper
4618,4625,FIG_00004619,FIG_00004626,2605.27662v1,2605.27662v1,AI,AI,0.7630706429481506,3,intra_paper
4619,4625,FIG_00004620,FIG_00004626,2605.27662v1,2605.27662v1,AI,AI,0.810861349105835,2,intra_paper
4619,4620,FIG_00004620,FIG_00004621,2605.27662v1,2605.27662v1,AI,AI,0.7909888029098511,4,intra_paper
4621,4623,FIG_00004622,FIG_00004624,2605.27662v1,2605.27662v1,AI,AI,0.8795318007469177,2,intra_paper
4622,4624,FIG_00004623,FIG_00004625,2605.27662v1,2605.27662v1,AI,AI,0.7634021043777466,3,intra_paper
4624,4625,FIG_00004625,FIG_00004626,2605.27662v1,2605.27662v1,AI,AI,0.7562698125839233,1,intra_paper
4664,4667,FIG_00004665,FIG_00004668,2605.27619v1,2605.27619v1,AI,AI,0.8256182670593262,9,intra_paper
4678,4684,FIG_00004679,FIG_00004685,2605.27605v1,2605.27605v1,AI,AI,0.887671709060669,3,intra_paper
4692,4694,FIG_00004693,FIG_00004695,2605.27595v1,2605.27595v1,AI,AI,0.8709691166877747,1,intra_paper
4709,4714,FIG_00004710,FIG_00004715,2605.27584v1,2605.27584v1,AI,AI,0.8838906288146973,3,intra_paper
4709,4713,FIG_00004710,FIG_00004714,2605.27584v1,2605.27584v1,AI,AI,0.8677603006362915,5,intra_paper
4728,4730,FIG_00004729,FIG_00004731,2605.27580v2,2605.27580v2,AI,AI,0.7999815344810486,13,intra_paper
4746,4747,FIG_00004747,FIG_00004748,2605.27569v1,2605.27569v1,AI,AI,0.8723637461662292,8,intra_paper
4758,4770,FIG_00004759,FIG_00004771,2605.27566v1,2605.27566v1,AI,AI,0.8785911798477173,14,intra_paper
4780,4783,FIG_00004781,FIG_00004784,2605.27564v1,2605.27564v1,AI,AI,0.8239907026290894,8,intra_paper
4788,4792,FIG_00004789,FIG_00004793,2605.27564v1,2605.27564v1,AI,AI,0.880453884601593,6,intra_paper
4831,4834,FIG_00004832,FIG_00004835,2605.27365v2,2605.27365v2,AI,AI,0.8427212238311768,4,intra_paper
4845,4848,FIG_00004846,FIG_00004849,2605.27361v1,2605.27361v1,AI,AI,0.8681806325912476,4,intra_paper
4845,4854,FIG_00004846,FIG_00004855,2605.27361v1,2605.27361v1,AI,AI,0.8605290651321411,10,intra_paper
4848,4855,FIG_00004849,FIG_00004856,2605.27361v1,2605.27361v1,AI,AI,0.8859826922416687,4,intra_paper
4849,4851,FIG_00004850,FIG_00004852,2605.27361v1,2605.27361v1,AI,AI,0.8721976280212402,2,intra_paper
4850,4852,FIG_00004851,FIG_00004853,2605.27361v1,2605.27361v1,AI,AI,0.8893967866897583,2,intra_paper
4854,4855,FIG_00004855,FIG_00004856,2605.27361v1,2605.27361v1,AI,AI,0.8841997385025024,2,intra_paper
4865,4868,FIG_00004866,FIG_00004869,2605.27360v1,2605.27360v1,AI,AI,0.8054324388504028,3,intra_paper
4898,4900,FIG_00004899,FIG_00004901,2605.27355v1,2605.27355v1,AI,AI,0.862938404083252,7,intra_paper
4899,4900,FIG_00004900,FIG_00004901,2605.27355v1,2605.27355v1,AI,AI,0.8904260396957397,4,intra_paper
4905,4906,FIG_00004906,FIG_00004907,2605.27354v1,2605.27354v1,AI,AI,0.8778194189071655,7,intra_paper
4925,4927,FIG_00004926,FIG_00004928,2605.27288v1,2605.27288v1,AI,AI,0.8858418464660645,4,intra_paper
4926,4927,FIG_00004927,FIG_00004928,2605.27288v1,2605.27288v1,AI,AI,0.8963048458099365,1,intra_paper
4929,4931,FIG_00004930,FIG_00004932,2605.27288v1,2605.27288v1,AI,AI,0.8895435333251953,1,intra_paper
4931,4932,FIG_00004932,FIG_00004933,2605.27288v1,2605.27288v1,AI,AI,0.8529123067855835,11,intra_paper
4932,4934,FIG_00004933,FIG_00004935,2605.27288v1,2605.27288v1,AI,AI,0.8188177347183228,10,intra_paper
4997,4999,FIG_00004998,FIG_00005000,2605.27255v1,2605.27255v1,AI,AI,0.8357651233673096,3,intra_paper
5015,5016,FIG_00005016,FIG_00005017,2605.27492v1,2605.27492v1,AI,AI,0.8312631845474243,3,intra_paper
5028,5029,FIG_00005029,FIG_00005030,2605.27246v1,2605.27246v1,AI,AI,0.808997392654419,13,intra_paper
5029,5030,FIG_00005030,FIG_00005031,2605.27246v1,2605.27246v1,AI,AI,0.8828616142272949,1,intra_paper
5048,5049,FIG_00005049,FIG_00005050,2605.27205v1,2605.27205v1,AI,AI,0.7882018089294434,3,intra_paper
5061,5064,FIG_00005062,FIG_00005065,2605.27203v1,2605.27203v1,AI,AI,0.8688067197799683,1,intra_paper
5061,5066,FIG_00005062,FIG_00005067,2605.27203v1,2605.27203v1,AI,AI,0.8302319049835205,2,intra_paper
5063,5066,FIG_00005064,FIG_00005067,2605.27203v1,2605.27203v1,AI,AI,0.8089287877082825,1,intra_paper
5064,5066,FIG_00005065,FIG_00005067,2605.27203v1,2605.27203v1,AI,AI,0.7879974246025085,1,intra_paper
5077,5081,FIG_00005078,FIG_00005082,2605.27178v1,2605.27178v1,AI,AI,0.7803730964660645,1,intra_paper
5077,5079,FIG_00005078,FIG_00005080,2605.27178v1,2605.27178v1,AI,AI,0.7554226517677307,2,intra_paper
5080,5082,FIG_00005081,FIG_00005083,2605.27178v1,2605.27178v1,AI,AI,0.8412116765975952,1,intra_paper
5092,5093,FIG_00005093,FIG_00005094,2605.27487v1,2605.27487v1,AI,AI,0.7666259407997131,1,intra_paper
5093,5094,FIG_00005094,FIG_00005095,2605.27487v1,2605.27487v1,AI,AI,0.8916388750076294,1,intra_paper
5093,5095,FIG_00005094,FIG_00005096,2605.27487v1,2605.27487v1,AI,AI,0.8630743622779846,2,intra_paper
5100,5105,FIG_00005101,FIG_00005106,2605.27168v1,2605.27168v1,AI,AI,0.8606022596359253,1,intra_paper
5100,5106,FIG_00005101,FIG_00005107,2605.27168v1,2605.27168v1,AI,AI,0.8249288201332092,5,intra_paper
5100,5113,FIG_00005101,FIG_00005114,2605.27168v1,2605.27168v1,AI,AI,0.8144569396972656,9,intra_paper
5100,5111,FIG_00005101,FIG_00005112,2605.27168v1,2605.27168v1,AI,AI,0.8119398355484009,10,intra_paper
5120,5122,FIG_00005121,FIG_00005123,2605.27164v1,2605.27164v1,AI,AI,0.8531695008277893,1,intra_paper
5120,5121,FIG_00005121,FIG_00005122,2605.27164v1,2605.27164v1,AI,AI,0.7866719365119934,3,intra_paper
5121,5122,FIG_00005122,FIG_00005123,2605.27164v1,2605.27164v1,AI,AI,0.7668617367744446,1,intra_paper
5123,5126,FIG_00005124,FIG_00005127,2605.27164v1,2605.27164v1,AI,AI,0.8667586445808411,6,intra_paper
5124,5126,FIG_00005125,FIG_00005127,2605.27164v1,2605.27164v1,AI,AI,0.8905767798423767,2,intra_paper
5125,5126,FIG_00005126,FIG_00005127,2605.27164v1,2605.27164v1,AI,AI,0.8880861401557922,1,intra_paper
5139,5140,FIG_00005140,FIG_00005141,2605.27156v1,2605.27156v1,AI,AI,0.8865922093391418,2,intra_paper
5139,5141,FIG_00005140,FIG_00005142,2605.27156v1,2605.27156v1,AI,AI,0.8797769546508789,3,intra_paper
5139,5144,FIG_00005140,FIG_00005145,2605.27156v1,2605.27156v1,AI,AI,0.8672893047332764,6,intra_paper
5139,5142,FIG_00005140,FIG_00005143,2605.27156v1,2605.27156v1,AI,AI,0.865388810634613,7,intra_paper
5141,5143,FIG_00005142,FIG_00005144,2605.27156v1,2605.27156v1,AI,AI,0.8661146759986877,16,intra_paper
5182,5183,FIG_00005183,FIG_00005184,2605.27134v1,2605.27134v1,AI,AI,0.8341304659843445,1,intra_paper
5184,5185,FIG_00005185,FIG_00005186,2605.27134v1,2605.27134v1,AI,AI,0.8384769558906555,1,intra_paper
5190,5193,FIG_00005191,FIG_00005194,2605.27131v1,2605.27131v1,AI,AI,0.8301551342010498,2,intra_paper
5210,5212,FIG_00005211,FIG_00005213,2605.27113v1,2605.27113v1,AI,AI,0.8784241676330566,2,intra_paper
5210,5211,FIG_00005211,FIG_00005212,2605.27113v1,2605.27113v1,AI,AI,0.8688902854919434,7,intra_paper
5245,5246,FIG_00005246,FIG_00005247,2605.27079v1,2605.27079v1,AI,AI,0.8895748257637024,3,intra_paper
5251,5255,FIG_00005252,FIG_00005256,2605.27079v1,2605.27079v1,AI,AI,0.8658658862113953,17,intra_paper
5261,5262,FIG_00005262,FIG_00005263,2605.27078v2,2605.27078v2,AI,AI,0.8258042335510254,14,intra_paper
5263,5265,FIG_00005264,FIG_00005266,2605.27078v2,2605.27078v2,AI,AI,0.8919435739517212,1,intra_paper
5283,5285,FIG_00005284,FIG_00005286,2605.27078v2,2605.27078v2,AI,AI,0.8954430818557739,3,intra_paper
5283,5289,FIG_00005284,FIG_00005290,2605.27078v2,2605.27078v2,AI,AI,0.8862893581390381,6,intra_paper
5283,5296,FIG_00005284,FIG_00005297,2605.27078v2,2605.27078v2,AI,AI,0.8794339299201965,9,intra_paper
5293,5294,FIG_00005294,FIG_00005295,2605.27078v2,2605.27078v2,AI,AI,0.852156400680542,1,intra_paper
5295,5297,FIG_00005296,FIG_00005298,2605.27078v2,2605.27078v2,AI,AI,0.8955799341201782,7,intra_paper
5301,5303,FIG_00005302,FIG_00005304,2605.27072v1,2605.27072v1,AI,AI,0.885757565498352,5,intra_paper
5301,5304,FIG_00005302,FIG_00005305,2605.27072v1,2605.27072v1,AI,AI,0.8733426332473755,10,intra_paper
5312,5313,FIG_00005313,FIG_00005314,2605.31284v1,2605.31284v1,AI,AI,0.858282208442688,1,intra_paper
5312,5314,FIG_00005313,FIG_00005315,2605.31284v1,2605.31284v1,AI,AI,0.8324429392814636,2,intra_paper
5329,5333,FIG_00005330,FIG_00005334,2605.31266v1,2605.31266v1,AI,AI,0.8448644280433655,2,intra_paper
5338,5346,FIG_00005339,FIG_00005347,2605.31261v1,2605.31261v1,AI,AI,0.8658499121665955,5,intra_paper
5352,5353,FIG_00005353,FIG_00005354,2605.31251v1,2605.31251v1,AI,AI,0.8807011842727661,1,intra_paper
5387,5388,FIG_00005388,FIG_00005389,2605.31226v1,2605.31226v1,AI,AI,0.8980227708816528,2,intra_paper
5440,5442,FIG_00005441,FIG_00005443,2605.31196v1,2605.31196v1,AI,AI,0.8688392639160156,1,intra_paper
5447,5448,FIG_00005448,FIG_00005449,2605.31173v1,2605.31173v1,AI,AI,0.8859189748764038,5,intra_paper
5450,5451,FIG_00005451,FIG_00005452,2605.31173v1,2605.31173v1,AI,AI,0.7982929348945618,2,intra_paper
5507,5510,FIG_00005508,FIG_00005511,2605.31142v1,2605.31142v1,AI,AI,0.8406411409378052,3,intra_paper
5511,5520,FIG_00005512,FIG_00005521,2605.31142v1,2605.31142v1,AI,AI,0.8391444683074951,1,intra_paper
5511,5525,FIG_00005512,FIG_00005526,2605.31142v1,2605.31142v1,AI,AI,0.8386408090591431,2,intra_paper
5511,5519,FIG_00005512,FIG_00005520,2605.31142v1,2605.31142v1,AI,AI,0.832763135433197,3,intra_paper
5511,5521,FIG_00005512,FIG_00005522,2605.31142v1,2605.31142v1,AI,AI,0.7939830422401428,5,intra_paper
5511,5517,FIG_00005512,FIG_00005518,2605.31142v1,2605.31142v1,AI,AI,0.7910647988319397,6,intra_paper
5511,5523,FIG_00005512,FIG_00005524,2605.31142v1,2605.31142v1,AI,AI,0.7892072200775146,7,intra_paper
5511,5516,FIG_00005512,FIG_00005517,2605.31142v1,2605.31142v1,AI,AI,0.7883278131484985,10,intra_paper
5511,5527,FIG_00005512,FIG_00005528,2605.31142v1,2605.31142v1,AI,AI,0.7821563482284546,13,intra_paper
5511,5524,FIG_00005512,FIG_00005525,2605.31142v1,2605.31142v1,AI,AI,0.7819913625717163,14,intra_paper
5511,5514,FIG_00005512,FIG_00005515,2605.31142v1,2605.31142v1,AI,AI,0.7761679887771606,16,intra_paper
5514,5536,FIG_00005515,FIG_00005537,2605.31142v1,2605.31142v1,AI,AI,0.8770425319671631,1,intra_paper
5514,5542,FIG_00005515,FIG_00005543,2605.31142v1,2605.31142v1,AI,AI,0.8585650324821472,5,intra_paper
5514,5534,FIG_00005515,FIG_00005535,2605.31142v1,2605.31142v1,AI,AI,0.8565559983253479,7,intra_paper
5514,5538,FIG_00005515,FIG_00005539,2605.31142v1,2605.31142v1,AI,AI,0.8547152876853943,8,intra_paper
5514,5540,FIG_00005515,FIG_00005541,2605.31142v1,2605.31142v1,AI,AI,0.8536307215690613,9,intra_paper
5514,5535,FIG_00005515,FIG_00005536,2605.31142v1,2605.31142v1,AI,AI,0.8523207902908325,10,intra_paper
5514,5539,FIG_00005515,FIG_00005540,2605.31142v1,2605.31142v1,AI,AI,0.844139814376831,16,intra_paper
5516,5525,FIG_00005517,FIG_00005526,2605.31142v1,2605.31142v1,AI,AI,0.849328875541687,5,intra_paper
5516,5538,FIG_00005517,FIG_00005539,2605.31142v1,2605.31142v1,AI,AI,0.8047624826431274,11,intra_paper
5517,5525,FIG_00005518,FIG_00005526,2605.31142v1,2605.31142v1,AI,AI,0.8656263947486877,4,intra_paper
5517,5540,FIG_00005518,FIG_00005541,2605.31142v1,2605.31142v1,AI,AI,0.8301597833633423,13,intra_paper
5517,5542,FIG_00005518,FIG_00005543,2605.31142v1,2605.31142v1,AI,AI,0.8300960659980774,14,intra_paper
5517,5538,FIG_00005518,FIG_00005539,2605.31142v1,2605.31142v1,AI,AI,0.8252459168434143,15,intra_paper
5519,5525,FIG_00005520,FIG_00005526,2605.31142v1,2605.31142v1,AI,AI,0.8626697063446045,3,intra_paper
5519,5540,FIG_00005520,FIG_00005541,2605.31142v1,2605.31142v1,AI,AI,0.8176072835922241,11,intra_paper
5519,5542,FIG_00005520,FIG_00005543,2605.31142v1,2605.31142v1,AI,AI,0.8174217939376831,12,intra_paper
5520,5525,FIG_00005521,FIG_00005526,2605.31142v1,2605.31142v1,AI,AI,0.8636314868927002,2,intra_paper
5520,5538,FIG_00005521,FIG_00005539,2605.31142v1,2605.31142v1,AI,AI,0.8028969764709473,13,intra_paper
5521,5525,FIG_00005522,FIG_00005526,2605.31142v1,2605.31142v1,AI,AI,0.8761879205703735,1,intra_paper
5521,5540,FIG_00005522,FIG_00005541,2605.31142v1,2605.31142v1,AI,AI,0.867344081401825,2,intra_paper
5521,5538,FIG_00005522,FIG_00005539,2605.31142v1,2605.31142v1,AI,AI,0.8647586107254028,3,intra_paper
5521,5542,FIG_00005522,FIG_00005543,2605.31142v1,2605.31142v1,AI,AI,0.8571990132331848,5,intra_paper
5521,5536,FIG_00005522,FIG_00005537,2605.31142v1,2605.31142v1,AI,AI,0.8554201126098633,8,intra_paper
5521,5534,FIG_00005522,FIG_00005535,2605.31142v1,2605.31142v1,AI,AI,0.8435675501823425,10,intra_paper
5523,5536,FIG_00005524,FIG_00005537,2605.31142v1,2605.31142v1,AI,AI,0.8914896845817566,10,intra_paper
5523,5540,FIG_00005524,FIG_00005541,2605.31142v1,2605.31142v1,AI,AI,0.8701993823051453,13,intra_paper
5523,5538,FIG_00005524,FIG_00005539,2605.31142v1,2605.31142v1,AI,AI,0.8670022487640381,14,intra_paper
5523,5542,FIG_00005524,FIG_00005543,2605.31142v1,2605.31142v1,AI,AI,0.8597530126571655,16,intra_paper
5524,5536,FIG_00005525,FIG_00005537,2605.31142v1,2605.31142v1,AI,AI,0.8920345306396484,10,intra_paper
5524,5540,FIG_00005525,FIG_00005541,2605.31142v1,2605.31142v1,AI,AI,0.87186598777771,11,intra_paper
5524,5538,FIG_00005525,FIG_00005539,2605.31142v1,2605.31142v1,AI,AI,0.8694417476654053,12,intra_paper
5524,5542,FIG_00005525,FIG_00005543,2605.31142v1,2605.31142v1,AI,AI,0.8664540648460388,15,intra_paper
5524,5534,FIG_00005525,FIG_00005535,2605.31142v1,2605.31142v1,AI,AI,0.857328474521637,17,intra_paper
5525,5536,FIG_00005526,FIG_00005537,2605.31142v1,2605.31142v1,AI,AI,0.8954988718032837,6,intra_paper
5525,5541,FIG_00005526,FIG_00005542,2605.31142v1,2605.31142v1,AI,AI,0.8921072483062744,7,intra_paper
5525,5540,FIG_00005526,FIG_00005541,2605.31142v1,2605.31142v1,AI,AI,0.888702929019928,8,intra_paper
5525,5538,FIG_00005526,FIG_00005539,2605.31142v1,2605.31142v1,AI,AI,0.8871010541915894,9,intra_paper
5525,5543,FIG_00005526,FIG_00005544,2605.31142v1,2605.31142v1,AI,AI,0.8864361643791199,10,intra_paper
5525,5542,FIG_00005526,FIG_00005543,2605.31142v1,2605.31142v1,AI,AI,0.8817809820175171,11,intra_paper
5525,5534,FIG_00005526,FIG_00005535,2605.31142v1,2605.31142v1,AI,AI,0.8743742108345032,12,intra_paper
5526,5540,FIG_00005527,FIG_00005541,2605.31142v1,2605.31142v1,AI,AI,0.8950942158699036,8,intra_paper
5526,5542,FIG_00005527,FIG_00005543,2605.31142v1,2605.31142v1,AI,AI,0.8888969421386719,10,intra_paper
5526,5538,FIG_00005527,FIG_00005539,2605.31142v1,2605.31142v1,AI,AI,0.887556791305542,12,intra_paper
5526,5534,FIG_00005527,FIG_00005535,2605.31142v1,2605.31142v1,AI,AI,0.8856593370437622,13,intra_paper
5527,5536,FIG_00005528,FIG_00005537,2605.31142v1,2605.31142v1,AI,AI,0.8927900195121765,7,intra_paper
5527,5540,FIG_00005528,FIG_00005541,2605.31142v1,2605.31142v1,AI,AI,0.8737449049949646,9,intra_paper
5527,5538,FIG_00005528,FIG_00005539,2605.31142v1,2605.31142v1,AI,AI,0.8706148862838745,10,intra_paper
5527,5542,FIG_00005528,FIG_00005543,2605.31142v1,2605.31142v1,AI,AI,0.8680946826934814,12,intra_paper
5527,5534,FIG_00005528,FIG_00005535,2605.31142v1,2605.31142v1,AI,AI,0.8621503114700317,15,intra_paper
5528,5550,FIG_00005529,FIG_00005551,2605.31142v1,2605.31142v1,AI,AI,0.8954569101333618,17,intra_paper
5537,5540,FIG_00005538,FIG_00005541,2605.31142v1,2605.31142v1,AI,AI,0.8800267577171326,6,intra_paper
5537,5538,FIG_00005538,FIG_00005539,2605.31142v1,2605.31142v1,AI,AI,0.8753867149353027,7,intra_paper
5537,5542,FIG_00005538,FIG_00005543,2605.31142v1,2605.31142v1,AI,AI,0.874369740486145,8,intra_paper
5545,5551,FIG_00005546,FIG_00005552,2605.31142v1,2605.31142v1,AI,AI,0.8976689577102661,10,intra_paper
5546,5548,FIG_00005547,FIG_00005549,2605.31142v1,2605.31142v1,AI,AI,0.8992286920547485,3,intra_paper
5546,5549,FIG_00005547,FIG_00005550,2605.31142v1,2605.31142v1,AI,AI,0.8771746158599854,5,intra_paper
5546,5552,FIG_00005547,FIG_00005553,2605.31142v1,2605.31142v1,AI,AI,0.868973433971405,6,intra_paper
5546,5557,FIG_00005547,FIG_00005558,2605.31142v1,2605.31142v1,AI,AI,0.8399858474731445,7,intra_paper
5546,5553,FIG_00005547,FIG_00005554,2605.31142v1,2605.31142v1,AI,AI,0.8372105360031128,9,intra_paper
5550,5551,FIG_00005551,FIG_00005552,2605.31142v1,2605.31142v1,AI,AI,0.8927114009857178,3,intra_paper
5557,5558,FIG_00005558,FIG_00005559,2605.31142v1,2605.31142v1,AI,AI,0.8893337249755859,2,intra_paper
5557,5561,FIG_00005558,FIG_00005562,2605.31142v1,2605.31142v1,AI,AI,0.8743609189987183,5,intra_paper
5560,5561,FIG_00005561,FIG_00005562,2605.31142v1,2605.31142v1,AI,AI,0.8881950378417969,6,intra_paper
5563,5564,FIG_00005564,FIG_00005565,2605.31138v1,2605.31138v1,AI,AI,0.8267667889595032,5,intra_paper
5618,5624,FIG_00005619,FIG_00005625,2605.31090v1,2605.31090v1,AI,AI,0.8982409238815308,3,intra_paper
5622,5623,FIG_00005623,FIG_00005624,2605.31090v1,2605.31090v1,AI,AI,0.871505856513977,2,intra_paper
5623,5624,FIG_00005624,FIG_00005625,2605.31090v1,2605.31090v1,AI,AI,0.8369183540344238,1,intra_paper
5645,5646,FIG_00005646,FIG_00005647,2605.31061v1,2605.31061v1,AI,AI,0.8390125036239624,3,intra_paper
5648,5651,FIG_00005649,FIG_00005652,2605.31061v1,2605.31061v1,AI,AI,0.8548059463500977,3,intra_paper
5649,5650,FIG_00005650,FIG_00005651,2605.31061v1,2605.31061v1,AI,AI,0.7998546957969666,1,intra_paper
5650,5653,FIG_00005651,FIG_00005654,2605.31061v1,2605.31061v1,AI,AI,0.8122785091400146,1,intra_paper
5650,5652,FIG_00005651,FIG_00005653,2605.31061v1,2605.31061v1,AI,AI,0.8077334761619568,2,intra_paper
5652,5653,FIG_00005653,FIG_00005654,2605.31061v1,2605.31061v1,AI,AI,0.7641574144363403,1,intra_paper
5657,5662,FIG_00005658,FIG_00005663,2605.31061v1,2605.31061v1,AI,AI,0.8690255880355835,3,intra_paper
5662,5663,FIG_00005663,FIG_00005664,2605.31061v1,2605.31061v1,AI,AI,0.8699300289154053,14,intra_paper
5809,5810,FIG_00005810,FIG_00005811,2605.30873v1,2605.30873v1,AI,AI,0.8266609907150269,3,intra_paper
5812,5816,FIG_00005813,FIG_00005817,2605.30862v1,2605.30862v1,AI,AI,0.8979671597480774,1,intra_paper
5812,5815,FIG_00005813,FIG_00005816,2605.30862v1,2605.30862v1,AI,AI,0.8951940536499023,2,intra_paper
5871,5872,FIG_00005872,FIG_00005873,2605.30834v1,2605.30834v1,AI,AI,0.7993223667144775,1,intra_paper
5871,5873,FIG_00005872,FIG_00005874,2605.30834v1,2605.30834v1,AI,AI,0.7734588384628296,3,intra_paper
5871,5874,FIG_00005872,FIG_00005875,2605.30834v1,2605.30834v1,AI,AI,0.7568070888519287,4,intra_paper
5872,5873,FIG_00005873,FIG_00005874,2605.30834v1,2605.30834v1,AI,AI,0.8294212222099304,1,intra_paper
5878,5879,FIG_00005879,FIG_00005880,2605.30834v1,2605.30834v1,AI,AI,0.8653639554977417,1,intra_paper
5884,5891,FIG_00005885,FIG_00005892,2605.30833v1,2605.30833v1,AI,AI,0.8976801633834839,2,intra_paper
5884,5888,FIG_00005885,FIG_00005889,2605.30833v1,2605.30833v1,AI,AI,0.8791009187698364,5,intra_paper
5896,5898,FIG_00005897,FIG_00005899,2605.30832v1,2605.30832v1,AI,AI,0.7658376693725586,6,intra_paper
5898,5899,FIG_00005899,FIG_00005900,2605.30832v1,2605.30832v1,AI,AI,0.8763184547424316,3,intra_paper
5909,5914,FIG_00005910,FIG_00005915,2605.30825v1,2605.30825v1,AI,AI,0.7575613260269165,2,intra_paper
5911,5913,FIG_00005912,FIG_00005914,2605.30825v1,2605.30825v1,AI,AI,0.8299775123596191,10,intra_paper
5971,5973,FIG_00005972,FIG_00005974,2605.30792v1,2605.30792v1,AI,AI,0.8733307123184204,7,intra_paper
5990,5994,FIG_00005991,FIG_00005995,2605.30788v1,2605.30788v1,AI,AI,0.8705103397369385,2,intra_paper
5990,5992,FIG_00005991,FIG_00005993,2605.30788v1,2605.30788v1,AI,AI,0.8542467951774597,12,intra_paper
5990,5993,FIG_00005991,FIG_00005994,2605.30788v1,2605.30788v1,AI,AI,0.8533804416656494,14,intra_paper
6062,6075,FIG_00006063,FIG_00006076,2605.30686v1,2605.30686v1,AI,AI,0.8534812331199646,13,intra_paper
6062,6076,FIG_00006063,FIG_00006077,2605.30686v1,2605.30686v1,AI,AI,0.8526216149330139,14,intra_paper
6063,6074,FIG_00006064,FIG_00006075,2605.30686v1,2605.30686v1,AI,AI,0.8575472831726074,3,intra_paper
6073,6076,FIG_00006074,FIG_00006077,2605.30686v1,2605.30686v1,AI,AI,0.8811441659927368,4,intra_paper
6073,6075,FIG_00006074,FIG_00006076,2605.30686v1,2605.30686v1,AI,AI,0.8810364007949829,5,intra_paper
6087,6090,FIG_00006088,FIG_00006091,2605.30680v1,2605.30680v1,AI,AI,0.8075884580612183,1,intra_paper
6087,6088,FIG_00006088,FIG_00006089,2605.30680v1,2605.30680v1,AI,AI,0.8045839667320251,2,intra_paper
6110,6113,FIG_00006111,FIG_00006114,2605.30675v1,2605.30675v1,AI,AI,0.8995115160942078,4,intra_paper
6110,6116,FIG_00006111,FIG_00006117,2605.30675v1,2605.30675v1,AI,AI,0.8944767713546753,8,intra_paper
6110,6111,FIG_00006111,FIG_00006112,2605.30675v1,2605.30675v1,AI,AI,0.8911621570587158,10,intra_paper
6136,6139,FIG_00006137,FIG_00006140,2605.30654v1,2605.30654v1,AI,AI,0.8977024555206299,10,intra_paper
6190,6192,FIG_00006191,FIG_00006193,2605.30638v1,2605.30638v1,AI,AI,0.8866899013519287,4,intra_paper
6190,6194,FIG_00006191,FIG_00006195,2605.30638v1,2605.30638v1,AI,AI,0.8586496114730835,11,intra_paper
6200,6201,FIG_00006201,FIG_00006202,2605.30631v1,2605.30631v1,AI,AI,0.8506140112876892,1,intra_paper
6221,6224,FIG_00006222,FIG_00006225,2605.30621v1,2605.30621v1,AI,AI,0.8978767395019531,1,intra_paper
6226,6234,FIG_00006227,FIG_00006235,2605.30619v1,2605.30619v1,AI,AI,0.7892317771911621,11,intra_paper
6231,6234,FIG_00006232,FIG_00006235,2605.30619v1,2605.30619v1,AI,AI,0.8867968320846558,1,intra_paper
6248,6250,FIG_00006249,FIG_00006251,2605.30611v1,2605.30611v1,AI,AI,0.8439657688140869,1,intra_paper
6248,6256,FIG_00006249,FIG_00006257,2605.30611v1,2605.30611v1,AI,AI,0.811406135559082,2,intra_paper
6248,6251,FIG_00006249,FIG_00006252,2605.30611v1,2605.30611v1,AI,AI,0.8098486661911011,3,intra_paper
6248,6261,FIG_00006249,FIG_00006262,2605.30611v1,2605.30611v1,AI,AI,0.7850143909454346,5,intra_paper
6250,6256,FIG_00006251,FIG_00006257,2605.30611v1,2605.30611v1,AI,AI,0.824924111366272,1,intra_paper
6251,6256,FIG_00006252,FIG_00006257,2605.30611v1,2605.30611v1,AI,AI,0.8032416105270386,2,intra_paper
6251,6261,FIG_00006252,FIG_00006262,2605.30611v1,2605.30611v1,AI,AI,0.7843387126922607,7,intra_paper
6255,6261,FIG_00006256,FIG_00006262,2605.30611v1,2605.30611v1,AI,AI,0.8426647782325745,5,intra_paper
6255,6256,FIG_00006256,FIG_00006257,2605.30611v1,2605.30611v1,AI,AI,0.8217871189117432,11,intra_paper
6256,6261,FIG_00006257,FIG_00006262,2605.30611v1,2605.30611v1,AI,AI,0.8559644222259521,3,intra_paper
6258,6259,FIG_00006259,FIG_00006260,2605.30611v1,2605.30611v1,AI,AI,0.8361822366714478,1,intra_paper
6259,6260,FIG_00006260,FIG_00006261,2605.30611v1,2605.30611v1,AI,AI,0.8271536827087402,1,intra_paper
6260,6261,FIG_00006261,FIG_00006262,2605.30611v1,2605.30611v1,AI,AI,0.8353734016418457,1,intra_paper
6262,6263,FIG_00006263,FIG_00006264,2605.30604v1,2605.30604v1,AI,AI,0.8616079092025757,3,intra_paper
6274,6278,FIG_00006275,FIG_00006279,2605.30593v1,2605.30593v1,AI,AI,0.8662558794021606,14,intra_paper
6274,6279,FIG_00006275,FIG_00006280,2605.30593v1,2605.30593v1,AI,AI,0.864336371421814,16,intra_paper
6275,6278,FIG_00006276,FIG_00006279,2605.30593v1,2605.30593v1,AI,AI,0.8853554129600525,4,intra_paper
6275,6279,FIG_00006276,FIG_00006280,2605.30593v1,2605.30593v1,AI,AI,0.8836890459060669,5,intra_paper
6276,6278,FIG_00006277,FIG_00006279,2605.30593v1,2605.30593v1,AI,AI,0.8409606218338013,3,intra_paper
6276,6279,FIG_00006277,FIG_00006280,2605.30593v1,2605.30593v1,AI,AI,0.8360378742218018,5,intra_paper
6277,6278,FIG_00006278,FIG_00006279,2605.30593v1,2605.30593v1,AI,AI,0.8533316254615784,5,intra_paper
6277,6279,FIG_00006278,FIG_00006280,2605.30593v1,2605.30593v1,AI,AI,0.8525484800338745,6,intra_paper
6363,6368,FIG_00006364,FIG_00006369,2605.30570v1,2605.30570v1,AI,AI,0.8658647537231445,1,intra_paper
6363,6369,FIG_00006364,FIG_00006370,2605.30570v1,2605.30570v1,AI,AI,0.8300252556800842,2,intra_paper
6363,6364,FIG_00006364,FIG_00006365,2605.30570v1,2605.30570v1,AI,AI,0.7888330817222595,3,intra_paper
6365,6369,FIG_00006366,FIG_00006370,2605.30570v1,2605.30570v1,AI,AI,0.8964807987213135,2,intra_paper
6368,6369,FIG_00006369,FIG_00006370,2605.30570v1,2605.30570v1,AI,AI,0.7595057487487793,1,intra_paper
6371,6376,FIG_00006372,FIG_00006377,2605.30563v1,2605.30563v1,AI,AI,0.8596468567848206,10,intra_paper
6372,6376,FIG_00006373,FIG_00006377,2605.30563v1,2605.30563v1,AI,AI,0.8494167327880859,9,intra_paper
6373,6376,FIG_00006374,FIG_00006377,2605.30563v1,2605.30563v1,AI,AI,0.8539067506790161,8,intra_paper
6374,6376,FIG_00006375,FIG_00006377,2605.30563v1,2605.30563v1,AI,AI,0.8558440804481506,7,intra_paper
6375,6376,FIG_00006376,FIG_00006377,2605.30563v1,2605.30563v1,AI,AI,0.8712471723556519,6,intra_paper
6376,6378,FIG_00006377,FIG_00006379,2605.30563v1,2605.30563v1,AI,AI,0.8650960326194763,1,intra_paper
6376,6377,FIG_00006377,FIG_00006378,2605.30563v1,2605.30563v1,AI,AI,0.8615349531173706,3,intra_paper
6376,6379,FIG_00006377,FIG_00006380,2605.30563v1,2605.30563v1,AI,AI,0.8531433939933777,4,intra_paper
6376,6382,FIG_00006377,FIG_00006383,2605.30563v1,2605.30563v1,AI,AI,0.8492363691329956,5,intra_paper
6376,6380,FIG_00006377,FIG_00006381,2605.30563v1,2605.30563v1,AI,AI,0.844830334186554,6,intra_paper
6403,6408,FIG_00006404,FIG_00006409,2605.30542v1,2605.30542v1,AI,AI,0.7625699043273926,1,intra_paper
6404,6417,FIG_00006405,FIG_00006418,2605.30542v1,2605.30542v1,AI,AI,0.8333170413970947,1,intra_paper
6410,6414,FIG_00006411,FIG_00006415,2605.30542v1,2605.30542v1,AI,AI,0.8792752027511597,4,intra_paper
6411,6415,FIG_00006412,FIG_00006416,2605.30542v1,2605.30542v1,AI,AI,0.8919500708580017,1,intra_paper
6411,6414,FIG_00006412,FIG_00006415,2605.30542v1,2605.30542v1,AI,AI,0.8713126182556152,2,intra_paper
6411,6413,FIG_00006412,FIG_00006414,2605.30542v1,2605.30542v1,AI,AI,0.8652864694595337,3,intra_paper
6412,6414,FIG_00006413,FIG_00006415,2605.30542v1,2605.30542v1,AI,AI,0.8337042331695557,1,intra_paper
6412,6415,FIG_00006413,FIG_00006416,2605.30542v1,2605.30542v1,AI,AI,0.7513476014137268,2,intra_paper
6413,6414,FIG_00006414,FIG_00006415,2605.30542v1,2605.30542v1,AI,AI,0.859412670135498,2,intra_paper
6414,6415,FIG_00006415,FIG_00006416,2605.30542v1,2605.30542v1,AI,AI,0.8893662095069885,1,intra_paper
6424,6426,FIG_00006425,FIG_00006427,2605.30512v1,2605.30512v1,AI,AI,0.8478250503540039,8,intra_paper
6425,6430,FIG_00006426,FIG_00006431,2605.30512v1,2605.30512v1,AI,AI,0.8576295375823975,3,intra_paper
6427,6429,FIG_00006428,FIG_00006430,2605.30512v1,2605.30512v1,AI,AI,0.8822339773178101,7,intra_paper
6472,6475,FIG_00006473,FIG_00006476,2605.30452v1,2605.30452v1,AI,AI,0.8721791505813599,2,intra_paper
6479,6495,FIG_00006480,FIG_00006496,2605.30447v1,2605.30447v1,AI,AI,0.8897454142570496,5,intra_paper
6479,6486,FIG_00006480,FIG_00006487,2605.30447v1,2605.30447v1,AI,AI,0.8882883787155151,7,intra_paper
6479,6492,FIG_00006480,FIG_00006493,2605.30447v1,2605.30447v1,AI,AI,0.8878030776977539,8,intra_paper
6479,6487,FIG_00006480,FIG_00006488,2605.30447v1,2605.30447v1,AI,AI,0.8873139023780823,9,intra_paper
6482,6487,FIG_00006483,FIG_00006488,2605.30447v1,2605.30447v1,AI,AI,0.8840000629425049,9,intra_paper
6482,6483,FIG_00006483,FIG_00006484,2605.30447v1,2605.30447v1,AI,AI,0.8792110085487366,13,intra_paper
6482,6488,FIG_00006483,FIG_00006489,2605.30447v1,2605.30447v1,AI,AI,0.8779078722000122,15,intra_paper
6484,6493,FIG_00006485,FIG_00006494,2605.30447v1,2605.30447v1,AI,AI,0.8896273374557495,4,intra_paper
6484,6488,FIG_00006485,FIG_00006489,2605.30447v1,2605.30447v1,AI,AI,0.8853380680084229,9,intra_paper
6484,6489,FIG_00006485,FIG_00006490,2605.30447v1,2605.30447v1,AI,AI,0.8830602169036865,13,intra_paper
6484,6494,FIG_00006485,FIG_00006495,2605.30447v1,2605.30447v1,AI,AI,0.8803300261497498,17,intra_paper
6487,6492,FIG_00006488,FIG_00006493,2605.30447v1,2605.30447v1,AI,AI,0.8857533931732178,7,intra_paper
6487,6490,FIG_00006488,FIG_00006491,2605.30447v1,2605.30447v1,AI,AI,0.8703727722167969,9,intra_paper
6490,6493,FIG_00006491,FIG_00006494,2605.30447v1,2605.30447v1,AI,AI,0.8977097272872925,1,intra_paper
6490,6494,FIG_00006491,FIG_00006495,2605.30447v1,2605.30447v1,AI,AI,0.8973299860954285,2,intra_paper
6490,6491,FIG_00006491,FIG_00006492,2605.30447v1,2605.30447v1,AI,AI,0.8750562071800232,3,intra_paper
6490,6495,FIG_00006491,FIG_00006496,2605.30447v1,2605.30447v1,AI,AI,0.8327261209487915,7,intra_paper
6491,6492,FIG_00006492,FIG_00006493,2605.30447v1,2605.30447v1,AI,AI,0.8969799280166626,7,intra_paper
6528,6531,FIG_00006529,FIG_00006532,2605.30406v1,2605.30406v1,AI,AI,0.8545042276382446,6,intra_paper
6550,6551,FIG_00006551,FIG_00006552,2605.30039v2,2605.30039v2,AI,AI,0.8756824731826782,1,intra_paper
6554,6558,FIG_00006555,FIG_00006559,2605.30039v2,2605.30039v2,AI,AI,0.8680170178413391,4,intra_paper
6554,6557,FIG_00006555,FIG_00006558,2605.30039v2,2605.30039v2,AI,AI,0.858039140701294,5,intra_paper
6556,6558,FIG_00006557,FIG_00006559,2605.30039v2,2605.30039v2,AI,AI,0.886600911617279,2,intra_paper
6556,6557,FIG_00006557,FIG_00006558,2605.30039v2,2605.30039v2,AI,AI,0.882526695728302,4,intra_paper
6557,6559,FIG_00006558,FIG_00006560,2605.30039v2,2605.30039v2,AI,AI,0.8966894149780273,2,intra_paper
6588,6591,FIG_00006589,FIG_00006592,2605.30391v1,2605.30391v1,AI,AI,0.887015700340271,6,intra_paper
6610,6615,FIG_00006611,FIG_00006616,2605.29640v2,2605.29640v2,AI,AI,0.8813599348068237,2,intra_paper
6617,6618,FIG_00006618,FIG_00006619,2605.30385v1,2605.30385v1,AI,AI,0.8457471132278442,7,intra_paper
6626,6630,FIG_00006627,FIG_00006631,2605.29268v2,2605.29268v2,AI,AI,0.8948919773101807,2,intra_paper
6668,6670,FIG_00006669,FIG_00006671,2605.28916v2,2605.28916v2,AI,AI,0.8974187970161438,5,intra_paper
6677,6678,FIG_00006678,FIG_00006679,2605.27996v2,2605.27996v2,AI,AI,0.8660932779312134,1,intra_paper
6689,6691,FIG_00006690,FIG_00006692,2605.27355v2,2605.27355v2,AI,AI,0.862938404083252,4,intra_paper
6690,6691,FIG_00006691,FIG_00006692,2605.27355v2,2605.27355v2,AI,AI,0.8904260396957397,1,intra_paper
6696,6698,FIG_00006697,FIG_00006699,2605.27255v2,2605.27255v2,AI,AI,0.8357651233673096,2,intra_paper
6717,6718,FIG_00006718,FIG_00006719,2605.30375v1,2605.30375v1,AI,AI,0.8990912437438965,1,intra_paper
6759,6770,FIG_00006760,FIG_00006771,2605.31244v1,2605.31244v1,ML,ML,0.8940752744674683,2,intra_paper
6759,6766,FIG_00006760,FIG_00006767,2605.31244v1,2605.31244v1,ML,ML,0.8834848403930664,3,intra_paper
6759,6765,FIG_00006760,FIG_00006766,2605.31244v1,2605.31244v1,ML,ML,0.8795045614242554,4,intra_paper
6759,6768,FIG_00006760,FIG_00006769,2605.31244v1,2605.31244v1,ML,ML,0.8733203411102295,5,intra_paper
6759,6762,FIG_00006760,FIG_00006763,2605.31244v1,2605.31244v1,ML,ML,0.8507697582244873,13,intra_paper
6762,6769,FIG_00006763,FIG_00006770,2605.31244v1,2605.31244v1,ML,ML,0.8821080923080444,11,intra_paper
6769,6770,FIG_00006770,FIG_00006771,2605.31244v1,2605.31244v1,ML,ML,0.8802545666694641,1,intra_paper
6775,6776,FIG_00006776,FIG_00006777,2605.31241v1,2605.31241v1,ML,ML,0.8908447623252869,4,intra_paper
6804,6805,FIG_00006805,FIG_00006806,2605.31222v1,2605.31222v1,ML,ML,0.8433084487915039,1,intra_paper
6808,6810,FIG_00006809,FIG_00006811,2605.31219v1,2605.31219v1,ML,ML,0.890132486820221,4,intra_paper
6809,6812,FIG_00006810,FIG_00006813,2605.31219v1,2605.31219v1,ML,ML,0.8941768407821655,1,intra_paper
6809,6810,FIG_00006810,FIG_00006811,2605.31219v1,2605.31219v1,ML,ML,0.8919954299926758,2,intra_paper
6833,6841,FIG_00006834,FIG_00006842,2605.31200v1,2605.31200v1,ML,ML,0.8644391298294067,12,intra_paper
6918,6920,FIG_00006919,FIG_00006921,2605.31127v1,2605.31127v1,ML,ML,0.8009316325187683,6,intra_paper
6944,6947,FIG_00006945,FIG_00006948,2605.31111v1,2605.31111v1,ML,ML,0.8478726148605347,1,intra_paper
6947,6948,FIG_00006948,FIG_00006949,2605.31111v1,2605.31111v1,ML,ML,0.7714872360229492,1,intra_paper
6948,6949,FIG_00006949,FIG_00006950,2605.31111v1,2605.31111v1,ML,ML,0.8333150148391724,2,intra_paper
6958,6959,FIG_00006959,FIG_00006960,2605.31111v1,2605.31111v1,ML,ML,0.889000654220581,4,intra_paper
6979,6990,FIG_00006980,FIG_00006991,2605.31304v1,2605.31304v1,ML,ML,0.8477590084075928,1,intra_paper
6979,6988,FIG_00006980,FIG_00006989,2605.31304v1,2605.31304v1,ML,ML,0.8259491920471191,4,intra_paper
6979,6987,FIG_00006980,FIG_00006988,2605.31304v1,2605.31304v1,ML,ML,0.8233769536018372,5,intra_paper
6979,6986,FIG_00006980,FIG_00006987,2605.31304v1,2605.31304v1,ML,ML,0.8097294569015503,12,intra_paper
6979,6985,FIG_00006980,FIG_00006986,2605.31304v1,2605.31304v1,ML,ML,0.8097294569015503,13,intra_paper
6979,6991,FIG_00006980,FIG_00006992,2605.31304v1,2605.31304v1,ML,ML,0.7941868901252747,20,intra_paper
6985,6988,FIG_00006986,FIG_00006989,2605.31304v1,2605.31304v1,ML,ML,0.8539992570877075,2,intra_paper
6985,6987,FIG_00006986,FIG_00006988,2605.31304v1,2605.31304v1,ML,ML,0.8114109039306641,16,intra_paper
6986,6988,FIG_00006987,FIG_00006989,2605.31304v1,2605.31304v1,ML,ML,0.8539992570877075,2,intra_paper
6986,6987,FIG_00006987,FIG_00006988,2605.31304v1,2605.31304v1,ML,ML,0.8114109039306641,16,intra_paper
6987,6990,FIG_00006988,FIG_00006991,2605.31304v1,2605.31304v1,ML,ML,0.8664450645446777,3,intra_paper
6987,6988,FIG_00006988,FIG_00006989,2605.31304v1,2605.31304v1,ML,ML,0.8615952730178833,5,intra_paper
6988,6990,FIG_00006989,FIG_00006991,2605.31304v1,2605.31304v1,ML,ML,0.8305447101593018,12,intra_paper
6990,6991,FIG_00006991,FIG_00006992,2605.31304v1,2605.31304v1,ML,ML,0.8718225955963135,1,intra_paper
6994,6997,FIG_00006995,FIG_00006998,2605.31296v1,2605.31296v1,ML,ML,0.833271861076355,3,intra_paper
7013,7017,FIG_00007014,FIG_00007018,2605.31063v1,2605.31063v1,ML,ML,0.860378086566925,2,intra_paper
7015,7017,FIG_00007016,FIG_00007018,2605.31063v1,2605.31063v1,ML,ML,0.8943929672241211,1,intra_paper
7029,7033,FIG_00007030,FIG_00007034,2605.31050v1,2605.31050v1,ML,ML,0.8809703588485718,13,intra_paper
7034,7035,FIG_00007035,FIG_00007036,2605.31050v1,2605.31050v1,ML,ML,0.8703572750091553,1,intra_paper
7046,7049,FIG_00007047,FIG_00007050,2605.31027v1,2605.31027v1,ML,ML,0.8417950868606567,5,intra_paper
7046,7050,FIG_00007047,FIG_00007051,2605.31027v1,2605.31027v1,ML,ML,0.8381308913230896,6,intra_paper
7047,7049,FIG_00007048,FIG_00007050,2605.31027v1,2605.31027v1,ML,ML,0.8843885660171509,2,intra_paper
7047,7050,FIG_00007048,FIG_00007051,2605.31027v1,2605.31027v1,ML,ML,0.8717341423034668,3,intra_paper
7047,7064,FIG_00007048,FIG_00007065,2605.31027v1,2605.31027v1,ML,ML,0.8203427791595459,6,intra_paper
7047,7062,FIG_00007048,FIG_00007063,2605.31027v1,2605.31027v1,ML,ML,0.8188596367835999,7,intra_paper
7048,7050,FIG_00007049,FIG_00007051,2605.31027v1,2605.31027v1,ML,ML,0.8897624611854553,2,intra_paper
7049,7052,FIG_00007050,FIG_00007053,2605.31027v1,2605.31027v1,ML,ML,0.8684965372085571,2,intra_paper
7049,7064,FIG_00007050,FIG_00007065,2605.31027v1,2605.31027v1,ML,ML,0.8497857451438904,8,intra_paper
7049,7062,FIG_00007050,FIG_00007063,2605.31027v1,2605.31027v1,ML,ML,0.8488802909851074,10,intra_paper
7050,7062,FIG_00007051,FIG_00007063,2605.31027v1,2605.31027v1,ML,ML,0.8953719139099121,2,intra_paper
7050,7051,FIG_00007051,FIG_00007052,2605.31027v1,2605.31027v1,ML,ML,0.8723188638687134,3,intra_paper
7050,7052,FIG_00007051,FIG_00007053,2605.31027v1,2605.31027v1,ML,ML,0.8546735048294067,5,intra_paper
7051,7053,FIG_00007052,FIG_00007054,2605.31027v1,2605.31027v1,ML,ML,0.8848563432693481,2,intra_paper
7051,7062,FIG_00007052,FIG_00007063,2605.31027v1,2605.31027v1,ML,ML,0.8686225414276123,3,intra_paper
7051,7064,FIG_00007052,FIG_00007065,2605.31027v1,2605.31027v1,ML,ML,0.8540975451469421,4,intra_paper
7051,7063,FIG_00007052,FIG_00007064,2605.31027v1,2605.31027v1,ML,ML,0.8293278217315674,5,intra_paper
7051,7054,FIG_00007052,FIG_00007055,2605.31027v1,2605.31027v1,ML,ML,0.7691451907157898,10,intra_paper
7052,7062,FIG_00007053,FIG_00007063,2605.31027v1,2605.31027v1,ML,ML,0.8488078713417053,1,intra_paper
7052,7064,FIG_00007053,FIG_00007065,2605.31027v1,2605.31027v1,ML,ML,0.8279569149017334,2,intra_paper
7052,7053,FIG_00007053,FIG_00007054,2605.31027v1,2605.31027v1,ML,ML,0.8170732259750366,3,intra_paper
7052,7063,FIG_00007053,FIG_00007064,2605.31027v1,2605.31027v1,ML,ML,0.7843632102012634,8,intra_paper
7053,7061,FIG_00007054,FIG_00007062,2605.31027v1,2605.31027v1,ML,ML,0.8912660479545593,2,intra_paper
7053,7062,FIG_00007054,FIG_00007063,2605.31027v1,2605.31027v1,ML,ML,0.8824850916862488,3,intra_paper
7053,7064,FIG_00007054,FIG_00007065,2605.31027v1,2605.31027v1,ML,ML,0.8272874355316162,4,intra_paper
7053,7054,FIG_00007054,FIG_00007055,2605.31027v1,2605.31027v1,ML,ML,0.8073958158493042,5,intra_paper
7053,7060,FIG_00007054,FIG_00007061,2605.31027v1,2605.31027v1,ML,ML,0.769091784954071,9,intra_paper
7054,7064,FIG_00007055,FIG_00007065,2605.31027v1,2605.31027v1,ML,ML,0.874686598777771,1,intra_paper
7054,7062,FIG_00007055,FIG_00007063,2605.31027v1,2605.31027v1,ML,ML,0.87013840675354,2,intra_paper
7054,7063,FIG_00007055,FIG_00007064,2605.31027v1,2605.31027v1,ML,ML,0.8357400894165039,4,intra_paper
7054,7061,FIG_00007055,FIG_00007062,2605.31027v1,2605.31027v1,ML,ML,0.834563136100769,5,intra_paper
7057,7059,FIG_00007058,FIG_00007060,2605.31027v1,2605.31027v1,ML,ML,0.7791739106178284,2,intra_paper
7057,7061,FIG_00007058,FIG_00007062,2605.31027v1,2605.31027v1,ML,ML,0.7733080387115479,3,intra_paper
7057,7058,FIG_00007058,FIG_00007059,2605.31027v1,2605.31027v1,ML,ML,0.7720255851745605,4,intra_paper
7057,7067,FIG_00007058,FIG_00007068,2605.31027v1,2605.31027v1,ML,ML,0.7619612812995911,5,intra_paper
7058,7060,FIG_00007059,FIG_00007061,2605.31027v1,2605.31027v1,ML,ML,0.7718274593353271,2,intra_paper
7059,7060,FIG_00007060,FIG_00007061,2605.31027v1,2605.31027v1,ML,ML,0.7657546997070312,1,intra_paper
7060,7061,FIG_00007061,FIG_00007062,2605.31027v1,2605.31027v1,ML,ML,0.7821934223175049,1,intra_paper
7060,7067,FIG_00007061,FIG_00007068,2605.31027v1,2605.31027v1,ML,ML,0.7573191523551941,3,intra_paper
7060,7063,FIG_00007061,FIG_00007064,2605.31027v1,2605.31027v1,ML,ML,0.7542425990104675,4,intra_paper
7061,7063,FIG_00007062,FIG_00007064,2605.31027v1,2605.31027v1,ML,ML,0.8923631906509399,1,intra_paper
7061,7062,FIG_00007062,FIG_00007063,2605.31027v1,2605.31027v1,ML,ML,0.8600960969924927,2,intra_paper
7061,7064,FIG_00007062,FIG_00007065,2605.31027v1,2605.31027v1,ML,ML,0.7913054823875427,3,intra_paper
7063,7064,FIG_00007064,FIG_00007065,2605.31027v1,2605.31027v1,ML,ML,0.877042293548584,1,intra_paper
7097,7098,FIG_00007098,FIG_00007099,2605.31005v1,2605.31005v1,ML,ML,0.7876724004745483,2,intra_paper
7105,7112,FIG_00007106,FIG_00007113,2605.31000v1,2605.31000v1,ML,ML,0.8924170732498169,12,intra_paper
7106,7107,FIG_00007107,FIG_00007108,2605.31000v1,2605.31000v1,ML,ML,0.8748520612716675,15,intra_paper
7109,7123,FIG_00007110,FIG_00007124,2605.31000v1,2605.31000v1,ML,ML,0.8598496317863464,13,intra_paper
7110,7123,FIG_00007111,FIG_00007124,2605.31000v1,2605.31000v1,ML,ML,0.8920103311538696,1,intra_paper
7110,7122,FIG_00007111,FIG_00007123,2605.31000v1,2605.31000v1,ML,ML,0.8869826793670654,2,intra_paper
7113,7115,FIG_00007114,FIG_00007116,2605.31000v1,2605.31000v1,ML,ML,0.8967874050140381,4,intra_paper
7117,7121,FIG_00007118,FIG_00007122,2605.31000v1,2605.31000v1,ML,ML,0.8780328631401062,1,intra_paper
7117,7118,FIG_00007118,FIG_00007119,2605.31000v1,2605.31000v1,ML,ML,0.8624742031097412,7,intra_paper
7127,7130,FIG_00007128,FIG_00007131,2605.30997v1,2605.30997v1,ML,ML,0.7615728974342346,1,intra_paper
7130,7137,FIG_00007131,FIG_00007138,2605.30997v1,2605.30997v1,ML,ML,0.8037059903144836,1,intra_paper
7136,7137,FIG_00007137,FIG_00007138,2605.30997v1,2605.30997v1,ML,ML,0.8363699913024902,4,intra_paper
7140,7141,FIG_00007141,FIG_00007142,2605.30997v1,2605.30997v1,ML,ML,0.8975768089294434,1,intra_paper
7149,7150,FIG_00007150,FIG_00007151,2605.30992v1,2605.30992v1,ML,ML,0.8477790355682373,2,intra_paper
7160,7162,FIG_00007161,FIG_00007163,2605.30991v1,2605.30991v1,ML,ML,0.8327388763427734,1,intra_paper
7161,7162,FIG_00007162,FIG_00007163,2605.30991v1,2605.30991v1,ML,ML,0.780269980430603,1,intra_paper
7181,7183,FIG_00007182,FIG_00007184,2605.30952v1,2605.30952v1,ML,ML,0.8802933096885681,3,intra_paper
7182,7183,FIG_00007183,FIG_00007184,2605.30952v1,2605.30952v1,ML,ML,0.8278531432151794,5,intra_paper
7182,7184,FIG_00007183,FIG_00007185,2605.30952v1,2605.30952v1,ML,ML,0.8116565942764282,9,intra_paper
7183,7184,FIG_00007184,FIG_00007185,2605.30952v1,2605.30952v1,ML,ML,0.8989112377166748,1,intra_paper
7187,7193,FIG_00007188,FIG_00007194,2605.30952v1,2605.30952v1,ML,ML,0.8862528800964355,6,intra_paper
7228,7232,FIG_00007229,FIG_00007233,2605.30910v1,2605.30910v1,ML,ML,0.8954849243164062,1,intra_paper
7228,7231,FIG_00007229,FIG_00007232,2605.30910v1,2605.30910v1,ML,ML,0.8640708327293396,3,intra_paper
7228,7233,FIG_00007229,FIG_00007234,2605.30910v1,2605.30910v1,ML,ML,0.8536198735237122,6,intra_paper
7229,7232,FIG_00007230,FIG_00007233,2605.30910v1,2605.30910v1,ML,ML,0.8740850687026978,1,intra_paper
7231,7232,FIG_00007232,FIG_00007233,2605.30910v1,2605.30910v1,ML,ML,0.8659493923187256,7,intra_paper
7234,7235,FIG_00007235,FIG_00007236,2605.30901v1,2605.30901v1,ML,ML,0.7871129512786865,15,intra_paper
7248,7251,FIG_00007249,FIG_00007252,2605.30896v1,2605.30896v1,ML,ML,0.8184255957603455,2,intra_paper
7284,7286,FIG_00007285,FIG_00007287,2605.30865v1,2605.30865v1,ML,ML,0.8549642562866211,12,intra_paper
7284,7285,FIG_00007285,FIG_00007286,2605.30865v1,2605.30865v1,ML,ML,0.8540931344032288,13,intra_paper
7296,7297,FIG_00007297,FIG_00007298,2605.30858v1,2605.30858v1,ML,ML,0.891708254814148,5,intra_paper
7319,7329,FIG_00007320,FIG_00007330,2605.30837v1,2605.30837v1,ML,ML,0.8145976066589355,12,intra_paper
7320,7325,FIG_00007321,FIG_00007326,2605.30837v1,2605.30837v1,ML,ML,0.8288280367851257,1,intra_paper
7321,7323,FIG_00007322,FIG_00007324,2605.30837v1,2605.30837v1,ML,ML,0.7943533062934875,4,intra_paper
7323,7325,FIG_00007324,FIG_00007326,2605.30837v1,2605.30837v1,ML,ML,0.7500162124633789,8,intra_paper
7352,7353,FIG_00007353,FIG_00007354,2605.30812v1,2605.30812v1,ML,ML,0.7679047584533691,3,intra_paper
7364,7365,FIG_00007365,FIG_00007366,2605.30810v1,2605.30810v1,ML,ML,0.8839241862297058,1,intra_paper
7373,7381,FIG_00007374,FIG_00007382,2605.30807v1,2605.30807v1,ML,ML,0.842921257019043,1,intra_paper
7410,7411,FIG_00007411,FIG_00007412,2605.30749v1,2605.30749v1,ML,ML,0.8928582072257996,6,intra_paper
7412,7414,FIG_00007413,FIG_00007415,2605.30749v1,2605.30749v1,ML,ML,0.8803627490997314,1,intra_paper
7412,7413,FIG_00007413,FIG_00007414,2605.30749v1,2605.30749v1,ML,ML,0.8542120456695557,2,intra_paper
7415,7420,FIG_00007416,FIG_00007421,2605.30749v1,2605.30749v1,ML,ML,0.8717541098594666,1,intra_paper
7415,7416,FIG_00007416,FIG_00007417,2605.30749v1,2605.30749v1,ML,ML,0.8342319130897522,4,intra_paper
7415,7419,FIG_00007416,FIG_00007420,2605.30749v1,2605.30749v1,ML,ML,0.819003701210022,12,intra_paper
7423,7430,FIG_00007424,FIG_00007431,2605.30741v1,2605.30741v1,ML,ML,0.8481552004814148,2,intra_paper
7439,7442,FIG_00007440,FIG_00007443,2605.30734v1,2605.30734v1,ML,ML,0.827141284942627,3,intra_paper
7439,7445,FIG_00007440,FIG_00007446,2605.30734v1,2605.30734v1,ML,ML,0.8215779066085815,4,intra_paper
7440,7442,FIG_00007441,FIG_00007443,2605.30734v1,2605.30734v1,ML,ML,0.8315919637680054,2,intra_paper
7440,7445,FIG_00007441,FIG_00007446,2605.30734v1,2605.30734v1,ML,ML,0.8217817544937134,3,intra_paper
7441,7443,FIG_00007442,FIG_00007444,2605.30734v1,2605.30734v1,ML,ML,0.8812636137008667,1,intra_paper
7441,7452,FIG_00007442,FIG_00007453,2605.30734v1,2605.30734v1,ML,ML,0.8762353658676147,2,intra_paper
7441,7453,FIG_00007442,FIG_00007454,2605.30734v1,2605.30734v1,ML,ML,0.8574988842010498,3,intra_paper
7442,7445,FIG_00007443,FIG_00007446,2605.30734v1,2605.30734v1,ML,ML,0.8926898837089539,1,intra_paper
7442,7446,FIG_00007443,FIG_00007447,2605.30734v1,2605.30734v1,ML,ML,0.8735105991363525,2,intra_paper
7445,7446,FIG_00007446,FIG_00007447,2605.30734v1,2605.30734v1,ML,ML,0.8846591711044312,1,intra_paper
7454,7456,FIG_00007455,FIG_00007457,2605.30734v1,2605.30734v1,ML,ML,0.8962142467498779,2,intra_paper
7470,7473,FIG_00007471,FIG_00007474,2605.30728v1,2605.30728v1,ML,ML,0.7876447439193726,13,intra_paper
7486,7489,FIG_00007487,FIG_00007490,2605.30713v1,2605.30713v1,ML,ML,0.8705395460128784,5,intra_paper
7486,7488,FIG_00007487,FIG_00007489,2605.30713v1,2605.30713v1,ML,ML,0.8705395460128784,6,intra_paper
7488,7491,FIG_00007489,FIG_00007492,2605.30713v1,2605.30713v1,ML,ML,0.875458836555481,12,intra_paper
7489,7491,FIG_00007490,FIG_00007492,2605.30713v1,2605.30713v1,ML,ML,0.875458836555481,12,intra_paper
7490,7491,FIG_00007491,FIG_00007492,2605.30713v1,2605.30713v1,ML,ML,0.8858111500740051,11,intra_paper
7510,7512,FIG_00007511,FIG_00007513,2605.30699v1,2605.30699v1,ML,ML,0.8647298216819763,1,intra_paper
7510,7511,FIG_00007511,FIG_00007512,2605.30699v1,2605.30699v1,ML,ML,0.8610961437225342,3,intra_paper
7511,7512,FIG_00007512,FIG_00007513,2605.30699v1,2605.30699v1,ML,ML,0.8808322548866272,1,intra_paper
7531,7533,FIG_00007532,FIG_00007534,2605.30656v1,2605.30656v1,ML,ML,0.886538028717041,1,intra_paper
7531,7536,FIG_00007532,FIG_00007537,2605.30656v1,2605.30656v1,ML,ML,0.8462461233139038,8,intra_paper
7532,7533,FIG_00007533,FIG_00007534,2605.30656v1,2605.30656v1,ML,ML,0.8684037327766418,8,intra_paper
7532,7542,FIG_00007533,FIG_00007543,2605.30656v1,2605.30656v1,ML,ML,0.8610764741897583,10,intra_paper
7540,7543,FIG_00007541,FIG_00007544,2605.30656v1,2605.30656v1,ML,ML,0.8851701021194458,8,intra_paper
7574,7579,FIG_00007575,FIG_00007580,2605.30642v1,2605.30642v1,ML,ML,0.883471667766571,3,intra_paper
7579,7583,FIG_00007580,FIG_00007584,2605.30642v1,2605.30642v1,ML,ML,0.8772713541984558,2,intra_paper
7581,7583,FIG_00007582,FIG_00007584,2605.30642v1,2605.30642v1,ML,ML,0.8825889229774475,1,intra_paper
7640,7644,FIG_00007641,FIG_00007645,2605.30603v1,2605.30603v1,ML,ML,0.8614428043365479,2,intra_paper
7644,7647,FIG_00007645,FIG_00007648,2605.30603v1,2605.30603v1,ML,ML,0.8397666215896606,1,intra_paper
7657,7663,FIG_00007658,FIG_00007664,2605.30597v1,2605.30597v1,ML,ML,0.7764214277267456,2,intra_paper
7657,7668,FIG_00007658,FIG_00007669,2605.30597v1,2605.30597v1,ML,ML,0.7664547562599182,4,intra_paper
7658,7668,FIG_00007659,FIG_00007669,2605.30597v1,2605.30597v1,ML,ML,0.7831556797027588,3,intra_paper
7659,7660,FIG_00007660,FIG_00007661,2605.30597v1,2605.30597v1,ML,ML,0.7869118452072144,3,intra_paper
7660,7663,FIG_00007661,FIG_00007664,2605.30597v1,2605.30597v1,ML,ML,0.7597883343696594,7,intra_paper
7663,7671,FIG_00007664,FIG_00007672,2605.30597v1,2605.30597v1,ML,ML,0.792813777923584,3,intra_paper
7669,7672,FIG_00007670,FIG_00007673,2605.30597v1,2605.30597v1,ML,ML,0.8199396729469299,1,intra_paper
7669,7671,FIG_00007670,FIG_00007672,2605.30597v1,2605.30597v1,ML,ML,0.8092467784881592,2,intra_paper
7670,7671,FIG_00007671,FIG_00007672,2605.30597v1,2605.30597v1,ML,ML,0.8079289793968201,1,intra_paper
7673,7674,FIG_00007674,FIG_00007675,2605.30596v1,2605.30596v1,ML,ML,0.8724414706230164,1,intra_paper
7694,7702,FIG_00007695,FIG_00007703,2605.30573v1,2605.30573v1,ML,ML,0.8906593322753906,1,intra_paper
7694,7701,FIG_00007695,FIG_00007702,2605.30573v1,2605.30573v1,ML,ML,0.8561604619026184,6,intra_paper
7701,7702,FIG_00007702,FIG_00007703,2605.30573v1,2605.30573v1,ML,ML,0.8791571259498596,1,intra_paper
7707,7708,FIG_00007708,FIG_00007709,2605.30553v1,2605.30553v1,ML,ML,0.8955601453781128,1,intra_paper
7715,7717,FIG_00007716,FIG_00007718,2605.30550v1,2605.30550v1,ML,ML,0.8853456974029541,1,intra_paper
7715,7716,FIG_00007716,FIG_00007717,2605.30550v1,2605.30550v1,ML,ML,0.8710020184516907,2,intra_paper
7720,7721,FIG_00007721,FIG_00007722,2605.30541v1,2605.30541v1,ML,ML,0.7941985130310059,1,intra_paper
7721,7723,FIG_00007722,FIG_00007724,2605.30541v1,2605.30541v1,ML,ML,0.8076013326644897,1,intra_paper
7770,7773,FIG_00007771,FIG_00007774,2605.30482v1,2605.30482v1,ML,ML,0.8879187107086182,2,intra_paper
7778,7779,FIG_00007779,FIG_00007780,2605.30479v1,2605.30479v1,ML,ML,0.7532052397727966,8,intra_paper
7783,7786,FIG_00007784,FIG_00007787,2605.30470v1,2605.30470v1,ML,ML,0.812483549118042,6,intra_paper
7815,7818,FIG_00007816,FIG_00007819,2605.30432v1,2605.30432v1,ML,ML,0.8953171968460083,3,intra_paper
7816,7818,FIG_00007817,FIG_00007819,2605.30432v1,2605.30432v1,ML,ML,0.8684699535369873,2,intra_paper
7842,7843,FIG_00007843,FIG_00007844,2605.30289v1,2605.30289v1,ML,ML,0.8779277205467224,1,intra_paper
7850,7851,FIG_00007851,FIG_00007852,2605.30277v1,2605.30277v1,ML,ML,0.8845813274383545,1,intra_paper
7852,7864,FIG_00007853,FIG_00007865,2605.30277v1,2605.30277v1,ML,ML,0.8799141645431519,2,intra_paper
7852,7870,FIG_00007853,FIG_00007871,2605.30277v1,2605.30277v1,ML,ML,0.8757686614990234,3,intra_paper
7852,7860,FIG_00007853,FIG_00007861,2605.30277v1,2605.30277v1,ML,ML,0.8594881296157837,4,intra_paper
7852,7868,FIG_00007853,FIG_00007869,2605.30277v1,2605.30277v1,ML,ML,0.8563472032546997,5,intra_paper
7852,7863,FIG_00007853,FIG_00007864,2605.30277v1,2605.30277v1,ML,ML,0.8425215482711792,6,intra_paper
7852,7865,FIG_00007853,FIG_00007866,2605.30277v1,2605.30277v1,ML,ML,0.8161888122558594,7,intra_paper
7852,7867,FIG_00007853,FIG_00007868,2605.30277v1,2605.30277v1,ML,ML,0.8098183870315552,8,intra_paper
7852,7862,FIG_00007853,FIG_00007863,2605.30277v1,2605.30277v1,ML,ML,0.8037006258964539,9,intra_paper
7852,7861,FIG_00007853,FIG_00007862,2605.30277v1,2605.30277v1,ML,ML,0.8004619479179382,10,intra_paper
7852,7871,FIG_00007853,FIG_00007872,2605.30277v1,2605.30277v1,ML,ML,0.7956300973892212,11,intra_paper
7852,7885,FIG_00007853,FIG_00007886,2605.30277v1,2605.30277v1,ML,ML,0.7867931723594666,12,intra_paper
7852,7869,FIG_00007853,FIG_00007870,2605.30277v1,2605.30277v1,ML,ML,0.7807143926620483,13,intra_paper
7852,7888,FIG_00007853,FIG_00007889,2605.30277v1,2605.30277v1,ML,ML,0.7695080041885376,14,intra_paper
7852,7886,FIG_00007853,FIG_00007887,2605.30277v1,2605.30277v1,ML,ML,0.7577857971191406,15,intra_paper
7852,7879,FIG_00007853,FIG_00007880,2605.30277v1,2605.30277v1,ML,ML,0.7569255828857422,16,intra_paper
7860,7868,FIG_00007861,FIG_00007869,2605.30277v1,2605.30277v1,ML,ML,0.8933537602424622,7,intra_paper
7860,7865,FIG_00007861,FIG_00007866,2605.30277v1,2605.30277v1,ML,ML,0.8883364200592041,8,intra_paper
7860,7867,FIG_00007861,FIG_00007868,2605.30277v1,2605.30277v1,ML,ML,0.8838747143745422,9,intra_paper
7860,7881,FIG_00007861,FIG_00007882,2605.30277v1,2605.30277v1,ML,ML,0.8332692980766296,10,intra_paper
7860,7886,FIG_00007861,FIG_00007887,2605.30277v1,2605.30277v1,ML,ML,0.8325724601745605,11,intra_paper
7860,7871,FIG_00007861,FIG_00007872,2605.30277v1,2605.30277v1,ML,ML,0.8272036910057068,12,intra_paper
7860,7880,FIG_00007861,FIG_00007881,2605.30277v1,2605.30277v1,ML,ML,0.822802722454071,13,intra_paper
7860,7887,FIG_00007861,FIG_00007888,2605.30277v1,2605.30277v1,ML,ML,0.8195900321006775,14,intra_paper
7860,7884,FIG_00007861,FIG_00007885,2605.30277v1,2605.30277v1,ML,ML,0.814810037612915,15,intra_paper
7860,7890,FIG_00007861,FIG_00007891,2605.30277v1,2605.30277v1,ML,ML,0.813555121421814,16,intra_paper
7860,7888,FIG_00007861,FIG_00007889,2605.30277v1,2605.30277v1,ML,ML,0.8095829486846924,17,intra_paper
7860,7869,FIG_00007861,FIG_00007870,2605.30277v1,2605.30277v1,ML,ML,0.8087896108627319,18,intra_paper
7860,7879,FIG_00007861,FIG_00007880,2605.30277v1,2605.30277v1,ML,ML,0.8030184507369995,19,intra_paper
7861,7871,FIG_00007862,FIG_00007872,2605.30277v1,2605.30277v1,ML,ML,0.8962242603302002,7,intra_paper
7861,7870,FIG_00007862,FIG_00007871,2605.30277v1,2605.30277v1,ML,ML,0.8949973583221436,8,intra_paper
7861,7868,FIG_00007862,FIG_00007869,2605.30277v1,2605.30277v1,ML,ML,0.8947871923446655,9,intra_paper
7861,7881,FIG_00007862,FIG_00007882,2605.30277v1,2605.30277v1,ML,ML,0.8770793676376343,10,intra_paper
7861,7880,FIG_00007862,FIG_00007881,2605.30277v1,2605.30277v1,ML,ML,0.8767579793930054,11,intra_paper
7861,7869,FIG_00007862,FIG_00007870,2605.30277v1,2605.30277v1,ML,ML,0.8765402436256409,12,intra_paper
7861,7890,FIG_00007862,FIG_00007891,2605.30277v1,2605.30277v1,ML,ML,0.8670611381530762,13,intra_paper
7861,7886,FIG_00007862,FIG_00007887,2605.30277v1,2605.30277v1,ML,ML,0.8651067018508911,14,intra_paper
7861,7887,FIG_00007862,FIG_00007888,2605.30277v1,2605.30277v1,ML,ML,0.8601872324943542,15,intra_paper
7861,7884,FIG_00007862,FIG_00007885,2605.30277v1,2605.30277v1,ML,ML,0.8590841293334961,16,intra_paper
7861,7879,FIG_00007862,FIG_00007880,2605.30277v1,2605.30277v1,ML,ML,0.8575024008750916,17,intra_paper
7861,7882,FIG_00007862,FIG_00007883,2605.30277v1,2605.30277v1,ML,ML,0.8310009241104126,18,intra_paper
7861,7888,FIG_00007862,FIG_00007889,2605.30277v1,2605.30277v1,ML,ML,0.821382462978363,19,intra_paper
7862,7866,FIG_00007863,FIG_00007867,2605.30277v1,2605.30277v1,ML,ML,0.894843339920044,4,intra_paper
7862,7865,FIG_00007863,FIG_00007866,2605.30277v1,2605.30277v1,ML,ML,0.8853025436401367,5,intra_paper
7862,7868,FIG_00007863,FIG_00007869,2605.30277v1,2605.30277v1,ML,ML,0.8668946027755737,6,intra_paper
7862,7870,FIG_00007863,FIG_00007871,2605.30277v1,2605.30277v1,ML,ML,0.866235613822937,7,intra_paper
7862,7867,FIG_00007863,FIG_00007868,2605.30277v1,2605.30277v1,ML,ML,0.8647372722625732,8,intra_paper
7862,7864,FIG_00007863,FIG_00007865,2605.30277v1,2605.30277v1,ML,ML,0.8625676035881042,9,intra_paper
7862,7880,FIG_00007863,FIG_00007881,2605.30277v1,2605.30277v1,ML,ML,0.8171737790107727,10,intra_paper
7862,7890,FIG_00007863,FIG_00007891,2605.30277v1,2605.30277v1,ML,ML,0.8100478053092957,11,intra_paper
7862,7888,FIG_00007863,FIG_00007889,2605.30277v1,2605.30277v1,ML,ML,0.8039203882217407,12,intra_paper
7862,7889,FIG_00007863,FIG_00007890,2605.30277v1,2605.30277v1,ML,ML,0.8006704449653625,13,intra_paper
7862,7881,FIG_00007863,FIG_00007882,2605.30277v1,2605.30277v1,ML,ML,0.7994292974472046,14,intra_paper
7862,7887,FIG_00007863,FIG_00007888,2605.30277v1,2605.30277v1,ML,ML,0.7975945472717285,15,intra_paper
7862,7879,FIG_00007863,FIG_00007880,2605.30277v1,2605.30277v1,ML,ML,0.793126106262207,16,intra_paper
7862,7886,FIG_00007863,FIG_00007887,2605.30277v1,2605.30277v1,ML,ML,0.7810733318328857,17,intra_paper
7863,7868,FIG_00007864,FIG_00007869,2605.30277v1,2605.30277v1,ML,ML,0.8942790627479553,6,intra_paper
7863,7881,FIG_00007864,FIG_00007882,2605.30277v1,2605.30277v1,ML,ML,0.8706927299499512,7,intra_paper
7863,7871,FIG_00007864,FIG_00007872,2605.30277v1,2605.30277v1,ML,ML,0.8665533065795898,8,intra_paper
7863,7886,FIG_00007864,FIG_00007887,2605.30277v1,2605.30277v1,ML,ML,0.856613039970398,9,intra_paper
7863,7880,FIG_00007864,FIG_00007881,2605.30277v1,2605.30277v1,ML,ML,0.8531816005706787,10,intra_paper
7863,7890,FIG_00007864,FIG_00007891,2605.30277v1,2605.30277v1,ML,ML,0.8525152206420898,11,intra_paper
7863,7884,FIG_00007864,FIG_00007885,2605.30277v1,2605.30277v1,ML,ML,0.8516068458557129,12,intra_paper
7863,7887,FIG_00007864,FIG_00007888,2605.30277v1,2605.30277v1,ML,ML,0.8465604782104492,13,intra_paper
7863,7869,FIG_00007864,FIG_00007870,2605.30277v1,2605.30277v1,ML,ML,0.8430739045143127,14,intra_paper
7863,7888,FIG_00007864,FIG_00007889,2605.30277v1,2605.30277v1,ML,ML,0.8232905268669128,15,intra_paper
7863,7879,FIG_00007864,FIG_00007880,2605.30277v1,2605.30277v1,ML,ML,0.8128236532211304,16,intra_paper
7864,7881,FIG_00007865,FIG_00007882,2605.30277v1,2605.30277v1,ML,ML,0.875754714012146,6,intra_paper
7864,7886,FIG_00007865,FIG_00007887,2605.30277v1,2605.30277v1,ML,ML,0.8690721988677979,7,intra_paper
7864,7884,FIG_00007865,FIG_00007885,2605.30277v1,2605.30277v1,ML,ML,0.8644795417785645,8,intra_paper
7864,7880,FIG_00007865,FIG_00007881,2605.30277v1,2605.30277v1,ML,ML,0.8634127378463745,9,intra_paper
7864,7887,FIG_00007865,FIG_00007888,2605.30277v1,2605.30277v1,ML,ML,0.8614515066146851,10,intra_paper
7864,7890,FIG_00007865,FIG_00007891,2605.30277v1,2605.30277v1,ML,ML,0.8526719808578491,11,intra_paper
7864,7888,FIG_00007865,FIG_00007889,2605.30277v1,2605.30277v1,ML,ML,0.8517431020736694,12,intra_paper
7864,7871,FIG_00007865,FIG_00007872,2605.30277v1,2605.30277v1,ML,ML,0.8505437970161438,13,intra_paper
7864,7885,FIG_00007865,FIG_00007886,2605.30277v1,2605.30277v1,ML,ML,0.8347963094711304,14,intra_paper
7864,7879,FIG_00007865,FIG_00007880,2605.30277v1,2605.30277v1,ML,ML,0.8345517516136169,15,intra_paper
7865,7866,FIG_00007866,FIG_00007867,2605.30277v1,2605.30277v1,ML,ML,0.8861660361289978,3,intra_paper
7865,7881,FIG_00007866,FIG_00007882,2605.30277v1,2605.30277v1,ML,ML,0.8732119798660278,4,intra_paper
7865,7869,FIG_00007866,FIG_00007870,2605.30277v1,2605.30277v1,ML,ML,0.8718000650405884,5,intra_paper
7865,7870,FIG_00007866,FIG_00007871,2605.30277v1,2605.30277v1,ML,ML,0.871597945690155,6,intra_paper
7865,7868,FIG_00007866,FIG_00007869,2605.30277v1,2605.30277v1,ML,ML,0.8663695454597473,7,intra_paper
7865,7886,FIG_00007866,FIG_00007887,2605.30277v1,2605.30277v1,ML,ML,0.8649136424064636,8,intra_paper
7865,7880,FIG_00007866,FIG_00007881,2605.30277v1,2605.30277v1,ML,ML,0.8603847026824951,9,intra_paper
7865,7884,FIG_00007866,FIG_00007885,2605.30277v1,2605.30277v1,ML,ML,0.8543762564659119,10,intra_paper
7865,7890,FIG_00007866,FIG_00007891,2605.30277v1,2605.30277v1,ML,ML,0.8541134595870972,11,intra_paper
7865,7887,FIG_00007866,FIG_00007888,2605.30277v1,2605.30277v1,ML,ML,0.8511958122253418,12,intra_paper
7865,7879,FIG_00007866,FIG_00007880,2605.30277v1,2605.30277v1,ML,ML,0.8349181413650513,13,intra_paper
7865,7888,FIG_00007866,FIG_00007889,2605.30277v1,2605.30277v1,ML,ML,0.8309464454650879,14,intra_paper
7866,7867,FIG_00007867,FIG_00007868,2605.30277v1,2605.30277v1,ML,ML,0.8803154230117798,3,intra_paper
7866,7871,FIG_00007867,FIG_00007872,2605.30277v1,2605.30277v1,ML,ML,0.8650815486907959,4,intra_paper
7866,7869,FIG_00007867,FIG_00007870,2605.30277v1,2605.30277v1,ML,ML,0.8640832304954529,5,intra_paper
7866,7880,FIG_00007867,FIG_00007881,2605.30277v1,2605.30277v1,ML,ML,0.8447103500366211,6,intra_paper
7866,7885,FIG_00007867,FIG_00007886,2605.30277v1,2605.30277v1,ML,ML,0.8446317911148071,7,intra_paper
7866,7888,FIG_00007867,FIG_00007889,2605.30277v1,2605.30277v1,ML,ML,0.832748293876648,8,intra_paper
7866,7879,FIG_00007867,FIG_00007880,2605.30277v1,2605.30277v1,ML,ML,0.8318712711334229,9,intra_paper
7866,7881,FIG_00007867,FIG_00007882,2605.30277v1,2605.30277v1,ML,ML,0.8315898180007935,10,intra_paper
7866,7886,FIG_00007867,FIG_00007887,2605.30277v1,2605.30277v1,ML,ML,0.8296435475349426,11,intra_paper
7866,7887,FIG_00007867,FIG_00007888,2605.30277v1,2605.30277v1,ML,ML,0.8279393911361694,12,intra_paper
7866,7890,FIG_00007867,FIG_00007891,2605.30277v1,2605.30277v1,ML,ML,0.8235689401626587,13,intra_paper
7867,7871,FIG_00007868,FIG_00007872,2605.30277v1,2605.30277v1,ML,ML,0.8790854811668396,1,intra_paper
7867,7881,FIG_00007868,FIG_00007882,2605.30277v1,2605.30277v1,ML,ML,0.8673314452171326,2,intra_paper
7867,7870,FIG_00007868,FIG_00007871,2605.30277v1,2605.30277v1,ML,ML,0.8641432523727417,3,intra_paper
7867,7886,FIG_00007868,FIG_00007887,2605.30277v1,2605.30277v1,ML,ML,0.8553040623664856,4,intra_paper
7867,7868,FIG_00007868,FIG_00007869,2605.30277v1,2605.30277v1,ML,ML,0.8551285266876221,5,intra_paper
7867,7869,FIG_00007868,FIG_00007870,2605.30277v1,2605.30277v1,ML,ML,0.8521143198013306,6,intra_paper
7867,7884,FIG_00007868,FIG_00007885,2605.30277v1,2605.30277v1,ML,ML,0.8399710059165955,7,intra_paper
7867,7880,FIG_00007868,FIG_00007881,2605.30277v1,2605.30277v1,ML,ML,0.8395897746086121,8,intra_paper
7867,7890,FIG_00007868,FIG_00007891,2605.30277v1,2605.30277v1,ML,ML,0.8344771862030029,9,intra_paper
7867,7887,FIG_00007868,FIG_00007888,2605.30277v1,2605.30277v1,ML,ML,0.8333747386932373,10,intra_paper
7867,7879,FIG_00007868,FIG_00007880,2605.30277v1,2605.30277v1,ML,ML,0.8091874718666077,11,intra_paper
7867,7888,FIG_00007868,FIG_00007889,2605.30277v1,2605.30277v1,ML,ML,0.8015263676643372,12,intra_paper
7868,7869,FIG_00007869,FIG_00007870,2605.30277v1,2605.30277v1,ML,ML,0.8890312910079956,2,intra_paper
7868,7880,FIG_00007869,FIG_00007881,2605.30277v1,2605.30277v1,ML,ML,0.8743666410446167,3,intra_paper
7868,7871,FIG_00007869,FIG_00007872,2605.30277v1,2605.30277v1,ML,ML,0.8743664622306824,4,intra_paper
7868,7885,FIG_00007869,FIG_00007886,2605.30277v1,2605.30277v1,ML,ML,0.8738608360290527,5,intra_paper
7868,7888,FIG_00007869,FIG_00007889,2605.30277v1,2605.30277v1,ML,ML,0.8642959594726562,6,intra_paper
7868,7879,FIG_00007869,FIG_00007880,2605.30277v1,2605.30277v1,ML,ML,0.8563085794448853,7,intra_paper
7868,7887,FIG_00007869,FIG_00007888,2605.30277v1,2605.30277v1,ML,ML,0.8559010028839111,8,intra_paper
7868,7890,FIG_00007869,FIG_00007891,2605.30277v1,2605.30277v1,ML,ML,0.8530974388122559,9,intra_paper
7868,7881,FIG_00007869,FIG_00007882,2605.30277v1,2605.30277v1,ML,ML,0.8499014377593994,10,intra_paper
7868,7883,FIG_00007869,FIG_00007884,2605.30277v1,2605.30277v1,ML,ML,0.8415743112564087,11,intra_paper
7869,7870,FIG_00007870,FIG_00007871,2605.30277v1,2605.30277v1,ML,ML,0.8757492303848267,2,intra_paper
7869,7889,FIG_00007870,FIG_00007890,2605.30277v1,2605.30277v1,ML,ML,0.8524618148803711,3,intra_paper
7869,7880,FIG_00007870,FIG_00007881,2605.30277v1,2605.30277v1,ML,ML,0.8388677835464478,4,intra_paper
7869,7890,FIG_00007870,FIG_00007891,2605.30277v1,2605.30277v1,ML,ML,0.8243680596351624,5,intra_paper
7869,7888,FIG_00007870,FIG_00007889,2605.30277v1,2605.30277v1,ML,ML,0.8199789524078369,6,intra_paper
7869,7879,FIG_00007870,FIG_00007880,2605.30277v1,2605.30277v1,ML,ML,0.8087728023529053,7,intra_paper
7869,7885,FIG_00007870,FIG_00007886,2605.30277v1,2605.30277v1,ML,ML,0.7966093420982361,8,intra_paper
7869,7881,FIG_00007870,FIG_00007882,2605.30277v1,2605.30277v1,ML,ML,0.794437050819397,9,intra_paper
7869,7887,FIG_00007870,FIG_00007888,2605.30277v1,2605.30277v1,ML,ML,0.7923383712768555,10,intra_paper
7870,7880,FIG_00007871,FIG_00007881,2605.30277v1,2605.30277v1,ML,ML,0.8783709406852722,1,intra_paper
7870,7871,FIG_00007871,FIG_00007872,2605.30277v1,2605.30277v1,ML,ML,0.8710860013961792,2,intra_paper
7870,7885,FIG_00007871,FIG_00007886,2605.30277v1,2605.30277v1,ML,ML,0.8695552349090576,3,intra_paper
7870,7888,FIG_00007871,FIG_00007889,2605.30277v1,2605.30277v1,ML,ML,0.8671059608459473,4,intra_paper
7870,7881,FIG_00007871,FIG_00007882,2605.30277v1,2605.30277v1,ML,ML,0.8607594966888428,5,intra_paper
7870,7887,FIG_00007871,FIG_00007888,2605.30277v1,2605.30277v1,ML,ML,0.8600276112556458,6,intra_paper
7870,7890,FIG_00007871,FIG_00007891,2605.30277v1,2605.30277v1,ML,ML,0.8551114201545715,7,intra_paper
7870,7879,FIG_00007871,FIG_00007880,2605.30277v1,2605.30277v1,ML,ML,0.8514236211776733,8,intra_paper
7870,7884,FIG_00007871,FIG_00007885,2605.30277v1,2605.30277v1,ML,ML,0.8478723764419556,9,intra_paper
7871,7889,FIG_00007872,FIG_00007890,2605.30277v1,2605.30277v1,ML,ML,0.8758928775787354,1,intra_paper
7871,7880,FIG_00007872,FIG_00007881,2605.30277v1,2605.30277v1,ML,ML,0.8653444051742554,2,intra_paper
7871,7890,FIG_00007872,FIG_00007891,2605.30277v1,2605.30277v1,ML,ML,0.8493075370788574,3,intra_paper
7871,7888,FIG_00007872,FIG_00007889,2605.30277v1,2605.30277v1,ML,ML,0.8460873961448669,4,intra_paper
7871,7879,FIG_00007872,FIG_00007880,2605.30277v1,2605.30277v1,ML,ML,0.8392074108123779,5,intra_paper
7871,7881,FIG_00007872,FIG_00007882,2605.30277v1,2605.30277v1,ML,ML,0.8274223804473877,6,intra_paper
7871,7887,FIG_00007872,FIG_00007888,2605.30277v1,2605.30277v1,ML,ML,0.8253580927848816,7,intra_paper
7871,7884,FIG_00007872,FIG_00007885,2605.30277v1,2605.30277v1,ML,ML,0.8135045766830444,8,intra_paper
7871,7885,FIG_00007872,FIG_00007886,2605.30277v1,2605.30277v1,ML,ML,0.80657559633255,9,intra_paper
7879,7889,FIG_00007880,FIG_00007890,2605.30277v1,2605.30277v1,ML,ML,0.8999972343444824,10,intra_paper
7879,7888,FIG_00007880,FIG_00007889,2605.30277v1,2605.30277v1,ML,ML,0.8873620629310608,11,intra_paper
7880,7883,FIG_00007881,FIG_00007884,2605.30277v1,2605.30277v1,ML,ML,0.873705267906189,10,intra_paper
7881,7888,FIG_00007882,FIG_00007889,2605.30277v1,2605.30277v1,ML,ML,0.8939554691314697,6,intra_paper
7881,7885,FIG_00007882,FIG_00007886,2605.30277v1,2605.30277v1,ML,ML,0.8848978281021118,7,intra_paper
7881,7889,FIG_00007882,FIG_00007890,2605.30277v1,2605.30277v1,ML,ML,0.8676990866661072,8,intra_paper
7881,7883,FIG_00007882,FIG_00007884,2605.30277v1,2605.30277v1,ML,ML,0.8459503054618835,9,intra_paper
7882,7888,FIG_00007883,FIG_00007889,2605.30277v1,2605.30277v1,ML,ML,0.8885359764099121,6,intra_paper
7882,7889,FIG_00007883,FIG_00007890,2605.30277v1,2605.30277v1,ML,ML,0.8688017129898071,7,intra_paper
7882,7883,FIG_00007883,FIG_00007884,2605.30277v1,2605.30277v1,ML,ML,0.8498278260231018,8,intra_paper
7883,7888,FIG_00007884,FIG_00007889,2605.30277v1,2605.30277v1,ML,ML,0.884253978729248,3,intra_paper
7883,7890,FIG_00007884,FIG_00007891,2605.30277v1,2605.30277v1,ML,ML,0.8735024929046631,4,intra_paper
7883,7887,FIG_00007884,FIG_00007888,2605.30277v1,2605.30277v1,ML,ML,0.8725607395172119,5,intra_paper
7883,7884,FIG_00007884,FIG_00007885,2605.30277v1,2605.30277v1,ML,ML,0.8625297546386719,6,intra_paper
7883,7886,FIG_00007884,FIG_00007887,2605.30277v1,2605.30277v1,ML,ML,0.8524731397628784,7,intra_paper
7884,7888,FIG_00007885,FIG_00007889,2605.30277v1,2605.30277v1,ML,ML,0.8898665308952332,4,intra_paper
7884,7885,FIG_00007885,FIG_00007886,2605.30277v1,2605.30277v1,ML,ML,0.8742110729217529,5,intra_paper
7884,7889,FIG_00007885,FIG_00007890,2605.30277v1,2605.30277v1,ML,ML,0.869228720664978,6,intra_paper
7886,7888,FIG_00007887,FIG_00007889,2605.30277v1,2605.30277v1,ML,ML,0.8890140652656555,3,intra_paper
7886,7889,FIG_00007887,FIG_00007890,2605.30277v1,2605.30277v1,ML,ML,0.8517333269119263,4,intra_paper
7887,7889,FIG_00007888,FIG_00007890,2605.30277v1,2605.30277v1,ML,ML,0.8846787214279175,3,intra_paper
7910,7938,FIG_00007911,FIG_00007939,2605.30232v1,2605.30232v1,ML,ML,0.8986911773681641,11,intra_paper
7910,7942,FIG_00007911,FIG_00007943,2605.30232v1,2605.30232v1,ML,ML,0.8971715569496155,15,intra_paper
7910,7931,FIG_00007911,FIG_00007932,2605.30232v1,2605.30232v1,ML,ML,0.8938629627227783,18,intra_paper
7915,7919,FIG_00007916,FIG_00007920,2605.30232v1,2605.30232v1,ML,ML,0.8991125822067261,6,intra_paper
7915,7918,FIG_00007916,FIG_00007919,2605.30232v1,2605.30232v1,ML,ML,0.896501898765564,7,intra_paper
7917,7938,FIG_00007918,FIG_00007939,2605.30232v1,2605.30232v1,ML,ML,0.8733431696891785,8,intra_paper
7918,7922,FIG_00007919,FIG_00007923,2605.30232v1,2605.30232v1,ML,ML,0.888790488243103,3,intra_paper
7918,7921,FIG_00007919,FIG_00007922,2605.30232v1,2605.30232v1,ML,ML,0.8877861499786377,4,intra_paper
7918,7934,FIG_00007919,FIG_00007935,2605.30232v1,2605.30232v1,ML,ML,0.8712174892425537,7,intra_paper
7918,7931,FIG_00007919,FIG_00007932,2605.30232v1,2605.30232v1,ML,ML,0.8543542623519897,9,intra_paper
7918,7942,FIG_00007919,FIG_00007943,2605.30232v1,2605.30232v1,ML,ML,0.8470834493637085,12,intra_paper
7919,7922,FIG_00007920,FIG_00007923,2605.30232v1,2605.30232v1,ML,ML,0.8936169147491455,3,intra_paper
7919,7934,FIG_00007920,FIG_00007935,2605.30232v1,2605.30232v1,ML,ML,0.8547375798225403,6,intra_paper
7919,7931,FIG_00007920,FIG_00007932,2605.30232v1,2605.30232v1,ML,ML,0.8484790921211243,8,intra_paper
7920,7921,FIG_00007921,FIG_00007922,2605.30232v1,2605.30232v1,ML,ML,0.8942028284072876,1,intra_paper
7920,7934,FIG_00007921,FIG_00007935,2605.30232v1,2605.30232v1,ML,ML,0.8829923868179321,3,intra_paper
7920,7922,FIG_00007921,FIG_00007923,2605.30232v1,2605.30232v1,ML,ML,0.8762202262878418,5,intra_paper
7920,7942,FIG_00007921,FIG_00007943,2605.30232v1,2605.30232v1,ML,ML,0.874269962310791,6,intra_paper
7921,7923,FIG_00007922,FIG_00007924,2605.30232v1,2605.30232v1,ML,ML,0.8207077980041504,1,intra_paper
7921,7922,FIG_00007922,FIG_00007923,2605.30232v1,2605.30232v1,ML,ML,0.8142716884613037,2,intra_paper
7921,7934,FIG_00007922,FIG_00007935,2605.30232v1,2605.30232v1,ML,ML,0.7825467586517334,3,intra_paper
7921,7942,FIG_00007922,FIG_00007943,2605.30232v1,2605.30232v1,ML,ML,0.7649434804916382,5,intra_paper
7922,7934,FIG_00007923,FIG_00007935,2605.30232v1,2605.30232v1,ML,ML,0.8592444062232971,4,intra_paper
7922,7931,FIG_00007923,FIG_00007932,2605.30232v1,2605.30232v1,ML,ML,0.8583049178123474,5,intra_paper
7923,7942,FIG_00007924,FIG_00007943,2605.30232v1,2605.30232v1,ML,ML,0.7987198829650879,1,intra_paper
7923,7934,FIG_00007924,FIG_00007935,2605.30232v1,2605.30232v1,ML,ML,0.7752411365509033,7,intra_paper
7924,7933,FIG_00007925,FIG_00007934,2605.30232v1,2605.30232v1,ML,ML,0.8970102071762085,3,intra_paper
7924,7925,FIG_00007925,FIG_00007926,2605.30232v1,2605.30232v1,ML,ML,0.885879635810852,5,intra_paper
7925,7926,FIG_00007926,FIG_00007927,2605.30232v1,2605.30232v1,ML,ML,0.886751115322113,3,intra_paper
7926,7933,FIG_00007927,FIG_00007934,2605.30232v1,2605.30232v1,ML,ML,0.8976535797119141,2,intra_paper
7954,7959,FIG_00007955,FIG_00007960,2605.30225v1,2605.30225v1,ML,ML,0.8216328620910645,2,intra_paper
7955,7956,FIG_00007956,FIG_00007957,2605.30225v1,2605.30225v1,ML,ML,0.899080753326416,3,intra_paper
7955,7964,FIG_00007956,FIG_00007965,2605.30225v1,2605.30225v1,ML,ML,0.8824489712715149,4,intra_paper
7955,7957,FIG_00007956,FIG_00007958,2605.30225v1,2605.30225v1,ML,ML,0.8795693516731262,5,intra_paper
7955,7963,FIG_00007956,FIG_00007964,2605.30225v1,2605.30225v1,ML,ML,0.8494680523872375,7,intra_paper
7957,7960,FIG_00007958,FIG_00007961,2605.30225v1,2605.30225v1,ML,ML,0.88371342420578,10,intra_paper
7960,7963,FIG_00007961,FIG_00007964,2605.30225v1,2605.30225v1,ML,ML,0.8824924230575562,5,intra_paper
7979,7982,FIG_00007980,FIG_00007983,2605.30213v1,2605.30213v1,ML,ML,0.8892034888267517,1,intra_paper
7979,7981,FIG_00007980,FIG_00007982,2605.30213v1,2605.30213v1,ML,ML,0.884118914604187,2,intra_paper
7979,7980,FIG_00007980,FIG_00007981,2605.30213v1,2605.30213v1,ML,ML,0.8714251518249512,3,intra_paper
7992,7994,FIG_00007993,FIG_00007995,2605.30198v1,2605.30198v1,ML,ML,0.8634856939315796,1,intra_paper
7992,7999,FIG_00007993,FIG_00008000,2605.30198v1,2605.30198v1,ML,ML,0.8624100685119629,2,intra_paper
7992,7998,FIG_00007993,FIG_00007999,2605.30198v1,2605.30198v1,ML,ML,0.8440122008323669,3,intra_paper
7992,7993,FIG_00007993,FIG_00007994,2605.30198v1,2605.30198v1,ML,ML,0.8332136869430542,4,intra_paper
7992,8002,FIG_00007993,FIG_00008003,2605.30198v1,2605.30198v1,ML,ML,0.822126030921936,5,intra_paper
7993,8002,FIG_00007994,FIG_00008003,2605.30198v1,2605.30198v1,ML,ML,0.8404372930526733,1,intra_paper
7993,7998,FIG_00007994,FIG_00007999,2605.30198v1,2605.30198v1,ML,ML,0.835456132888794,2,intra_paper
7993,7999,FIG_00007994,FIG_00008000,2605.30198v1,2605.30198v1,ML,ML,0.7998153567314148,3,intra_paper
7993,7994,FIG_00007994,FIG_00007995,2605.30198v1,2605.30198v1,ML,ML,0.7782583236694336,9,intra_paper
7994,7998,FIG_00007995,FIG_00007999,2605.30198v1,2605.30198v1,ML,ML,0.8931841850280762,4,intra_paper
7997,8001,FIG_00007998,FIG_00008002,2605.30198v1,2605.30198v1,ML,ML,0.8647675514221191,1,intra_paper
7997,8004,FIG_00007998,FIG_00008005,2605.30198v1,2605.30198v1,ML,ML,0.8124285936355591,2,intra_paper
7997,8002,FIG_00007998,FIG_00008003,2605.30198v1,2605.30198v1,ML,ML,0.8008928298950195,3,intra_paper
7997,8000,FIG_00007998,FIG_00008001,2605.30198v1,2605.30198v1,ML,ML,0.7652909755706787,4,intra_paper
7997,7999,FIG_00007998,FIG_00008000,2605.30198v1,2605.30198v1,ML,ML,0.7630553245544434,5,intra_paper
7999,8002,FIG_00008000,FIG_00008003,2605.30198v1,2605.30198v1,ML,ML,0.8354250192642212,1,intra_paper
7999,8004,FIG_00008000,FIG_00008005,2605.30198v1,2605.30198v1,ML,ML,0.7833117246627808,3,intra_paper
7999,8001,FIG_00008000,FIG_00008002,2605.30198v1,2605.30198v1,ML,ML,0.7729679346084595,5,intra_paper
8000,8001,FIG_00008001,FIG_00008002,2605.30198v1,2605.30198v1,ML,ML,0.7587629556655884,1,intra_paper
8000,8004,FIG_00008001,FIG_00008005,2605.30198v1,2605.30198v1,ML,ML,0.7559890151023865,2,intra_paper
8001,8004,FIG_00008002,FIG_00008005,2605.30198v1,2605.30198v1,ML,ML,0.8158347606658936,1,intra_paper
8001,8002,FIG_00008002,FIG_00008003,2605.30198v1,2605.30198v1,ML,ML,0.81496262550354,2,intra_paper
8002,8004,FIG_00008003,FIG_00008005,2605.30198v1,2605.30198v1,ML,ML,0.8036654591560364,1,intra_paper
8006,8009,FIG_00008007,FIG_00008010,2605.30190v1,2605.30190v1,ML,ML,0.8944566249847412,3,intra_paper
8009,8014,FIG_00008010,FIG_00008015,2605.30190v1,2605.30190v1,ML,ML,0.8785028457641602,8,intra_paper
8021,8024,FIG_00008022,FIG_00008025,2605.30184v1,2605.30184v1,ML,ML,0.8958471417427063,2,intra_paper
8032,8036,FIG_00008033,FIG_00008037,2605.30184v1,2605.30184v1,ML,ML,0.8807406425476074,1,intra_paper
8032,8038,FIG_00008033,FIG_00008039,2605.30184v1,2605.30184v1,ML,ML,0.7844082117080688,2,intra_paper
8036,8038,FIG_00008037,FIG_00008039,2605.30184v1,2605.30184v1,ML,ML,0.8289433717727661,1,intra_paper
8060,8062,FIG_00008061,FIG_00008063,2605.30170v1,2605.30170v1,ML,ML,0.7863047122955322,7,intra_paper
8061,8062,FIG_00008062,FIG_00008063,2605.30170v1,2605.30170v1,ML,ML,0.7812414169311523,10,intra_paper
8066,8070,FIG_00008067,FIG_00008071,2605.30167v1,2605.30167v1,ML,ML,0.8960167169570923,1,intra_paper
8066,8072,FIG_00008067,FIG_00008073,2605.30167v1,2605.30167v1,ML,ML,0.8699384927749634,4,intra_paper
8066,8073,FIG_00008067,FIG_00008074,2605.30167v1,2605.30167v1,ML,ML,0.8611751794815063,6,intra_paper
8066,8069,FIG_00008067,FIG_00008070,2605.30167v1,2605.30167v1,ML,ML,0.8314428329467773,10,intra_paper
8066,8071,FIG_00008067,FIG_00008072,2605.30167v1,2605.30167v1,ML,ML,0.8310157060623169,11,intra_paper
8067,8068,FIG_00008068,FIG_00008069,2605.30167v1,2605.30167v1,ML,ML,0.8221279978752136,10,intra_paper
8129,8130,FIG_00008130,FIG_00008131,2605.30399v1,2605.30399v1,ML,ML,0.8959422707557678,1,intra_paper
8129,8134,FIG_00008130,FIG_00008135,2605.30399v1,2605.30399v1,ML,ML,0.7776837348937988,2,intra_paper
8130,8134,FIG_00008131,FIG_00008135,2605.30399v1,2605.30399v1,ML,ML,0.8231294751167297,1,intra_paper
8130,8131,FIG_00008131,FIG_00008132,2605.30399v1,2605.30399v1,ML,ML,0.7639503479003906,2,intra_paper
8130,8132,FIG_00008131,FIG_00008133,2605.30399v1,2605.30399v1,ML,ML,0.7533727884292603,3,intra_paper
8131,8133,FIG_00008132,FIG_00008134,2605.30399v1,2605.30399v1,ML,ML,0.7889555096626282,2,intra_paper
8132,8133,FIG_00008133,FIG_00008134,2605.30399v1,2605.30399v1,ML,ML,0.8204319477081299,1,intra_paper
8134,8136,FIG_00008135,FIG_00008137,2605.30399v1,2605.30399v1,ML,ML,0.8015952110290527,1,intra_paper
8164,8166,FIG_00008165,FIG_00008167,2605.29983v1,2605.29983v1,ML,ML,0.7524911165237427,1,intra_paper
8189,8190,FIG_00008190,FIG_00008191,2605.29975v1,2605.29975v1,ML,ML,0.8670179843902588,1,intra_paper
8247,8248,FIG_00008248,FIG_00008249,2605.29933v1,2605.29933v1,ML,ML,0.8299474716186523,13,intra_paper
8256,8260,FIG_00008257,FIG_00008261,2605.29932v1,2605.29932v1,ML,ML,0.8193117380142212,3,intra_paper
8256,8257,FIG_00008257,FIG_00008258,2605.29932v1,2605.29932v1,ML,ML,0.8012075424194336,4,intra_paper
8277,8279,FIG_00008278,FIG_00008280,2605.29911v1,2605.29911v1,ML,ML,0.8851299285888672,2,intra_paper
8278,8279,FIG_00008279,FIG_00008280,2605.29911v1,2605.29911v1,ML,ML,0.8769907355308533,1,intra_paper
8278,8287,FIG_00008279,FIG_00008288,2605.29911v1,2605.29911v1,ML,ML,0.770248293876648,2,intra_paper
8280,8282,FIG_00008281,FIG_00008283,2605.29911v1,2605.29911v1,ML,ML,0.7679128050804138,1,intra_paper
8281,8282,FIG_00008282,FIG_00008283,2605.29911v1,2605.29911v1,ML,ML,0.7631275057792664,1,intra_paper
8283,8287,FIG_00008284,FIG_00008288,2605.29911v1,2605.29911v1,ML,ML,0.7581356763839722,1,intra_paper
8342,8343,FIG_00008343,FIG_00008344,2605.29834v1,2605.29834v1,ML,ML,0.8668016195297241,6,intra_paper
8347,8348,FIG_00008348,FIG_00008349,2605.29834v1,2605.29834v1,ML,ML,0.8381237983703613,9,intra_paper
8359,8362,FIG_00008360,FIG_00008363,2605.29809v1,2605.29809v1,ML,ML,0.8795605897903442,1,intra_paper
8410,8411,FIG_00008411,FIG_00008412,2605.29698v1,2605.29698v1,ML,ML,0.8871560096740723,1,intra_paper
8428,8429,FIG_00008429,FIG_00008430,2605.29693v1,2605.29693v1,ML,ML,0.8840657472610474,1,intra_paper
8428,8432,FIG_00008429,FIG_00008433,2605.29693v1,2605.29693v1,ML,ML,0.8611114025115967,3,intra_paper
8429,8432,FIG_00008430,FIG_00008433,2605.29693v1,2605.29693v1,ML,ML,0.899427056312561,15,intra_paper
8434,8435,FIG_00008435,FIG_00008436,2605.29688v1,2605.29688v1,ML,ML,0.8124160766601562,4,intra_paper
8445,8454,FIG_00008446,FIG_00008455,2605.29684v1,2605.29684v1,ML,ML,0.8321106433868408,2,intra_paper
8445,8453,FIG_00008446,FIG_00008454,2605.29684v1,2605.29684v1,ML,ML,0.8193386197090149,3,intra_paper
8445,8455,FIG_00008446,FIG_00008456,2605.29684v1,2605.29684v1,ML,ML,0.8132768273353577,4,intra_paper
8446,8453,FIG_00008447,FIG_00008454,2605.29684v1,2605.29684v1,ML,ML,0.7678906321525574,5,intra_paper
8451,8460,FIG_00008452,FIG_00008461,2605.29684v1,2605.29684v1,ML,ML,0.8725354075431824,1,intra_paper
8451,8459,FIG_00008452,FIG_00008460,2605.29684v1,2605.29684v1,ML,ML,0.8615514039993286,3,intra_paper
8453,8454,FIG_00008454,FIG_00008455,2605.29684v1,2605.29684v1,ML,ML,0.872322142124176,1,intra_paper
8453,8455,FIG_00008454,FIG_00008456,2605.29684v1,2605.29684v1,ML,ML,0.8414667844772339,2,intra_paper
8459,8461,FIG_00008460,FIG_00008462,2605.29684v1,2605.29684v1,ML,ML,0.8910610675811768,15,intra_paper
8465,8471,FIG_00008466,FIG_00008472,2605.29669v1,2605.29669v1,ML,ML,0.8882205486297607,9,intra_paper
8467,8469,FIG_00008468,FIG_00008470,2605.29669v1,2605.29669v1,ML,ML,0.8822565078735352,3,intra_paper
8475,8478,FIG_00008476,FIG_00008479,2605.29664v1,2605.29664v1,ML,ML,0.890461802482605,3,intra_paper
8475,8479,FIG_00008476,FIG_00008480,2605.29664v1,2605.29664v1,ML,ML,0.823951780796051,13,intra_paper
8477,8479,FIG_00008478,FIG_00008480,2605.29664v1,2605.29664v1,ML,ML,0.889191210269928,3,intra_paper
8503,8506,FIG_00008504,FIG_00008507,2605.29622v1,2605.29622v1,ML,ML,0.7725517749786377,1,intra_paper
8528,8534,FIG_00008529,FIG_00008535,2605.29580v1,2605.29580v1,ML,ML,0.8746194839477539,5,intra_paper
8530,8534,FIG_00008531,FIG_00008535,2605.29580v1,2605.29580v1,ML,ML,0.8480590581893921,1,intra_paper
8530,8536,FIG_00008531,FIG_00008537,2605.29580v1,2605.29580v1,ML,ML,0.835357666015625,2,intra_paper
8530,8533,FIG_00008531,FIG_00008534,2605.29580v1,2605.29580v1,ML,ML,0.8236180543899536,3,intra_paper
8534,8536,FIG_00008535,FIG_00008537,2605.29580v1,2605.29580v1,ML,ML,0.8746519088745117,2,intra_paper
8544,8555,FIG_00008545,FIG_00008556,2605.29548v1,2605.29548v1,ML,ML,0.8664243221282959,13,intra_paper
8551,8554,FIG_00008552,FIG_00008555,2605.29548v1,2605.29548v1,ML,ML,0.8814566731452942,1,intra_paper
8552,8555,FIG_00008553,FIG_00008556,2605.29548v1,2605.29548v1,ML,ML,0.8857150077819824,1,intra_paper
8587,8589,FIG_00008588,FIG_00008590,2605.29511v2,2605.29511v2,ML,ML,0.872862696647644,3,intra_paper
8637,8639,FIG_00008638,FIG_00008640,2605.29373v2,2605.29373v2,ML,ML,0.8357044458389282,1,intra_paper
8637,8640,FIG_00008638,FIG_00008641,2605.29373v2,2605.29373v2,ML,ML,0.7674838304519653,4,intra_paper
8639,8640,FIG_00008640,FIG_00008641,2605.29373v2,2605.29373v2,ML,ML,0.8492815494537354,1,intra_paper
8653,8655,FIG_00008654,FIG_00008656,2605.29355v1,2605.29355v1,ML,ML,0.8419592380523682,13,intra_paper
8670,8679,FIG_00008671,FIG_00008680,2605.29329v1,2605.29329v1,ML,ML,0.8613803386688232,6,intra_paper
8671,8677,FIG_00008672,FIG_00008678,2605.29329v1,2605.29329v1,ML,ML,0.8099712133407593,15,intra_paper
8672,8677,FIG_00008673,FIG_00008678,2605.29329v1,2605.29329v1,ML,ML,0.8637165427207947,1,intra_paper
8672,8679,FIG_00008673,FIG_00008680,2605.29329v1,2605.29329v1,ML,ML,0.8146966099739075,6,intra_paper
8672,8676,FIG_00008673,FIG_00008677,2605.29329v1,2605.29329v1,ML,ML,0.7867864370346069,17,intra_paper
8673,8680,FIG_00008674,FIG_00008681,2605.29329v1,2605.29329v1,ML,ML,0.8366623520851135,11,intra_paper
8673,8681,FIG_00008674,FIG_00008682,2605.29329v1,2605.29329v1,ML,ML,0.8317302465438843,13,intra_paper
8674,8680,FIG_00008675,FIG_00008681,2605.29329v1,2605.29329v1,ML,ML,0.8247057199478149,11,intra_paper
8674,8681,FIG_00008675,FIG_00008682,2605.29329v1,2605.29329v1,ML,ML,0.8212324380874634,12,intra_paper
8677,8679,FIG_00008678,FIG_00008680,2605.29329v1,2605.29329v1,ML,ML,0.8937257528305054,2,intra_paper
8678,8679,FIG_00008679,FIG_00008680,2605.29329v1,2605.29329v1,ML,ML,0.7598814964294434,6,intra_paper
8694,8700,FIG_00008695,FIG_00008701,2605.29273v1,2605.29273v1,ML,ML,0.8946676254272461,8,intra_paper
8708,8709,FIG_00008709,FIG_00008710,2605.29249v1,2605.29249v1,ML,ML,0.8866224884986877,1,intra_paper
8757,8758,FIG_00008758,FIG_00008759,2605.29190v1,2605.29190v1,ML,ML,0.8687107563018799,10,intra_paper
8803,8804,FIG_00008804,FIG_00008805,2605.29136v1,2605.29136v1,ML,ML,0.872573733329773,1,intra_paper
8826,8827,FIG_00008827,FIG_00008828,2605.29108v1,2605.29108v1,ML,ML,0.8809974789619446,1,intra_paper
8826,8828,FIG_00008827,FIG_00008829,2605.29108v1,2605.29108v1,ML,ML,0.8031640648841858,12,intra_paper
8827,8828,FIG_00008828,FIG_00008829,2605.29108v1,2605.29108v1,ML,ML,0.7969449758529663,7,intra_paper
8870,8873,FIG_00008871,FIG_00008874,2605.29058v1,2605.29058v1,ML,ML,0.8965796232223511,1,intra_paper
8870,8874,FIG_00008871,FIG_00008875,2605.29058v1,2605.29058v1,ML,ML,0.8752851486206055,2,intra_paper
8871,8873,FIG_00008872,FIG_00008874,2605.29058v1,2605.29058v1,ML,ML,0.8965796232223511,1,intra_paper
8871,8874,FIG_00008872,FIG_00008875,2605.29058v1,2605.29058v1,ML,ML,0.8752851486206055,2,intra_paper
8902,8904,FIG_00008903,FIG_00008905,2605.29016v1,2605.29016v1,ML,ML,0.8725390434265137,3,intra_paper
8933,8953,FIG_00008934,FIG_00008954,2605.28975v1,2605.28975v1,ML,ML,0.888878583908081,2,intra_paper
8942,8956,FIG_00008943,FIG_00008957,2605.28975v1,2605.28975v1,ML,ML,0.8498362898826599,9,intra_paper
8943,8956,FIG_00008944,FIG_00008957,2605.28975v1,2605.28975v1,ML,ML,0.8778693675994873,4,intra_paper
8943,8951,FIG_00008944,FIG_00008952,2605.28975v1,2605.28975v1,ML,ML,0.8709086775779724,9,intra_paper
8951,8956,FIG_00008952,FIG_00008957,2605.28975v1,2605.28975v1,ML,ML,0.8676759004592896,2,intra_paper
8958,8967,FIG_00008959,FIG_00008968,2605.28961v1,2605.28961v1,ML,ML,0.8908483982086182,6,intra_paper
9006,9009,FIG_00009007,FIG_00009010,2605.28809v1,2605.28809v1,ML,ML,0.8839541673660278,15,intra_paper
9071,9073,FIG_00009072,FIG_00009074,2605.28729v1,2605.28729v1,ML,ML,0.8869931697845459,3,intra_paper
9074,9076,FIG_00009075,FIG_00009077,2605.28729v1,2605.28729v1,ML,ML,0.8640799522399902,2,intra_paper
9094,9097,FIG_00009095,FIG_00009098,2605.28711v2,2605.28711v2,ML,ML,0.7675220370292664,1,intra_paper
9095,9097,FIG_00009096,FIG_00009098,2605.28711v2,2605.28711v2,ML,ML,0.8677752017974854,1,intra_paper
9120,9128,FIG_00009121,FIG_00009129,2605.28684v1,2605.28684v1,ML,ML,0.8541635274887085,4,intra_paper
9121,9126,FIG_00009122,FIG_00009127,2605.28684v1,2605.28684v1,ML,ML,0.8905543684959412,3,intra_paper
9121,9140,FIG_00009122,FIG_00009141,2605.28684v1,2605.28684v1,ML,ML,0.8842699527740479,9,intra_paper
9121,9128,FIG_00009122,FIG_00009129,2605.28684v1,2605.28684v1,ML,ML,0.8817917108535767,12,intra_paper
9124,9126,FIG_00009125,FIG_00009127,2605.28684v1,2605.28684v1,ML,ML,0.89727783203125,1,intra_paper
9124,9125,FIG_00009125,FIG_00009126,2605.28684v1,2605.28684v1,ML,ML,0.8503198623657227,4,intra_paper
9125,9126,FIG_00009126,FIG_00009127,2605.28684v1,2605.28684v1,ML,ML,0.8839139342308044,1,intra_paper
9132,9133,FIG_00009133,FIG_00009134,2605.28684v1,2605.28684v1,ML,ML,0.8889613151550293,2,intra_paper
9153,9154,FIG_00009154,FIG_00009155,2605.28679v1,2605.28679v1,ML,ML,0.8758731484413147,5,intra_paper
9154,9155,FIG_00009155,FIG_00009156,2605.28679v1,2605.28679v1,ML,ML,0.8585654497146606,4,intra_paper
9211,9213,FIG_00009212,FIG_00009214,2605.28626v1,2605.28626v1,ML,ML,0.8617864847183228,3,intra_paper
9211,9216,FIG_00009212,FIG_00009217,2605.28626v1,2605.28626v1,ML,ML,0.8456257581710815,12,intra_paper
9226,9240,FIG_00009227,FIG_00009241,2605.28625v1,2605.28625v1,ML,ML,0.8058961033821106,2,intra_paper
9229,9233,FIG_00009230,FIG_00009234,2605.28625v1,2605.28625v1,ML,ML,0.8879976272583008,1,intra_paper
9229,9230,FIG_00009230,FIG_00009231,2605.28625v1,2605.28625v1,ML,ML,0.8693307638168335,3,intra_paper
9238,9240,FIG_00009239,FIG_00009241,2605.28625v1,2605.28625v1,ML,ML,0.7814082503318787,3,intra_paper
9244,9266,FIG_00009245,FIG_00009267,2605.28612v1,2605.28612v1,ML,ML,0.8806731104850769,6,intra_paper
9246,9263,FIG_00009247,FIG_00009264,2605.28612v1,2605.28612v1,ML,ML,0.8991444110870361,1,intra_paper
9246,9262,FIG_00009247,FIG_00009263,2605.28612v1,2605.28612v1,ML,ML,0.8838578462600708,2,intra_paper
9246,9264,FIG_00009247,FIG_00009265,2605.28612v1,2605.28612v1,ML,ML,0.8282347917556763,3,intra_paper
9250,9266,FIG_00009251,FIG_00009267,2605.28612v1,2605.28612v1,ML,ML,0.8824508190155029,4,intra_paper
9250,9267,FIG_00009251,FIG_00009268,2605.28612v1,2605.28612v1,ML,ML,0.8687840104103088,6,intra_paper
9251,9266,FIG_00009252,FIG_00009267,2605.28612v1,2605.28612v1,ML,ML,0.867186963558197,4,intra_paper
9251,9267,FIG_00009252,FIG_00009268,2605.28612v1,2605.28612v1,ML,ML,0.8486653566360474,7,intra_paper
9253,9266,FIG_00009254,FIG_00009267,2605.28612v1,2605.28612v1,ML,ML,0.8682482242584229,2,intra_paper
9253,9267,FIG_00009254,FIG_00009268,2605.28612v1,2605.28612v1,ML,ML,0.852318286895752,7,intra_paper
9262,9263,FIG_00009263,FIG_00009264,2605.28612v1,2605.28612v1,ML,ML,0.8119714856147766,6,intra_paper
9262,9264,FIG_00009263,FIG_00009265,2605.28612v1,2605.28612v1,ML,ML,0.810364842414856,7,intra_paper
9263,9264,FIG_00009264,FIG_00009265,2605.28612v1,2605.28612v1,ML,ML,0.8317611217498779,9,intra_paper
9276,9280,FIG_00009277,FIG_00009281,2605.28596v1,2605.28596v1,ML,ML,0.7852298021316528,4,intra_paper
9284,9298,FIG_00009285,FIG_00009299,2605.28596v1,2605.28596v1,ML,ML,0.8750021457672119,1,intra_paper
9284,9291,FIG_00009285,FIG_00009292,2605.28596v1,2605.28596v1,ML,ML,0.867859959602356,2,intra_paper
9284,9288,FIG_00009285,FIG_00009289,2605.28596v1,2605.28596v1,ML,ML,0.8567602634429932,3,intra_paper
9285,9289,FIG_00009286,FIG_00009290,2605.28596v1,2605.28596v1,ML,ML,0.8393258452415466,6,intra_paper
9285,9310,FIG_00009286,FIG_00009311,2605.28596v1,2605.28596v1,ML,ML,0.8280218243598938,16,intra_paper
9286,9287,FIG_00009287,FIG_00009288,2605.28596v1,2605.28596v1,ML,ML,0.889479398727417,4,intra_paper
9286,9294,FIG_00009287,FIG_00009295,2605.28596v1,2605.28596v1,ML,ML,0.8826640248298645,12,intra_paper
9291,9298,FIG_00009292,FIG_00009299,2605.28596v1,2605.28596v1,ML,ML,0.8618136644363403,2,intra_paper
9291,9300,FIG_00009292,FIG_00009301,2605.28596v1,2605.28596v1,ML,ML,0.8509773015975952,8,intra_paper
9291,9297,FIG_00009292,FIG_00009298,2605.28596v1,2605.28596v1,ML,ML,0.8467158675193787,10,intra_paper
9295,9298,FIG_00009296,FIG_00009299,2605.28596v1,2605.28596v1,ML,ML,0.8249050974845886,1,intra_paper
9295,9297,FIG_00009296,FIG_00009298,2605.28596v1,2605.28596v1,ML,ML,0.8183724880218506,2,intra_paper
9295,9296,FIG_00009296,FIG_00009297,2605.28596v1,2605.28596v1,ML,ML,0.7846071124076843,4,intra_paper
9299,9301,FIG_00009300,FIG_00009302,2605.28596v1,2605.28596v1,ML,ML,0.8269860148429871,1,intra_paper
9300,9301,FIG_00009301,FIG_00009302,2605.28596v1,2605.28596v1,ML,ML,0.8533536195755005,4,intra_paper
9300,9304,FIG_00009301,FIG_00009305,2605.28596v1,2605.28596v1,ML,ML,0.8346184492111206,10,intra_paper
9302,9307,FIG_00009303,FIG_00009308,2605.28596v1,2605.28596v1,ML,ML,0.826069176197052,13,intra_paper
9304,9310,FIG_00009305,FIG_00009311,2605.28596v1,2605.28596v1,ML,ML,0.8305914402008057,9,intra_paper
9304,9307,FIG_00009305,FIG_00009308,2605.28596v1,2605.28596v1,ML,ML,0.8248598575592041,13,intra_paper
9307,9313,FIG_00009308,FIG_00009314,2605.28596v1,2605.28596v1,ML,ML,0.8736414313316345,1,intra_paper
9307,9315,FIG_00009308,FIG_00009316,2605.28596v1,2605.28596v1,ML,ML,0.8733486533164978,2,intra_paper
9307,9310,FIG_00009308,FIG_00009311,2605.28596v1,2605.28596v1,ML,ML,0.8549549579620361,8,intra_paper
9310,9315,FIG_00009311,FIG_00009316,2605.28596v1,2605.28596v1,ML,ML,0.8869894742965698,11,intra_paper
9350,9354,FIG_00009351,FIG_00009355,2605.28578v1,2605.28578v1,ML,ML,0.8387701511383057,12,intra_paper
9351,9355,FIG_00009352,FIG_00009356,2605.28578v1,2605.28578v1,ML,ML,0.8758544921875,2,intra_paper
9365,9374,FIG_00009366,FIG_00009375,2605.28551v2,2605.28551v2,ML,ML,0.777991771697998,14,intra_paper
9369,9370,FIG_00009370,FIG_00009371,2605.28551v2,2605.28551v2,ML,ML,0.8325581550598145,1,intra_paper
9371,9374,FIG_00009372,FIG_00009375,2605.28551v2,2605.28551v2,ML,ML,0.8544827699661255,3,intra_paper
9372,9374,FIG_00009373,FIG_00009375,2605.28551v2,2605.28551v2,ML,ML,0.8391395211219788,2,intra_paper
9373,9374,FIG_00009374,FIG_00009375,2605.28551v2,2605.28551v2,ML,ML,0.8398001194000244,1,intra_paper
9399,9405,FIG_00009400,FIG_00009406,2605.28516v1,2605.28516v1,ML,ML,0.8622009754180908,2,intra_paper
9401,9410,FIG_00009402,FIG_00009411,2605.28516v1,2605.28516v1,ML,ML,0.8655521273612976,1,intra_paper
9401,9407,FIG_00009402,FIG_00009408,2605.28516v1,2605.28516v1,ML,ML,0.8377500772476196,4,intra_paper
9405,9409,FIG_00009406,FIG_00009410,2605.28516v1,2605.28516v1,ML,ML,0.8905515670776367,1,intra_paper
9405,9407,FIG_00009406,FIG_00009408,2605.28516v1,2605.28516v1,ML,ML,0.7871981263160706,4,intra_paper
9405,9410,FIG_00009406,FIG_00009411,2605.28516v1,2605.28516v1,ML,ML,0.7622884511947632,13,intra_paper
9407,9410,FIG_00009408,FIG_00009411,2605.28516v1,2605.28516v1,ML,ML,0.8647776246070862,1,intra_paper
9408,9410,FIG_00009409,FIG_00009411,2605.28516v1,2605.28516v1,ML,ML,0.8023290038108826,1,intra_paper
9408,9409,FIG_00009409,FIG_00009410,2605.28516v1,2605.28516v1,ML,ML,0.7741840481758118,2,intra_paper
9409,9410,FIG_00009410,FIG_00009411,2605.28516v1,2605.28516v1,ML,ML,0.7813078165054321,11,intra_paper
9414,9415,FIG_00009415,FIG_00009416,2605.28507v1,2605.28507v1,ML,ML,0.8115631341934204,10,intra_paper
9427,9432,FIG_00009428,FIG_00009433,2605.28488v2,2605.28488v2,ML,ML,0.8441709876060486,2,intra_paper
9431,9433,FIG_00009432,FIG_00009434,2605.28488v2,2605.28488v2,ML,ML,0.8864625692367554,6,intra_paper
9529,9532,FIG_00009530,FIG_00009533,2605.28296v1,2605.28296v1,ML,ML,0.8745792508125305,2,intra_paper
9529,9533,FIG_00009530,FIG_00009534,2605.28296v1,2605.28296v1,ML,ML,0.8594732880592346,9,intra_paper
9530,9533,FIG_00009531,FIG_00009534,2605.28296v1,2605.28296v1,ML,ML,0.8901604413986206,3,intra_paper
9539,9542,FIG_00009540,FIG_00009543,2605.28290v1,2605.28290v1,ML,ML,0.8729188442230225,2,intra_paper
9541,9544,FIG_00009542,FIG_00009545,2605.28290v1,2605.28290v1,ML,ML,0.876395583152771,2,intra_paper
9546,9547,FIG_00009547,FIG_00009548,2605.28287v1,2605.28287v1,ML,ML,0.8706420660018921,4,intra_paper
9557,9560,FIG_00009558,FIG_00009561,2605.28276v1,2605.28276v1,ML,ML,0.8754526376724243,1,intra_paper
9557,9562,FIG_00009558,FIG_00009563,2605.28276v1,2605.28276v1,ML,ML,0.8725427985191345,2,intra_paper
9561,9562,FIG_00009562,FIG_00009563,2605.28276v1,2605.28276v1,ML,ML,0.859449028968811,5,intra_paper
9584,9589,FIG_00009585,FIG_00009590,2605.28233v1,2605.28233v1,ML,ML,0.7759210467338562,9,intra_paper
9587,9591,FIG_00009588,FIG_00009592,2605.28233v1,2605.28233v1,ML,ML,0.8764922618865967,5,intra_paper
9596,9605,FIG_00009597,FIG_00009606,2605.28226v1,2605.28226v1,ML,ML,0.8743703365325928,6,intra_paper
9600,9607,FIG_00009601,FIG_00009608,2605.28226v1,2605.28226v1,ML,ML,0.8215227127075195,12,intra_paper
9601,9608,FIG_00009602,FIG_00009609,2605.28226v1,2605.28226v1,ML,ML,0.843511164188385,5,intra_paper
9607,9608,FIG_00009608,FIG_00009609,2605.28226v1,2605.28226v1,ML,ML,0.8099260926246643,9,intra_paper
9608,9609,FIG_00009609,FIG_00009610,2605.28226v1,2605.28226v1,ML,ML,0.8472004532814026,1,intra_paper
9657,9659,FIG_00009658,FIG_00009660,2605.28203v1,2605.28203v1,ML,ML,0.8690939545631409,1,intra_paper
9698,9714,FIG_00009699,FIG_00009715,2605.28162v2,2605.28162v2,ML,ML,0.8694419264793396,2,intra_paper
9698,9703,FIG_00009699,FIG_00009704,2605.28162v2,2605.28162v2,ML,ML,0.8350926637649536,3,intra_paper
9698,9711,FIG_00009699,FIG_00009712,2605.28162v2,2605.28162v2,ML,ML,0.8283909559249878,4,intra_paper
9698,9701,FIG_00009699,FIG_00009702,2605.28162v2,2605.28162v2,ML,ML,0.814321756362915,8,intra_paper
9700,9705,FIG_00009701,FIG_00009706,2605.28162v2,2605.28162v2,ML,ML,0.8681036233901978,5,intra_paper
9700,9704,FIG_00009701,FIG_00009705,2605.28162v2,2605.28162v2,ML,ML,0.8641425371170044,6,intra_paper
9702,9703,FIG_00009703,FIG_00009704,2605.28162v2,2605.28162v2,ML,ML,0.878261923789978,2,intra_paper
9702,9714,FIG_00009703,FIG_00009715,2605.28162v2,2605.28162v2,ML,ML,0.8713595867156982,3,intra_paper
9704,9706,FIG_00009705,FIG_00009707,2605.28162v2,2605.28162v2,ML,ML,0.8891019225120544,2,intra_paper
9716,9718,FIG_00009717,FIG_00009719,2605.28155v1,2605.28155v1,ML,ML,0.8005979657173157,7,intra_paper
9802,9814,FIG_00009803,FIG_00009815,2605.28068v2,2605.28068v2,ML,ML,0.8915032744407654,13,intra_paper
9803,9815,FIG_00009804,FIG_00009816,2605.28068v2,2605.28068v2,ML,ML,0.8984372615814209,12,intra_paper
9804,9813,FIG_00009805,FIG_00009814,2605.28068v2,2605.28068v2,ML,ML,0.8850672245025635,10,intra_paper
9805,9810,FIG_00009806,FIG_00009811,2605.28068v2,2605.28068v2,ML,ML,0.8980025053024292,7,intra_paper
9805,9813,FIG_00009806,FIG_00009814,2605.28068v2,2605.28068v2,ML,ML,0.8674695491790771,8,intra_paper
9805,9814,FIG_00009806,FIG_00009815,2605.28068v2,2605.28068v2,ML,ML,0.8420342803001404,10,intra_paper
9809,9814,FIG_00009810,FIG_00009815,2605.28068v2,2605.28068v2,ML,ML,0.858224093914032,7,intra_paper
9812,9814,FIG_00009813,FIG_00009815,2605.28068v2,2605.28068v2,ML,ML,0.8737494945526123,4,intra_paper
9817,9818,FIG_00009818,FIG_00009819,2605.28053v1,2605.28053v1,ML,ML,0.8611666560173035,8,intra_paper
9823,9825,FIG_00009824,FIG_00009826,2605.28036v1,2605.28036v1,ML,ML,0.7590251564979553,5,intra_paper
9824,9827,FIG_00009825,FIG_00009828,2605.28036v1,2605.28036v1,ML,ML,0.8917523622512817,4,intra_paper
9836,9838,FIG_00009837,FIG_00009839,2605.28036v1,2605.28036v1,ML,ML,0.852546751499176,1,intra_paper
9837,9838,FIG_00009838,FIG_00009839,2605.28036v1,2605.28036v1,ML,ML,0.7875994443893433,3,intra_paper
9868,9869,FIG_00009869,FIG_00009870,2605.27989v1,2605.27989v1,ML,ML,0.8943549394607544,9,intra_paper
9874,9877,FIG_00009875,FIG_00009878,2605.27975v2,2605.27975v2,ML,ML,0.8998895883560181,3,intra_paper
9885,9888,FIG_00009886,FIG_00009889,2605.27968v1,2605.27968v1,ML,ML,0.7638353109359741,1,intra_paper
9889,9895,FIG_00009890,FIG_00009896,2605.27968v1,2605.27968v1,ML,ML,0.8325268626213074,2,intra_paper
9944,9946,FIG_00009945,FIG_00009947,2605.28886v1,2605.28886v1,ML,ML,0.801131010055542,1,intra_paper
9948,9949,FIG_00009949,FIG_00009950,2605.28886v1,2605.28886v1,ML,ML,0.8651809692382812,1,intra_paper
9948,9965,FIG_00009949,FIG_00009966,2605.28886v1,2605.28886v1,ML,ML,0.7517338991165161,4,intra_paper
9950,9966,FIG_00009951,FIG_00009967,2605.28886v1,2605.28886v1,ML,ML,0.8780337572097778,10,intra_paper
9953,9954,FIG_00009954,FIG_00009955,2605.28886v1,2605.28886v1,ML,ML,0.8783808946609497,6,intra_paper
9955,9957,FIG_00009956,FIG_00009958,2605.28886v1,2605.28886v1,ML,ML,0.8997474312782288,8,intra_paper
9978,9993,FIG_00009979,FIG_00009994,2605.27892v1,2605.27892v1,ML,ML,0.8061014413833618,1,intra_paper
10033,10036,FIG_00010034,FIG_00010037,2605.27794v1,2605.27794v1,ML,ML,0.8897934556007385,2,intra_paper
10033,10037,FIG_00010034,FIG_00010038,2605.27794v1,2605.27794v1,ML,ML,0.8540238738059998,3,intra_paper
10035,10036,FIG_00010036,FIG_00010037,2605.27794v1,2605.27794v1,ML,ML,0.8855562210083008,1,intra_paper
10035,10037,FIG_00010036,FIG_00010038,2605.27794v1,2605.27794v1,ML,ML,0.833484947681427,2,intra_paper
10053,10060,FIG_00010054,FIG_00010061,2605.27772v1,2605.27772v1,ML,ML,0.8933126926422119,3,intra_paper
10069,10071,FIG_00010070,FIG_00010072,2605.27756v1,2605.27756v1,ML,ML,0.8559617400169373,2,intra_paper
10075,10076,FIG_00010076,FIG_00010077,2605.27756v1,2605.27756v1,ML,ML,0.8891555666923523,1,intra_paper
10075,10088,FIG_00010076,FIG_00010089,2605.27756v1,2605.27756v1,ML,ML,0.764156699180603,2,intra_paper
10075,10087,FIG_00010076,FIG_00010088,2605.27756v1,2605.27756v1,ML,ML,0.7636840343475342,3,intra_paper
10076,10087,FIG_00010077,FIG_00010088,2605.27756v1,2605.27756v1,ML,ML,0.8113045692443848,1,intra_paper
10076,10088,FIG_00010077,FIG_00010089,2605.27756v1,2605.27756v1,ML,ML,0.8010430335998535,2,intra_paper
10085,10087,FIG_00010086,FIG_00010088,2605.27756v1,2605.27756v1,ML,ML,0.859459638595581,2,intra_paper
10085,10088,FIG_00010086,FIG_00010089,2605.27756v1,2605.27756v1,ML,ML,0.8331931829452515,3,intra_paper
10086,10087,FIG_00010087,FIG_00010088,2605.27756v1,2605.27756v1,ML,ML,0.8346710205078125,1,intra_paper
10086,10088,FIG_00010087,FIG_00010089,2605.27756v1,2605.27756v1,ML,ML,0.833827018737793,2,intra_paper
10092,10102,FIG_00010093,FIG_00010103,2605.27736v1,2605.27736v1,ML,ML,0.7649723887443542,7,intra_paper
10106,10112,FIG_00010107,FIG_00010113,2605.27734v1,2605.27734v1,ML,ML,0.8930528163909912,1,intra_paper
10107,10114,FIG_00010108,FIG_00010115,2605.27734v1,2605.27734v1,ML,ML,0.8024004101753235,2,intra_paper
10107,10112,FIG_00010108,FIG_00010113,2605.27734v1,2605.27734v1,ML,ML,0.789223313331604,4,intra_paper
10111,10116,FIG_00010112,FIG_00010117,2605.27734v1,2605.27734v1,ML,ML,0.8657517433166504,3,intra_paper
10111,10115,FIG_00010112,FIG_00010116,2605.27734v1,2605.27734v1,ML,ML,0.8657517433166504,4,intra_paper
10132,10134,FIG_00010133,FIG_00010135,2605.27733v1,2605.27733v1,ML,ML,0.8814841508865356,8,intra_paper
10132,10133,FIG_00010133,FIG_00010134,2605.27733v1,2605.27733v1,ML,ML,0.878937840461731,13,intra_paper
10138,10148,FIG_00010139,FIG_00010149,2605.27722v1,2605.27722v1,ML,ML,0.7548749446868896,7,intra_paper
10185,10187,FIG_00010186,FIG_00010188,2605.27689v1,2605.27689v1,ML,ML,0.8343311548233032,1,intra_paper
10193,10194,FIG_00010194,FIG_00010195,2605.27679v1,2605.27679v1,ML,ML,0.7804962396621704,1,intra_paper
10197,10202,FIG_00010198,FIG_00010203,2605.27678v1,2605.27678v1,ML,ML,0.8919873237609863,9,intra_paper
10199,10200,FIG_00010200,FIG_00010201,2605.27678v1,2605.27678v1,ML,ML,0.8580407500267029,5,intra_paper
10213,10216,FIG_00010214,FIG_00010217,2605.27673v1,2605.27673v1,ML,ML,0.8528923988342285,2,intra_paper
10214,10215,FIG_00010215,FIG_00010216,2605.27673v1,2605.27673v1,ML,ML,0.861635148525238,5,intra_paper
10214,10216,FIG_00010215,FIG_00010217,2605.27673v1,2605.27673v1,ML,ML,0.8592135310173035,7,intra_paper
10215,10218,FIG_00010216,FIG_00010219,2605.27673v1,2605.27673v1,ML,ML,0.8015850782394409,9,intra_paper
10235,10237,FIG_00010236,FIG_00010238,2605.27651v1,2605.27651v1,ML,ML,0.7560489177703857,1,intra_paper
10245,10249,FIG_00010246,FIG_00010250,2605.27649v1,2605.27649v1,ML,ML,0.8986559510231018,4,intra_paper
10270,10273,FIG_00010271,FIG_00010274,2605.27591v1,2605.27591v1,ML,ML,0.8951165676116943,1,intra_paper
10278,10279,FIG_00010279,FIG_00010280,2605.27583v1,2605.27583v1,ML,ML,0.7895776033401489,1,intra_paper
10285,10294,FIG_00010286,FIG_00010295,2605.27541v1,2605.27541v1,ML,ML,0.890529990196228,8,intra_paper
10309,10312,FIG_00010310,FIG_00010313,2605.27527v1,2605.27527v1,ML,ML,0.8427475690841675,1,intra_paper
10314,10320,FIG_00010315,FIG_00010321,2605.27527v1,2605.27527v1,ML,ML,0.8233969211578369,10,intra_paper
10316,10322,FIG_00010317,FIG_00010323,2605.27527v1,2605.27527v1,ML,ML,0.8943701982498169,12,intra_paper
10318,10322,FIG_00010319,FIG_00010323,2605.27527v1,2605.27527v1,ML,ML,0.8947840929031372,9,intra_paper
10329,10333,FIG_00010330,FIG_00010334,2605.27526v1,2605.27526v1,ML,ML,0.8680005669593811,8,intra_paper
10348,10350,FIG_00010349,FIG_00010351,2605.27523v1,2605.27523v1,ML,ML,0.8930617570877075,5,intra_paper
10348,10360,FIG_00010349,FIG_00010361,2605.27523v1,2605.27523v1,ML,ML,0.8870184421539307,6,intra_paper
10348,10361,FIG_00010349,FIG_00010362,2605.27523v1,2605.27523v1,ML,ML,0.8675022125244141,7,intra_paper
10350,10354,FIG_00010351,FIG_00010355,2605.27523v1,2605.27523v1,ML,ML,0.8799601197242737,4,intra_paper
10350,10361,FIG_00010351,FIG_00010362,2605.27523v1,2605.27523v1,ML,ML,0.7797662615776062,15,intra_paper
10354,10361,FIG_00010355,FIG_00010362,2605.27523v1,2605.27523v1,ML,ML,0.8647512793540955,9,intra_paper
10354,10360,FIG_00010355,FIG_00010361,2605.27523v1,2605.27523v1,ML,ML,0.8645170331001282,10,intra_paper
10357,10360,FIG_00010358,FIG_00010361,2605.27523v1,2605.27523v1,ML,ML,0.8571797609329224,1,intra_paper
10357,10361,FIG_00010358,FIG_00010362,2605.27523v1,2605.27523v1,ML,ML,0.8350859880447388,4,intra_paper
10364,10368,FIG_00010365,FIG_00010369,2605.27499v1,2605.27499v1,ML,ML,0.8618378639221191,2,intra_paper
10365,10369,FIG_00010366,FIG_00010370,2605.27499v1,2605.27499v1,ML,ML,0.8299441337585449,2,intra_paper
10366,10368,FIG_00010367,FIG_00010369,2605.27499v1,2605.27499v1,ML,ML,0.8593780994415283,1,intra_paper
10367,10369,FIG_00010368,FIG_00010370,2605.27499v1,2605.27499v1,ML,ML,0.8200186491012573,1,intra_paper
10371,10376,FIG_00010372,FIG_00010377,2605.27499v1,2605.27499v1,ML,ML,0.8533468246459961,6,intra_paper
10373,10376,FIG_00010374,FIG_00010377,2605.27499v1,2605.27499v1,ML,ML,0.8724462985992432,1,intra_paper
10384,10392,FIG_00010385,FIG_00010393,2605.27499v1,2605.27499v1,ML,ML,0.8935726881027222,4,intra_paper
10391,10393,FIG_00010392,FIG_00010394,2605.27499v1,2605.27499v1,ML,ML,0.8127568960189819,1,intra_paper
10408,10412,FIG_00010409,FIG_00010413,2605.27306v1,2605.27306v1,ML,ML,0.8772777318954468,4,intra_paper
10408,10411,FIG_00010409,FIG_00010412,2605.27306v1,2605.27306v1,ML,ML,0.8713023662567139,9,intra_paper
10444,10445,FIG_00010445,FIG_00010446,2605.27245v1,2605.27245v1,ML,ML,0.8858315944671631,2,intra_paper
10446,10447,FIG_00010447,FIG_00010448,2605.27245v1,2605.27245v1,ML,ML,0.8920265436172485,5,intra_paper
10446,10448,FIG_00010447,FIG_00010449,2605.27245v1,2605.27245v1,ML,ML,0.8832007646560669,7,intra_paper
10453,10454,FIG_00010454,FIG_00010455,2605.27236v1,2605.27236v1,ML,ML,0.7909348011016846,1,intra_paper
10453,10455,FIG_00010454,FIG_00010456,2605.27236v1,2605.27236v1,ML,ML,0.7827833294868469,2,intra_paper
10463,10468,FIG_00010464,FIG_00010469,2605.27194v1,2605.27194v1,ML,ML,0.7514672875404358,2,intra_paper
10477,10478,FIG_00010478,FIG_00010479,2605.27163v1,2605.27163v1,ML,ML,0.8500467538833618,9,intra_paper
10478,10486,FIG_00010479,FIG_00010487,2605.27163v1,2605.27163v1,ML,ML,0.8134652376174927,4,intra_paper
10478,10480,FIG_00010479,FIG_00010481,2605.27163v1,2605.27163v1,ML,ML,0.8050134181976318,6,intra_paper
10480,10487,FIG_00010481,FIG_00010488,2605.27163v1,2605.27163v1,ML,ML,0.8480543494224548,4,intra_paper
10488,10491,FIG_00010489,FIG_00010492,2605.27144v1,2605.27144v1,ML,ML,0.7689093947410583,1,intra_paper
10515,10517,FIG_00010516,FIG_00010518,2605.27097v1,2605.27097v1,ML,ML,0.8635841012001038,3,intra_paper
10585,10589,FIG_00010586,FIG_00010590,2605.27027v1,2605.27027v1,ML,ML,0.8807312250137329,2,intra_paper
10585,10586,FIG_00010586,FIG_00010587,2605.27027v1,2605.27027v1,ML,ML,0.8726209402084351,4,intra_paper
10612,10618,FIG_00010613,FIG_00010619,2605.27006v1,2605.27006v1,ML,ML,0.897395670413971,8,intra_paper
10631,10632,FIG_00010632,FIG_00010633,2605.26998v1,2605.26998v1,ML,ML,0.8969066143035889,11,intra_paper
10634,10640,FIG_00010635,FIG_00010641,2605.26990v1,2605.26990v1,ML,ML,0.8033602833747864,2,intra_paper
10634,10643,FIG_00010635,FIG_00010644,2605.26990v1,2605.26990v1,ML,ML,0.7900213599205017,3,intra_paper
10635,10640,FIG_00010636,FIG_00010641,2605.26990v1,2605.26990v1,ML,ML,0.8021342754364014,1,intra_paper
10635,10643,FIG_00010636,FIG_00010644,2605.26990v1,2605.26990v1,ML,ML,0.7897195816040039,2,intra_paper
10653,10654,FIG_00010654,FIG_00010655,2605.26984v1,2605.26984v1,ML,ML,0.8735877871513367,10,intra_paper
10663,10664,FIG_00010664,FIG_00010665,2605.26973v1,2605.26973v1,ML,ML,0.8674968481063843,8,intra_paper
10675,10678,FIG_00010676,FIG_00010679,2605.26929v2,2605.26929v2,ML,ML,0.896192193031311,14,intra_paper
10703,10709,FIG_00010704,FIG_00010710,2605.27477v1,2605.27477v1,ML,ML,0.8917974233627319,13,intra_paper
10704,10709,FIG_00010705,FIG_00010710,2605.27477v1,2605.27477v1,ML,ML,0.8975945711135864,12,intra_paper
10704,10707,FIG_00010705,FIG_00010708,2605.27477v1,2605.27477v1,ML,ML,0.8946312665939331,14,intra_paper
10705,10707,FIG_00010706,FIG_00010708,2605.27477v1,2605.27477v1,ML,ML,0.8923969268798828,13,intra_paper
10706,10715,FIG_00010707,FIG_00010716,2605.27477v1,2605.27477v1,ML,ML,0.8850566148757935,3,intra_paper
10706,10713,FIG_00010707,FIG_00010714,2605.27477v1,2605.27477v1,ML,ML,0.8814388513565063,4,intra_paper
10706,10714,FIG_00010707,FIG_00010715,2605.27477v1,2605.27477v1,ML,ML,0.8752752542495728,5,intra_paper
10706,10712,FIG_00010707,FIG_00010713,2605.27477v1,2605.27477v1,ML,ML,0.8681381344795227,6,intra_paper
10706,10708,FIG_00010707,FIG_00010709,2605.27477v1,2605.27477v1,ML,ML,0.8660632371902466,7,intra_paper
10706,10710,FIG_00010707,FIG_00010711,2605.27477v1,2605.27477v1,ML,ML,0.855425238609314,10,intra_paper
10707,10713,FIG_00010708,FIG_00010714,2605.27477v1,2605.27477v1,ML,ML,0.8889596462249756,6,intra_paper
10707,10708,FIG_00010708,FIG_00010709,2605.27477v1,2605.27477v1,ML,ML,0.8670245409011841,8,intra_paper
10709,10713,FIG_00010710,FIG_00010714,2605.27477v1,2605.27477v1,ML,ML,0.8929614424705505,5,intra_paper
10710,10714,FIG_00010711,FIG_00010715,2605.27477v1,2605.27477v1,ML,ML,0.8894202709197998,8,intra_paper
10711,10716,FIG_00010712,FIG_00010717,2605.27477v1,2605.27477v1,ML,ML,0.8996540307998657,3,intra_paper
10711,10718,FIG_00010712,FIG_00010719,2605.27477v1,2605.27477v1,ML,ML,0.8752565383911133,12,intra_paper
10712,10715,FIG_00010713,FIG_00010716,2605.27477v1,2605.27477v1,ML,ML,0.8975929617881775,7,intra_paper
10712,10714,FIG_00010713,FIG_00010715,2605.27477v1,2605.27477v1,ML,ML,0.89729243516922,8,intra_paper
10716,10718,FIG_00010717,FIG_00010719,2605.27477v1,2605.27477v1,ML,ML,0.8918601870536804,4,intra_paper
10716,10717,FIG_00010717,FIG_00010718,2605.27477v1,2605.27477v1,ML,ML,0.8789641261100769,9,intra_paper
10741,10742,FIG_00010742,FIG_00010743,2605.26854v1,2605.26854v1,ML,ML,0.7697480916976929,3,intra_paper
10742,10746,FIG_00010743,FIG_00010747,2605.26854v1,2605.26854v1,ML,ML,0.8763259053230286,1,intra_paper
10752,10755,FIG_00010753,FIG_00010756,2605.26850v1,2605.26850v1,ML,ML,0.8653768301010132,2,intra_paper
10759,10760,FIG_00010760,FIG_00010761,2605.26844v1,2605.26844v1,ML,ML,0.8574793934822083,6,intra_paper
10803,10806,FIG_00010804,FIG_00010807,2605.26790v2,2605.26790v2,ML,ML,0.8457179069519043,1,intra_paper
10808,10810,FIG_00010809,FIG_00010811,2605.26790v2,2605.26790v2,ML,ML,0.8934411406517029,8,intra_paper
10823,10824,FIG_00010824,FIG_00010825,2605.26756v2,2605.26756v2,ML,ML,0.773005485534668,1,intra_paper
10835,10842,FIG_00010836,FIG_00010843,2605.26718v1,2605.26718v1,ML,ML,0.8511889576911926,1,intra_paper
10845,10860,FIG_00010846,FIG_00010861,2605.26713v1,2605.26713v1,ML,ML,0.7628812789916992,3,intra_paper
10872,10873,FIG_00010873,FIG_00010874,2605.26654v1,2605.26654v1,ML,ML,0.7816907167434692,8,intra_paper
10886,10896,FIG_00010887,FIG_00010897,2605.26632v1,2605.26632v1,ML,ML,0.7662286162376404,1,intra_paper
10888,10895,FIG_00010889,FIG_00010896,2605.26632v1,2605.26632v1,ML,ML,0.8950648307800293,1,intra_paper
10888,10894,FIG_00010889,FIG_00010895,2605.26632v1,2605.26632v1,ML,ML,0.8943625688552856,3,intra_paper
11000,11001,FIG_00011001,FIG_00011002,2605.26579v1,2605.26579v1,ML,ML,0.8796257972717285,2,intra_paper
11010,11011,FIG_00011011,FIG_00011012,2605.26576v1,2605.26576v1,ML,ML,0.7570935487747192,1,intra_paper
11026,11051,FIG_00011027,FIG_00011052,2605.26562v1,2605.26562v1,ML,ML,0.8252242207527161,1,intra_paper
11026,11046,FIG_00011027,FIG_00011047,2605.26562v1,2605.26562v1,ML,ML,0.793847382068634,2,intra_paper
11026,11039,FIG_00011027,FIG_00011040,2605.26562v1,2605.26562v1,ML,ML,0.7635977268218994,4,intra_paper
11026,11035,FIG_00011027,FIG_00011036,2605.26562v1,2605.26562v1,ML,ML,0.7611222863197327,5,intra_paper
11026,11049,FIG_00011027,FIG_00011050,2605.26562v1,2605.26562v1,ML,ML,0.7531258463859558,8,intra_paper
11027,11048,FIG_00011028,FIG_00011049,2605.26562v1,2605.26562v1,ML,ML,0.8907850384712219,8,intra_paper
11027,11045,FIG_00011028,FIG_00011046,2605.26562v1,2605.26562v1,ML,ML,0.872895359992981,10,intra_paper
11027,11032,FIG_00011028,FIG_00011033,2605.26562v1,2605.26562v1,ML,ML,0.851464033126831,13,intra_paper
11032,11033,FIG_00011033,FIG_00011034,2605.26562v1,2605.26562v1,ML,ML,0.8884397745132446,7,intra_paper
11032,11047,FIG_00011033,FIG_00011048,2605.26562v1,2605.26562v1,ML,ML,0.8879061937332153,8,intra_paper
11032,11037,FIG_00011033,FIG_00011038,2605.26562v1,2605.26562v1,ML,ML,0.8842710256576538,9,intra_paper
11033,11050,FIG_00011034,FIG_00011051,2605.26562v1,2605.26562v1,ML,ML,0.8426107168197632,13,intra_paper
11034,11045,FIG_00011035,FIG_00011046,2605.26562v1,2605.26562v1,ML,ML,0.8009041547775269,13,intra_paper
11036,11051,FIG_00011037,FIG_00011052,2605.26562v1,2605.26562v1,ML,ML,0.8839330673217773,6,intra_paper
11038,11050,FIG_00011039,FIG_00011051,2605.26562v1,2605.26562v1,ML,ML,0.8530991077423096,10,intra_paper
11040,11051,FIG_00011041,FIG_00011052,2605.26562v1,2605.26562v1,ML,ML,0.8685544729232788,4,intra_paper
11041,11051,FIG_00011042,FIG_00011052,2605.26562v1,2605.26562v1,ML,ML,0.876815140247345,3,intra_paper
11047,11048,FIG_00011048,FIG_00011049,2605.26562v1,2605.26562v1,ML,ML,0.8881024122238159,1,intra_paper
11054,11066,FIG_00011055,FIG_00011067,2605.26552v2,2605.26552v2,ML,ML,0.8012024164199829,1,intra_paper
11085,11087,FIG_00011086,FIG_00011088,2605.26535v1,2605.26535v1,ML,ML,0.8505146503448486,1,intra_paper
11095,11096,FIG_00011096,FIG_00011097,2605.26526v1,2605.26526v1,ML,ML,0.8778765201568604,1,intra_paper
11097,11100,FIG_00011098,FIG_00011101,2605.26523v1,2605.26523v1,ML,ML,0.8671801090240479,2,intra_paper
11134,11135,FIG_00011135,FIG_00011136,2605.26494v1,2605.26494v1,ML,ML,0.8358556032180786,9,intra_paper
11196,11204,FIG_00011197,FIG_00011205,2605.26434v1,2605.26434v1,ML,ML,0.8993420600891113,4,intra_paper
11196,11200,FIG_00011197,FIG_00011201,2605.26434v1,2605.26434v1,ML,ML,0.8954504728317261,5,intra_paper
11196,11202,FIG_00011197,FIG_00011203,2605.26434v1,2605.26434v1,ML,ML,0.8872689008712769,6,intra_paper
11197,11205,FIG_00011198,FIG_00011206,2605.26434v1,2605.26434v1,ML,ML,0.8172767758369446,2,intra_paper
11200,11203,FIG_00011201,FIG_00011204,2605.26434v1,2605.26434v1,ML,ML,0.8973645567893982,6,intra_paper
11201,11204,FIG_00011202,FIG_00011205,2605.26434v1,2605.26434v1,ML,ML,0.8875006437301636,3,intra_paper
11201,11202,FIG_00011202,FIG_00011203,2605.26434v1,2605.26434v1,ML,ML,0.8700621128082275,4,intra_paper
11202,11203,FIG_00011203,FIG_00011204,2605.26434v1,2605.26434v1,ML,ML,0.8711599707603455,3,intra_paper
11202,11206,FIG_00011203,FIG_00011207,2605.26434v1,2605.26434v1,ML,ML,0.862647294998169,5,intra_paper
11203,11204,FIG_00011204,FIG_00011205,2605.26434v1,2605.26434v1,ML,ML,0.8854154944419861,2,intra_paper
11204,11206,FIG_00011205,FIG_00011207,2605.26434v1,2605.26434v1,ML,ML,0.8824295997619629,2,intra_paper
11229,11232,FIG_00011230,FIG_00011233,2605.26419v1,2605.26419v1,ML,ML,0.8885791897773743,5,intra_paper
11229,11234,FIG_00011230,FIG_00011235,2605.26419v1,2605.26419v1,ML,ML,0.8791021108627319,11,intra_paper
11264,11267,FIG_00011265,FIG_00011268,2605.26396v2,2605.26396v2,ML,ML,0.8787925839424133,5,intra_paper
11303,11308,FIG_00011304,FIG_00011309,2605.26358v1,2605.26358v1,ML,ML,0.8170051574707031,1,intra_paper
11303,11305,FIG_00011304,FIG_00011306,2605.26358v1,2605.26358v1,ML,ML,0.797714352607727,2,intra_paper
11303,11314,FIG_00011304,FIG_00011315,2605.26358v1,2605.26358v1,ML,ML,0.7785562872886658,3,intra_paper
11305,11314,FIG_00011306,FIG_00011315,2605.26358v1,2605.26358v1,ML,ML,0.8544484376907349,1,intra_paper
11320,11355,FIG_00011321,FIG_00011356,2605.26357v2,2605.26357v2,ML,ML,0.8889238834381104,14,intra_paper
11320,11347,FIG_00011321,FIG_00011348,2605.26357v2,2605.26357v2,ML,ML,0.8702714443206787,15,intra_paper
11326,11329,FIG_00011327,FIG_00011330,2605.26357v2,2605.26357v2,ML,ML,0.8140204548835754,2,intra_paper
11328,11329,FIG_00011329,FIG_00011330,2605.26357v2,2605.26357v2,ML,ML,0.8008733987808228,1,intra_paper
11332,11355,FIG_00011333,FIG_00011356,2605.26357v2,2605.26357v2,ML,ML,0.8656041622161865,15,intra_paper
11334,11355,FIG_00011335,FIG_00011356,2605.26357v2,2605.26357v2,ML,ML,0.8728029727935791,14,intra_paper
11338,11355,FIG_00011339,FIG_00011356,2605.26357v2,2605.26357v2,ML,ML,0.8902803659439087,9,intra_paper
11339,11356,FIG_00011340,FIG_00011357,2605.26357v2,2605.26357v2,ML,ML,0.898888349533081,9,intra_paper
11339,11355,FIG_00011340,FIG_00011356,2605.26357v2,2605.26357v2,ML,ML,0.867240846157074,11,intra_paper
11341,11357,FIG_00011342,FIG_00011358,2605.26357v2,2605.26357v2,ML,ML,0.8956102132797241,7,intra_paper
11341,11356,FIG_00011342,FIG_00011357,2605.26357v2,2605.26357v2,ML,ML,0.880612850189209,8,intra_paper
11342,11346,FIG_00011343,FIG_00011347,2605.26357v2,2605.26357v2,ML,ML,0.8984944820404053,9,intra_paper
11344,11357,FIG_00011345,FIG_00011358,2605.26357v2,2605.26357v2,ML,ML,0.8928827047348022,5,intra_paper
11344,11356,FIG_00011345,FIG_00011357,2605.26357v2,2605.26357v2,ML,ML,0.8753823041915894,6,intra_paper
11347,11355,FIG_00011348,FIG_00011356,2605.26357v2,2605.26357v2,ML,ML,0.8781092166900635,6,intra_paper
11430,11435,FIG_00011431,FIG_00011436,2605.26282v1,2605.26282v1,ML,ML,0.8796184659004211,1,intra_paper
11440,11453,FIG_00011441,FIG_00011454,2605.26282v1,2605.26282v1,ML,ML,0.8068118095397949,1,intra_paper
11440,11454,FIG_00011441,FIG_00011455,2605.26282v1,2605.26282v1,ML,ML,0.7696424126625061,2,intra_paper
11446,11447,FIG_00011447,FIG_00011448,2605.26282v1,2605.26282v1,ML,ML,0.8680160045623779,6,intra_paper
11453,11455,FIG_00011454,FIG_00011456,2605.26282v1,2605.26282v1,ML,ML,0.789836049079895,2,intra_paper
11454,11455,FIG_00011455,FIG_00011456,2605.26282v1,2605.26282v1,ML,ML,0.848980188369751,1,intra_paper
11454,11456,FIG_00011455,FIG_00011457,2605.26282v1,2605.26282v1,ML,ML,0.8314399719238281,2,intra_paper
11455,11456,FIG_00011456,FIG_00011457,2605.26282v1,2605.26282v1,ML,ML,0.8583728671073914,1,intra_paper
11484,11491,FIG_00011485,FIG_00011492,2605.26248v1,2605.26248v1,ML,ML,0.787283182144165,2,intra_paper
11484,11495,FIG_00011485,FIG_00011496,2605.26248v1,2605.26248v1,ML,ML,0.7646912336349487,4,intra_paper
11484,11494,FIG_00011485,FIG_00011495,2605.26248v1,2605.26248v1,ML,ML,0.7548422813415527,5,intra_paper
11486,11488,FIG_00011487,FIG_00011489,2605.26248v1,2605.26248v1,ML,ML,0.7867796421051025,1,intra_paper
11486,11487,FIG_00011487,FIG_00011488,2605.26248v1,2605.26248v1,ML,ML,0.7561213970184326,2,intra_paper
11487,11490,FIG_00011488,FIG_00011491,2605.26248v1,2605.26248v1,ML,ML,0.8435388803482056,1,intra_paper
11487,11488,FIG_00011488,FIG_00011489,2605.26248v1,2605.26248v1,ML,ML,0.806167721748352,2,intra_paper
11488,11490,FIG_00011489,FIG_00011491,2605.26248v1,2605.26248v1,ML,ML,0.8101917505264282,1,intra_paper
11488,11494,FIG_00011489,FIG_00011495,2605.26248v1,2605.26248v1,ML,ML,0.7903863787651062,4,intra_paper
11492,11499,FIG_00011493,FIG_00011500,2605.26248v1,2605.26248v1,ML,ML,0.8575286269187927,2,intra_paper
11492,11498,FIG_00011493,FIG_00011499,2605.26248v1,2605.26248v1,ML,ML,0.8014339208602905,4,intra_paper
11492,11502,FIG_00011493,FIG_00011503,2605.26248v1,2605.26248v1,ML,ML,0.7929919958114624,5,intra_paper
11492,11501,FIG_00011493,FIG_00011502,2605.26248v1,2605.26248v1,ML,ML,0.784725546836853,6,intra_paper
11492,11500,FIG_00011493,FIG_00011501,2605.26248v1,2605.26248v1,ML,ML,0.7708362340927124,7,intra_paper
11493,11499,FIG_00011494,FIG_00011500,2605.26248v1,2605.26248v1,ML,ML,0.8601958155632019,1,intra_paper
11493,11498,FIG_00011494,FIG_00011499,2605.26248v1,2605.26248v1,ML,ML,0.804763674736023,2,intra_paper
11493,11502,FIG_00011494,FIG_00011503,2605.26248v1,2605.26248v1,ML,ML,0.7962102293968201,4,intra_paper
11493,11501,FIG_00011494,FIG_00011502,2605.26248v1,2605.26248v1,ML,ML,0.7888007164001465,5,intra_paper
11493,11500,FIG_00011494,FIG_00011501,2605.26248v1,2605.26248v1,ML,ML,0.7756925225257874,6,intra_paper
11499,11501,FIG_00011500,FIG_00011502,2605.26248v1,2605.26248v1,ML,ML,0.8984795808792114,2,intra_paper
11499,11500,FIG_00011500,FIG_00011501,2605.26248v1,2605.26248v1,ML,ML,0.889512836933136,3,intra_paper
11499,11509,FIG_00011500,FIG_00011510,2605.26248v1,2605.26248v1,ML,ML,0.7904821038246155,6,intra_paper
11503,11506,FIG_00011504,FIG_00011507,2605.26248v1,2605.26248v1,ML,ML,0.8978888988494873,2,intra_paper
11503,11505,FIG_00011504,FIG_00011506,2605.26248v1,2605.26248v1,ML,ML,0.8966389894485474,3,intra_paper
11503,11507,FIG_00011504,FIG_00011508,2605.26248v1,2605.26248v1,ML,ML,0.8955056667327881,4,intra_paper
11508,11509,FIG_00011509,FIG_00011510,2605.26248v1,2605.26248v1,ML,ML,0.8356659412384033,4,intra_paper
11510,11511,FIG_00011511,FIG_00011512,2605.26248v1,2605.26248v1,ML,ML,0.8780789971351624,2,intra_paper
11529,11532,FIG_00011530,FIG_00011533,2605.26234v1,2605.26234v1,ML,ML,0.7639704942703247,1,intra_paper
11530,11532,FIG_00011531,FIG_00011533,2605.26234v1,2605.26234v1,ML,ML,0.7797271013259888,1,intra_paper
11530,11534,FIG_00011531,FIG_00011535,2605.26234v1,2605.26234v1,ML,ML,0.7569409012794495,2,intra_paper
11535,11538,FIG_00011536,FIG_00011539,2605.26234v1,2605.26234v1,ML,ML,0.8041133880615234,1,intra_paper
11535,11539,FIG_00011536,FIG_00011540,2605.26234v1,2605.26234v1,ML,ML,0.7843550443649292,2,intra_paper
11537,11538,FIG_00011538,FIG_00011539,2605.26234v1,2605.26234v1,ML,ML,0.8800776600837708,1,intra_paper
11537,11539,FIG_00011538,FIG_00011540,2605.26234v1,2605.26234v1,ML,ML,0.8678675889968872,2,intra_paper
11537,11540,FIG_00011538,FIG_00011541,2605.26234v1,2605.26234v1,ML,ML,0.7812570333480835,13,intra_paper
11538,11540,FIG_00011539,FIG_00011541,2605.26234v1,2605.26234v1,ML,ML,0.8362298011779785,2,intra_paper
11539,11540,FIG_00011540,FIG_00011541,2605.26234v1,2605.26234v1,ML,ML,0.8511291146278381,1,intra_paper
11547,11555,FIG_00011548,FIG_00011556,2605.26111v1,2605.26111v1,ML,ML,0.8668981790542603,1,intra_paper
11547,11562,FIG_00011548,FIG_00011563,2605.26111v1,2605.26111v1,ML,ML,0.8309366106987,2,intra_paper
11555,11562,FIG_00011556,FIG_00011563,2605.26111v1,2605.26111v1,ML,ML,0.8600565195083618,1,intra_paper
11555,11556,FIG_00011556,FIG_00011557,2605.26111v1,2605.26111v1,ML,ML,0.750120222568512,5,intra_paper
11588,11590,FIG_00011589,FIG_00011591,2605.26092v3,2605.26092v3,ML,ML,0.8564655780792236,4,intra_paper
11601,11603,FIG_00011602,FIG_00011604,2605.27458v1,2605.27458v1,ML,ML,0.7674460411071777,2,intra_paper
11602,11603,FIG_00011603,FIG_00011604,2605.27458v1,2605.27458v1,ML,ML,0.7639493942260742,1,intra_paper
11649,11650,FIG_00011650,FIG_00011651,2605.26061v1,2605.26061v1,ML,ML,0.8550776839256287,1,intra_paper
11653,11655,FIG_00011654,FIG_00011656,2605.26061v1,2605.26061v1,ML,ML,0.8094462156295776,1,intra_paper
11658,11667,FIG_00011659,FIG_00011668,2605.26059v1,2605.26059v1,ML,ML,0.8840227127075195,3,intra_paper
11658,11659,FIG_00011659,FIG_00011660,2605.26059v1,2605.26059v1,ML,ML,0.8760277032852173,9,intra_paper
11660,11663,FIG_00011661,FIG_00011664,2605.26059v1,2605.26059v1,ML,ML,0.832953929901123,1,intra_paper
11660,11664,FIG_00011661,FIG_00011665,2605.26059v1,2605.26059v1,ML,ML,0.815300464630127,5,intra_paper
11660,11668,FIG_00011661,FIG_00011669,2605.26059v1,2605.26059v1,ML,ML,0.8088749647140503,8,intra_paper
11663,11668,FIG_00011664,FIG_00011669,2605.26059v1,2605.26059v1,ML,ML,0.8927515745162964,1,intra_paper
11663,11664,FIG_00011664,FIG_00011665,2605.26059v1,2605.26059v1,ML,ML,0.8684424161911011,3,intra_paper
11664,11668,FIG_00011665,FIG_00011669,2605.26059v1,2605.26059v1,ML,ML,0.8719055652618408,1,intra_paper
11679,11692,FIG_00011680,FIG_00011693,2605.26036v1,2605.26036v1,ML,ML,0.8967759013175964,6,intra_paper
11679,11693,FIG_00011680,FIG_00011694,2605.26036v1,2605.26036v1,ML,ML,0.8966811895370483,7,intra_paper
11680,11683,FIG_00011681,FIG_00011684,2605.26036v1,2605.26036v1,ML,ML,0.8788260817527771,1,intra_paper
11680,11681,FIG_00011681,FIG_00011682,2605.26036v1,2605.26036v1,ML,ML,0.8721103668212891,2,intra_paper
11680,11682,FIG_00011681,FIG_00011683,2605.26036v1,2605.26036v1,ML,ML,0.8658062815666199,3,intra_paper
11680,11685,FIG_00011681,FIG_00011686,2605.26036v1,2605.26036v1,ML,ML,0.8619415163993835,4,intra_paper
11680,11687,FIG_00011681,FIG_00011688,2605.26036v1,2605.26036v1,ML,ML,0.8509595394134521,5,intra_paper
11680,11686,FIG_00011681,FIG_00011687,2605.26036v1,2605.26036v1,ML,ML,0.8284740447998047,6,intra_paper
11680,11684,FIG_00011681,FIG_00011685,2605.26036v1,2605.26036v1,ML,ML,0.8205519914627075,7,intra_paper
11681,11685,FIG_00011682,FIG_00011686,2605.26036v1,2605.26036v1,ML,ML,0.8264650106430054,1,intra_paper
11681,11687,FIG_00011682,FIG_00011688,2605.26036v1,2605.26036v1,ML,ML,0.8066268563270569,2,intra_paper
11681,11686,FIG_00011682,FIG_00011687,2605.26036v1,2605.26036v1,ML,ML,0.8051872253417969,3,intra_paper
11681,11683,FIG_00011682,FIG_00011684,2605.26036v1,2605.26036v1,ML,ML,0.7968699932098389,4,intra_paper
11682,11684,FIG_00011683,FIG_00011685,2605.26036v1,2605.26036v1,ML,ML,0.8327796459197998,1,intra_paper
11682,11683,FIG_00011683,FIG_00011684,2605.26036v1,2605.26036v1,ML,ML,0.8026129603385925,2,intra_paper
11683,11684,FIG_00011684,FIG_00011685,2605.26036v1,2605.26036v1,ML,ML,0.8436393737792969,3,intra_paper
11683,11685,FIG_00011684,FIG_00011686,2605.26036v1,2605.26036v1,ML,ML,0.8144522905349731,4,intra_paper
11684,11686,FIG_00011685,FIG_00011687,2605.26036v1,2605.26036v1,ML,ML,0.769396960735321,1,intra_paper
11684,11687,FIG_00011685,FIG_00011688,2605.26036v1,2605.26036v1,ML,ML,0.7578035593032837,2,intra_paper
11685,11687,FIG_00011686,FIG_00011688,2605.26036v1,2605.26036v1,ML,ML,0.8827836513519287,1,intra_paper
11685,11686,FIG_00011686,FIG_00011687,2605.26036v1,2605.26036v1,ML,ML,0.8476027250289917,2,intra_paper
11688,11689,FIG_00011689,FIG_00011690,2605.26036v1,2605.26036v1,ML,ML,0.8710798025131226,1,intra_paper
11744,11751,FIG_00011745,FIG_00011752,2605.26013v1,2605.26013v1,ML,ML,0.8088918924331665,1,intra_paper
11760,11761,FIG_00011761,FIG_00011762,2605.26012v1,2605.26012v1,ML,ML,0.8957412838935852,1,intra_paper
11824,11825,FIG_00011825,FIG_00011826,2605.31598v1,2605.31598v1,CV,CV,0.8567429184913635,1,intra_paper
11850,11859,FIG_00011851,FIG_00011860,2605.31596v1,2605.31596v1,CV,CV,0.7731831073760986,3,intra_paper
11850,11861,FIG_00011851,FIG_00011862,2605.31596v1,2605.31596v1,CV,CV,0.7716416716575623,4,intra_paper
11850,11860,FIG_00011851,FIG_00011861,2605.31596v1,2605.31596v1,CV,CV,0.7691812515258789,5,intra_paper
11850,11863,FIG_00011851,FIG_00011864,2605.31596v1,2605.31596v1,CV,CV,0.7673298716545105,6,intra_paper
11850,11862,FIG_00011851,FIG_00011863,2605.31596v1,2605.31596v1,CV,CV,0.7655025124549866,8,intra_paper
11850,11858,FIG_00011851,FIG_00011859,2605.31596v1,2605.31596v1,CV,CV,0.7635495662689209,9,intra_paper
11850,11864,FIG_00011851,FIG_00011865,2605.31596v1,2605.31596v1,CV,CV,0.7612383365631104,10,intra_paper
11853,11860,FIG_00011854,FIG_00011861,2605.31596v1,2605.31596v1,CV,CV,0.8955056071281433,6,intra_paper
11853,11862,FIG_00011854,FIG_00011863,2605.31596v1,2605.31596v1,CV,CV,0.892890214920044,7,intra_paper
11872,11873,FIG_00011873,FIG_00011874,2605.31591v1,2605.31591v1,CV,CV,0.8046317100524902,2,intra_paper
11882,11886,FIG_00011883,FIG_00011887,2605.31590v1,2605.31590v1,CV,CV,0.8992750644683838,4,intra_paper
11882,11884,FIG_00011883,FIG_00011885,2605.31590v1,2605.31590v1,CV,CV,0.898891031742096,6,intra_paper
11906,11907,FIG_00011907,FIG_00011908,2605.31577v1,2605.31577v1,CV,CV,0.8240045309066772,1,intra_paper
11915,11921,FIG_00011916,FIG_00011922,2605.31572v1,2605.31572v1,CV,CV,0.7983526587486267,2,intra_paper
11923,11937,FIG_00011924,FIG_00011938,2605.31557v1,2605.31557v1,CV,CV,0.8781236410140991,7,intra_paper
11956,11963,FIG_00011957,FIG_00011964,2605.31535v1,2605.31535v1,CV,CV,0.8016568422317505,1,intra_paper
11996,12004,FIG_00011997,FIG_00012005,2605.31513v1,2605.31513v1,CV,CV,0.8499013781547546,1,intra_paper
12015,12016,FIG_00012016,FIG_00012017,2605.31503v1,2605.31503v1,CV,CV,0.8579409122467041,1,intra_paper
12015,12028,FIG_00012016,FIG_00012029,2605.31503v1,2605.31503v1,CV,CV,0.8353285193443298,2,intra_paper
12016,12028,FIG_00012017,FIG_00012029,2605.31503v1,2605.31503v1,CV,CV,0.8899894952774048,1,intra_paper
12039,12047,FIG_00012040,FIG_00012048,2605.31466v1,2605.31466v1,CV,CV,0.7553498148918152,1,intra_paper
12042,12047,FIG_00012043,FIG_00012048,2605.31466v1,2605.31466v1,CV,CV,0.7955950498580933,1,intra_paper
12046,12048,FIG_00012047,FIG_00012049,2605.31466v1,2605.31466v1,CV,CV,0.755836009979248,1,intra_paper
12066,12081,FIG_00012067,FIG_00012082,2605.31437v1,2605.31437v1,CV,CV,0.8257595300674438,2,intra_paper
12068,12069,FIG_00012069,FIG_00012070,2605.31437v1,2605.31437v1,CV,CV,0.8979301452636719,2,intra_paper
12069,12070,FIG_00012070,FIG_00012071,2605.31437v1,2605.31437v1,CV,CV,0.8680281043052673,7,intra_paper
12069,12080,FIG_00012070,FIG_00012081,2605.31437v1,2605.31437v1,CV,CV,0.8592125177383423,11,intra_paper
12081,12084,FIG_00012082,FIG_00012085,2605.31437v1,2605.31437v1,CV,CV,0.7774080038070679,1,intra_paper
12082,12085,FIG_00012083,FIG_00012086,2605.31437v1,2605.31437v1,CV,CV,0.8905445337295532,2,intra_paper
12084,12086,FIG_00012085,FIG_00012087,2605.31437v1,2605.31437v1,CV,CV,0.8706378936767578,1,intra_paper
12087,12090,FIG_00012088,FIG_00012091,2605.31429v1,2605.31429v1,CV,CV,0.8233159780502319,2,intra_paper
12088,12090,FIG_00012089,FIG_00012091,2605.31429v1,2605.31429v1,CV,CV,0.823805034160614,1,intra_paper
12096,12100,FIG_00012097,FIG_00012101,2605.31426v1,2605.31426v1,CV,CV,0.7915735244750977,4,intra_paper
12096,12101,FIG_00012097,FIG_00012102,2605.31426v1,2605.31426v1,CV,CV,0.7814607620239258,6,intra_paper
12099,12105,FIG_00012100,FIG_00012106,2605.31426v1,2605.31426v1,CV,CV,0.8534270524978638,2,intra_paper
12099,12101,FIG_00012100,FIG_00012102,2605.31426v1,2605.31426v1,CV,CV,0.8202285170555115,3,intra_paper
12101,12104,FIG_00012102,FIG_00012105,2605.31426v1,2605.31426v1,CV,CV,0.7890937328338623,1,intra_paper
12101,12105,FIG_00012102,FIG_00012106,2605.31426v1,2605.31426v1,CV,CV,0.7621446251869202,3,intra_paper
12102,12105,FIG_00012103,FIG_00012106,2605.31426v1,2605.31426v1,CV,CV,0.8063294887542725,1,intra_paper
12103,12105,FIG_00012104,FIG_00012106,2605.31426v1,2605.31426v1,CV,CV,0.8133817911148071,1,intra_paper
12104,12105,FIG_00012105,FIG_00012106,2605.31426v1,2605.31426v1,CV,CV,0.8637198805809021,1,intra_paper
12127,12128,FIG_00012128,FIG_00012129,2605.31376v1,2605.31376v1,CV,CV,0.8011149168014526,1,intra_paper
12136,12140,FIG_00012137,FIG_00012141,2605.31369v1,2605.31369v1,CV,CV,0.8412286043167114,1,intra_paper
12153,12160,FIG_00012154,FIG_00012161,2605.31349v1,2605.31349v1,CV,CV,0.8833980560302734,1,intra_paper
12153,12154,FIG_00012154,FIG_00012155,2605.31349v1,2605.31349v1,CV,CV,0.8657247424125671,2,intra_paper
12154,12160,FIG_00012155,FIG_00012161,2605.31349v1,2605.31349v1,CV,CV,0.8051210045814514,2,intra_paper
12156,12157,FIG_00012157,FIG_00012158,2605.31349v1,2605.31349v1,CV,CV,0.7958598136901855,1,intra_paper
12173,12175,FIG_00012174,FIG_00012176,2605.31336v1,2605.31336v1,CV,CV,0.858697235584259,1,intra_paper
12173,12174,FIG_00012174,FIG_00012175,2605.31336v1,2605.31336v1,CV,CV,0.8082228899002075,2,intra_paper
12174,12175,FIG_00012175,FIG_00012176,2605.31336v1,2605.31336v1,CV,CV,0.7748503684997559,1,intra_paper
12201,12209,FIG_00012202,FIG_00012210,2605.31283v1,2605.31283v1,CV,CV,0.8607415556907654,1,intra_paper
12201,12206,FIG_00012202,FIG_00012207,2605.31283v1,2605.31283v1,CV,CV,0.8521798849105835,2,intra_paper
12201,12205,FIG_00012202,FIG_00012206,2605.31283v1,2605.31283v1,CV,CV,0.7837263941764832,3,intra_paper
12201,12204,FIG_00012202,FIG_00012205,2605.31283v1,2605.31283v1,CV,CV,0.7726876735687256,4,intra_paper
12204,12205,FIG_00012205,FIG_00012206,2605.31283v1,2605.31283v1,CV,CV,0.7955299615859985,1,intra_paper
12206,12209,FIG_00012207,FIG_00012210,2605.31283v1,2605.31283v1,CV,CV,0.8429132699966431,1,intra_paper
12208,12210,FIG_00012209,FIG_00012211,2605.31283v1,2605.31283v1,CV,CV,0.759121298789978,1,intra_paper
12238,12240,FIG_00012239,FIG_00012241,2605.30939v1,2605.30939v1,CV,CV,0.842458963394165,1,intra_paper
12238,12241,FIG_00012239,FIG_00012242,2605.30939v1,2605.30939v1,CV,CV,0.8392179012298584,2,intra_paper
12238,12239,FIG_00012239,FIG_00012240,2605.30939v1,2605.30939v1,CV,CV,0.8346608877182007,3,intra_paper
12239,12241,FIG_00012240,FIG_00012242,2605.30939v1,2605.30939v1,CV,CV,0.8110958337783813,1,intra_paper
12239,12240,FIG_00012240,FIG_00012241,2605.30939v1,2605.30939v1,CV,CV,0.810135543346405,2,intra_paper
12245,12252,FIG_00012246,FIG_00012253,2605.30925v1,2605.30925v1,CV,CV,0.8636922240257263,2,intra_paper
12245,12254,FIG_00012246,FIG_00012255,2605.30925v1,2605.30925v1,CV,CV,0.8202648162841797,3,intra_paper
12245,12248,FIG_00012246,FIG_00012249,2605.30925v1,2605.30925v1,CV,CV,0.8141690492630005,4,intra_paper
12245,12250,FIG_00012246,FIG_00012251,2605.30925v1,2605.30925v1,CV,CV,0.7908874154090881,5,intra_paper
12246,12253,FIG_00012247,FIG_00012254,2605.30925v1,2605.30925v1,CV,CV,0.8710100650787354,1,intra_paper
12246,12252,FIG_00012247,FIG_00012253,2605.30925v1,2605.30925v1,CV,CV,0.755743682384491,2,intra_paper
12246,12254,FIG_00012247,FIG_00012255,2605.30925v1,2605.30925v1,CV,CV,0.7534016370773315,3,intra_paper
12248,12255,FIG_00012249,FIG_00012256,2605.30925v1,2605.30925v1,CV,CV,0.8596557974815369,2,intra_paper
12248,12250,FIG_00012249,FIG_00012251,2605.30925v1,2605.30925v1,CV,CV,0.8296046257019043,3,intra_paper
12248,12254,FIG_00012249,FIG_00012255,2605.30925v1,2605.30925v1,CV,CV,0.8241289854049683,4,intra_paper
12250,12255,FIG_00012251,FIG_00012256,2605.30925v1,2605.30925v1,CV,CV,0.8152520656585693,1,intra_paper
12250,12252,FIG_00012251,FIG_00012253,2605.30925v1,2605.30925v1,CV,CV,0.8028372526168823,2,intra_paper
12252,12255,FIG_00012253,FIG_00012256,2605.30925v1,2605.30925v1,CV,CV,0.8972393274307251,1,intra_paper
12252,12254,FIG_00012253,FIG_00012255,2605.30925v1,2605.30925v1,CV,CV,0.869384229183197,2,intra_paper
12252,12253,FIG_00012253,FIG_00012254,2605.30925v1,2605.30925v1,CV,CV,0.8176522850990295,4,intra_paper
12253,12254,FIG_00012254,FIG_00012255,2605.30925v1,2605.30925v1,CV,CV,0.7858989238739014,1,intra_paper
12254,12255,FIG_00012255,FIG_00012256,2605.30925v1,2605.30925v1,CV,CV,0.8720358610153198,1,intra_paper
12256,12257,FIG_00012257,FIG_00012258,2605.30925v1,2605.30925v1,CV,CV,0.800346314907074,1,intra_paper
12298,12301,FIG_00012299,FIG_00012302,2605.30893v1,2605.30893v1,CV,CV,0.7578375935554504,5,intra_paper
12299,12301,FIG_00012300,FIG_00012302,2605.30893v1,2605.30893v1,CV,CV,0.8500133752822876,5,intra_paper
12299,12306,FIG_00012300,FIG_00012307,2605.30893v1,2605.30893v1,CV,CV,0.8498268723487854,6,intra_paper
12301,12306,FIG_00012302,FIG_00012307,2605.30893v1,2605.30893v1,CV,CV,0.8699902296066284,3,intra_paper
12302,12306,FIG_00012303,FIG_00012307,2605.30893v1,2605.30893v1,CV,CV,0.8301793336868286,3,intra_paper
12302,12305,FIG_00012303,FIG_00012306,2605.30893v1,2605.30893v1,CV,CV,0.7864795923233032,15,intra_paper
12302,12304,FIG_00012303,FIG_00012305,2605.30893v1,2605.30893v1,CV,CV,0.7861645817756653,16,intra_paper
12303,12305,FIG_00012304,FIG_00012306,2605.30893v1,2605.30893v1,CV,CV,0.8551647663116455,1,intra_paper
12303,12304,FIG_00012304,FIG_00012305,2605.30893v1,2605.30893v1,CV,CV,0.8211290240287781,2,intra_paper
12304,12305,FIG_00012305,FIG_00012306,2605.30893v1,2605.30893v1,CV,CV,0.8592236638069153,1,intra_paper
12307,12309,FIG_00012308,FIG_00012310,2605.30884v1,2605.30884v1,CV,CV,0.8695569634437561,3,intra_paper
12307,12308,FIG_00012308,FIG_00012309,2605.30884v1,2605.30884v1,CV,CV,0.8517615795135498,12,intra_paper
12360,12364,FIG_00012361,FIG_00012365,2605.30829v1,2605.30829v1,CV,CV,0.7709132432937622,1,intra_paper
12365,12366,FIG_00012366,FIG_00012367,2605.30819v1,2605.30819v1,CV,CV,0.7836424112319946,1,intra_paper
12365,12368,FIG_00012366,FIG_00012369,2605.30819v1,2605.30819v1,CV,CV,0.7793055772781372,2,intra_paper
12366,12367,FIG_00012367,FIG_00012368,2605.30819v1,2605.30819v1,CV,CV,0.8795355558395386,1,intra_paper
12366,12368,FIG_00012367,FIG_00012369,2605.30819v1,2605.30819v1,CV,CV,0.8356919288635254,2,intra_paper
12367,12368,FIG_00012368,FIG_00012369,2605.30819v1,2605.30819v1,CV,CV,0.8207583427429199,1,intra_paper
12374,12376,FIG_00012375,FIG_00012377,2605.30784v1,2605.30784v1,CV,CV,0.882101833820343,16,intra_paper
12382,12398,FIG_00012383,FIG_00012399,2605.30774v1,2605.30774v1,CV,CV,0.7576461434364319,1,intra_paper
12382,12402,FIG_00012383,FIG_00012403,2605.30774v1,2605.30774v1,CV,CV,0.7502853870391846,2,intra_paper
12398,12402,FIG_00012399,FIG_00012403,2605.30774v1,2605.30774v1,CV,CV,0.8186197280883789,1,intra_paper
12398,12403,FIG_00012399,FIG_00012404,2605.30774v1,2605.30774v1,CV,CV,0.7644165754318237,2,intra_paper
12402,12403,FIG_00012403,FIG_00012404,2605.30774v1,2605.30774v1,CV,CV,0.8393136262893677,1,intra_paper
12408,12409,FIG_00012409,FIG_00012410,2605.30769v1,2605.30769v1,CV,CV,0.8721412420272827,4,intra_paper
12418,12419,FIG_00012419,FIG_00012420,2605.30745v1,2605.30745v1,CV,CV,0.8459610939025879,4,intra_paper
12432,12434,FIG_00012433,FIG_00012435,2605.30714v1,2605.30714v1,CV,CV,0.754721999168396,1,intra_paper
12446,12447,FIG_00012447,FIG_00012448,2605.30578v1,2605.30578v1,CV,CV,0.8188167810440063,1,intra_paper
12455,12480,FIG_00012456,FIG_00012481,2605.30578v1,2605.30578v1,CV,CV,0.8852267861366272,5,intra_paper
12455,12483,FIG_00012456,FIG_00012484,2605.30578v1,2605.30578v1,CV,CV,0.8791760206222534,6,intra_paper
12455,12482,FIG_00012456,FIG_00012483,2605.30578v1,2605.30578v1,CV,CV,0.8633996844291687,7,intra_paper
12455,12485,FIG_00012456,FIG_00012486,2605.30578v1,2605.30578v1,CV,CV,0.862146258354187,8,intra_paper
12455,12481,FIG_00012456,FIG_00012482,2605.30578v1,2605.30578v1,CV,CV,0.8522254228591919,9,intra_paper
12455,12484,FIG_00012456,FIG_00012485,2605.30578v1,2605.30578v1,CV,CV,0.8471378684043884,10,intra_paper
12455,12478,FIG_00012456,FIG_00012479,2605.30578v1,2605.30578v1,CV,CV,0.8469985723495483,11,intra_paper
12462,12463,FIG_00012463,FIG_00012464,2605.30578v1,2605.30578v1,CV,CV,0.7588323354721069,1,intra_paper
12533,12534,FIG_00012534,FIG_00012535,2605.30444v1,2605.30444v1,CV,CV,0.8530181646347046,1,intra_paper
12533,12535,FIG_00012534,FIG_00012536,2605.30444v1,2605.30444v1,CV,CV,0.7800912857055664,2,intra_paper
12534,12535,FIG_00012535,FIG_00012536,2605.30444v1,2605.30444v1,CV,CV,0.8489856719970703,1,intra_paper
12534,12540,FIG_00012535,FIG_00012541,2605.30444v1,2605.30444v1,CV,CV,0.7785971760749817,2,intra_paper
12534,12539,FIG_00012535,FIG_00012540,2605.30444v1,2605.30444v1,CV,CV,0.7726969122886658,3,intra_paper
12535,12539,FIG_00012536,FIG_00012540,2605.30444v1,2605.30444v1,CV,CV,0.8431599140167236,1,intra_paper
12535,12538,FIG_00012536,FIG_00012539,2605.30444v1,2605.30444v1,CV,CV,0.7618080377578735,2,intra_paper
12538,12540,FIG_00012539,FIG_00012541,2605.30444v1,2605.30444v1,CV,CV,0.8195319175720215,1,intra_paper
12538,12539,FIG_00012539,FIG_00012540,2605.30444v1,2605.30444v1,CV,CV,0.8079171180725098,2,intra_paper
12567,12568,FIG_00012568,FIG_00012569,2605.30325v1,2605.30325v1,CV,CV,0.8138781785964966,1,intra_paper
12621,12622,FIG_00012622,FIG_00012623,2605.30263v1,2605.30263v1,CV,CV,0.8995815515518188,1,intra_paper
12630,12631,FIG_00012631,FIG_00012632,2605.30256v1,2605.30256v1,CV,CV,0.8673222064971924,9,intra_paper
12637,12648,FIG_00012638,FIG_00012649,2605.30250v1,2605.30250v1,CV,CV,0.8647016286849976,2,intra_paper
12638,12648,FIG_00012639,FIG_00012649,2605.30250v1,2605.30250v1,CV,CV,0.8780701160430908,1,intra_paper
12670,12671,FIG_00012671,FIG_00012672,2605.30235v1,2605.30235v1,CV,CV,0.7790135145187378,1,intra_paper
12674,12687,FIG_00012675,FIG_00012688,2605.30230v1,2605.30230v1,CV,CV,0.770048201084137,7,intra_paper
12685,12687,FIG_00012686,FIG_00012688,2605.30230v1,2605.30230v1,CV,CV,0.7650887966156006,1,intra_paper
12702,12703,FIG_00012703,FIG_00012704,2605.30211v1,2605.30211v1,CV,CV,0.8962576985359192,1,intra_paper
12712,12714,FIG_00012713,FIG_00012715,2605.30174v1,2605.30174v1,CV,CV,0.796005368232727,1,intra_paper
12712,12713,FIG_00012713,FIG_00012714,2605.30174v1,2605.30174v1,CV,CV,0.7710765600204468,2,intra_paper
12713,12714,FIG_00012714,FIG_00012715,2605.30174v1,2605.30174v1,CV,CV,0.7809482216835022,1,intra_paper
12719,12723,FIG_00012720,FIG_00012724,2605.30168v1,2605.30168v1,CV,CV,0.8517666459083557,2,intra_paper
12723,12725,FIG_00012724,FIG_00012726,2605.30168v1,2605.30168v1,CV,CV,0.8333131670951843,1,intra_paper
12729,12734,FIG_00012730,FIG_00012735,2605.30168v1,2605.30168v1,CV,CV,0.803187370300293,5,intra_paper
12729,12731,FIG_00012730,FIG_00012732,2605.30168v1,2605.30168v1,CV,CV,0.7809215188026428,8,intra_paper
12731,12734,FIG_00012732,FIG_00012735,2605.30168v1,2605.30168v1,CV,CV,0.7890619039535522,1,intra_paper
12737,12742,FIG_00012738,FIG_00012743,2605.30161v1,2605.30161v1,CV,CV,0.8213079571723938,1,intra_paper
12741,12753,FIG_00012742,FIG_00012754,2605.30161v1,2605.30161v1,CV,CV,0.8203599452972412,4,intra_paper
12741,12751,FIG_00012742,FIG_00012752,2605.30161v1,2605.30161v1,CV,CV,0.8059172630310059,5,intra_paper
12741,12752,FIG_00012742,FIG_00012753,2605.30161v1,2605.30161v1,CV,CV,0.804616391658783,6,intra_paper
12763,12765,FIG_00012764,FIG_00012766,2605.30131v1,2605.30131v1,CV,CV,0.8948999643325806,3,intra_paper
12801,12808,FIG_00012802,FIG_00012809,2605.30083v1,2605.30083v1,CV,CV,0.8846907615661621,2,intra_paper
12801,12807,FIG_00012802,FIG_00012808,2605.30083v1,2605.30083v1,CV,CV,0.8827471733093262,3,intra_paper
12801,12806,FIG_00012802,FIG_00012807,2605.30083v1,2605.30083v1,CV,CV,0.8796858787536621,4,intra_paper
12807,12817,FIG_00012808,FIG_00012818,2605.30083v1,2605.30083v1,CV,CV,0.8915201425552368,3,intra_paper
12813,12816,FIG_00012814,FIG_00012817,2605.30083v1,2605.30083v1,CV,CV,0.8731911182403564,1,intra_paper
12873,12874,FIG_00012874,FIG_00012875,2605.29997v1,2605.29997v1,CV,CV,0.8157035112380981,1,intra_paper
12879,12881,FIG_00012880,FIG_00012882,2605.29953v1,2605.29953v1,CV,CV,0.7974234223365784,1,intra_paper
12905,12907,FIG_00012906,FIG_00012908,2605.29868v1,2605.29868v1,CV,CV,0.8859187960624695,2,intra_paper
12905,12906,FIG_00012906,FIG_00012907,2605.29868v1,2605.29868v1,CV,CV,0.8289559483528137,7,intra_paper
12906,12909,FIG_00012907,FIG_00012910,2605.29868v1,2605.29868v1,CV,CV,0.8773277401924133,2,intra_paper
12908,12909,FIG_00012909,FIG_00012910,2605.29868v1,2605.29868v1,CV,CV,0.8636229038238525,1,intra_paper
12928,12929,FIG_00012929,FIG_00012930,2605.29793v1,2605.29793v1,CV,CV,0.7834230065345764,1,intra_paper
12958,12959,FIG_00012959,FIG_00012960,2605.29703v1,2605.29703v1,CV,CV,0.8526467680931091,4,intra_paper
12958,12969,FIG_00012959,FIG_00012970,2605.29703v1,2605.29703v1,CV,CV,0.8346372842788696,5,intra_paper
12958,12960,FIG_00012959,FIG_00012961,2605.29703v1,2605.29703v1,CV,CV,0.8282116055488586,6,intra_paper
12959,12971,FIG_00012960,FIG_00012972,2605.29703v1,2605.29703v1,CV,CV,0.8424954414367676,1,intra_paper
12959,12961,FIG_00012960,FIG_00012962,2605.29703v1,2605.29703v1,CV,CV,0.7698636054992676,2,intra_paper
12959,12985,FIG_00012960,FIG_00012986,2605.29703v1,2605.29703v1,CV,CV,0.7631491422653198,3,intra_paper
12959,12962,FIG_00012960,FIG_00012963,2605.29703v1,2605.29703v1,CV,CV,0.7626772522926331,4,intra_paper
12959,12983,FIG_00012960,FIG_00012984,2605.29703v1,2605.29703v1,CV,CV,0.753833532333374,5,intra_paper
12960,12969,FIG_00012961,FIG_00012970,2605.29703v1,2605.29703v1,CV,CV,0.8369004130363464,1,intra_paper
12960,12971,FIG_00012961,FIG_00012972,2605.29703v1,2605.29703v1,CV,CV,0.8313422203063965,2,intra_paper
12960,12985,FIG_00012961,FIG_00012986,2605.29703v1,2605.29703v1,CV,CV,0.8133326768875122,3,intra_paper
12960,12983,FIG_00012961,FIG_00012984,2605.29703v1,2605.29703v1,CV,CV,0.8064634799957275,4,intra_paper
12968,12970,FIG_00012969,FIG_00012971,2605.29703v1,2605.29703v1,CV,CV,0.8830522298812866,1,intra_paper
12968,12980,FIG_00012969,FIG_00012981,2605.29703v1,2605.29703v1,CV,CV,0.8786232471466064,2,intra_paper
12968,12978,FIG_00012969,FIG_00012979,2605.29703v1,2605.29703v1,CV,CV,0.8776708245277405,3,intra_paper
12968,12975,FIG_00012969,FIG_00012976,2605.29703v1,2605.29703v1,CV,CV,0.8760979175567627,4,intra_paper
12968,12982,FIG_00012969,FIG_00012983,2605.29703v1,2605.29703v1,CV,CV,0.8578556776046753,5,intra_paper
12968,12979,FIG_00012969,FIG_00012980,2605.29703v1,2605.29703v1,CV,CV,0.8277947306632996,6,intra_paper
12968,12977,FIG_00012969,FIG_00012978,2605.29703v1,2605.29703v1,CV,CV,0.7547944784164429,7,intra_paper
12969,12971,FIG_00012970,FIG_00012972,2605.29703v1,2605.29703v1,CV,CV,0.8964982032775879,1,intra_paper
12969,12985,FIG_00012970,FIG_00012986,2605.29703v1,2605.29703v1,CV,CV,0.7731963992118835,2,intra_paper
12969,12983,FIG_00012970,FIG_00012984,2605.29703v1,2605.29703v1,CV,CV,0.7669041156768799,3,intra_paper
12970,12975,FIG_00012971,FIG_00012976,2605.29703v1,2605.29703v1,CV,CV,0.8893358111381531,1,intra_paper
12970,12982,FIG_00012971,FIG_00012983,2605.29703v1,2605.29703v1,CV,CV,0.8568894863128662,2,intra_paper
12970,12978,FIG_00012971,FIG_00012979,2605.29703v1,2605.29703v1,CV,CV,0.8060880899429321,3,intra_paper
12970,12980,FIG_00012971,FIG_00012981,2605.29703v1,2605.29703v1,CV,CV,0.7912123799324036,4,intra_paper
12970,12979,FIG_00012971,FIG_00012980,2605.29703v1,2605.29703v1,CV,CV,0.7831991910934448,5,intra_paper
12971,12985,FIG_00012972,FIG_00012986,2605.29703v1,2605.29703v1,CV,CV,0.8428412079811096,1,intra_paper
12971,12983,FIG_00012972,FIG_00012984,2605.29703v1,2605.29703v1,CV,CV,0.8349636197090149,2,intra_paper
12972,12973,FIG_00012973,FIG_00012974,2605.29703v1,2605.29703v1,CV,CV,0.8884681463241577,1,intra_paper
12974,12976,FIG_00012975,FIG_00012977,2605.29703v1,2605.29703v1,CV,CV,0.8800395727157593,1,intra_paper
12975,12982,FIG_00012976,FIG_00012983,2605.29703v1,2605.29703v1,CV,CV,0.8973773717880249,2,intra_paper
12975,12979,FIG_00012976,FIG_00012980,2605.29703v1,2605.29703v1,CV,CV,0.8491132259368896,3,intra_paper
12975,12980,FIG_00012976,FIG_00012981,2605.29703v1,2605.29703v1,CV,CV,0.8176619410514832,4,intra_paper
12977,12979,FIG_00012978,FIG_00012980,2605.29703v1,2605.29703v1,CV,CV,0.8647305369377136,1,intra_paper
12978,12980,FIG_00012979,FIG_00012981,2605.29703v1,2605.29703v1,CV,CV,0.8287237882614136,1,intra_paper
12978,12982,FIG_00012979,FIG_00012983,2605.29703v1,2605.29703v1,CV,CV,0.7843948602676392,2,intra_paper
12979,12982,FIG_00012980,FIG_00012983,2605.29703v1,2605.29703v1,CV,CV,0.8415704965591431,1,intra_paper
12979,12980,FIG_00012980,FIG_00012981,2605.29703v1,2605.29703v1,CV,CV,0.7824047207832336,2,intra_paper
12981,12984,FIG_00012982,FIG_00012985,2605.29703v1,2605.29703v1,CV,CV,0.8403928279876709,1,intra_paper
12986,12989,FIG_00012987,FIG_00012990,2605.29691v1,2605.29691v1,CV,CV,0.8728772401809692,1,intra_paper
12986,12995,FIG_00012987,FIG_00012996,2605.29691v1,2605.29691v1,CV,CV,0.8720213174819946,2,intra_paper
12988,12989,FIG_00012989,FIG_00012990,2605.29691v1,2605.29691v1,CV,CV,0.7611570954322815,6,intra_paper
13019,13020,FIG_00013020,FIG_00013021,2605.29661v1,2605.29661v1,CV,CV,0.7648439407348633,1,intra_paper
13020,13023,FIG_00013021,FIG_00013024,2605.29661v1,2605.29661v1,CV,CV,0.7738324403762817,1,intra_paper
13025,13028,FIG_00013026,FIG_00013029,2605.29655v2,2605.29655v2,CV,CV,0.8104816675186157,1,intra_paper
13037,13038,FIG_00013038,FIG_00013039,2605.29643v1,2605.29643v1,CV,CV,0.8500384092330933,1,intra_paper
13156,13162,FIG_00013157,FIG_00013163,2605.29471v1,2605.29471v1,CV,CV,0.8182381391525269,1,intra_paper
13156,13160,FIG_00013157,FIG_00013161,2605.29471v1,2605.29471v1,CV,CV,0.8071461319923401,2,intra_paper
13156,13163,FIG_00013157,FIG_00013164,2605.29471v1,2605.29471v1,CV,CV,0.7607877850532532,3,intra_paper
13170,13172,FIG_00013171,FIG_00013173,2605.29461v1,2605.29461v1,CV,CV,0.8220200538635254,3,intra_paper
13194,13199,FIG_00013195,FIG_00013200,2605.29447v1,2605.29447v1,CV,CV,0.8773478269577026,3,intra_paper
13194,13198,FIG_00013195,FIG_00013199,2605.29447v1,2605.29447v1,CV,CV,0.8715624809265137,4,intra_paper
13201,13204,FIG_00013202,FIG_00013205,2605.29429v1,2605.29429v1,CV,CV,0.8921457529067993,1,intra_paper
13202,13205,FIG_00013203,FIG_00013206,2605.29429v1,2605.29429v1,CV,CV,0.8032197952270508,5,intra_paper
13202,13203,FIG_00013203,FIG_00013204,2605.29429v1,2605.29429v1,CV,CV,0.7922903895378113,10,intra_paper
13206,13210,FIG_00013207,FIG_00013211,2605.29417v2,2605.29417v2,CV,CV,0.7715544104576111,1,intra_paper
13250,13251,FIG_00013251,FIG_00013252,2605.29341v1,2605.29341v1,CV,CV,0.7859312295913696,2,intra_paper
13287,13288,FIG_00013288,FIG_00013289,2605.29316v1,2605.29316v1,CV,CV,0.8427705764770508,1,intra_paper
13287,13291,FIG_00013288,FIG_00013292,2605.29316v1,2605.29316v1,CV,CV,0.7979851365089417,2,intra_paper
13287,13289,FIG_00013288,FIG_00013290,2605.29316v1,2605.29316v1,CV,CV,0.7682461738586426,3,intra_paper
13288,13289,FIG_00013289,FIG_00013290,2605.29316v1,2605.29316v1,CV,CV,0.8729058504104614,2,intra_paper
13310,13316,FIG_00013311,FIG_00013317,2605.29260v1,2605.29260v1,CV,CV,0.7758684158325195,1,intra_paper
13310,13311,FIG_00013311,FIG_00013312,2605.29260v1,2605.29260v1,CV,CV,0.7704951167106628,2,intra_paper
13311,13316,FIG_00013312,FIG_00013317,2605.29260v1,2605.29260v1,CV,CV,0.8174442648887634,2,intra_paper
13312,13316,FIG_00013313,FIG_00013317,2605.29260v1,2605.29260v1,CV,CV,0.81690514087677,1,intra_paper
13326,13335,FIG_00013327,FIG_00013336,2605.29221v1,2605.29221v1,CV,CV,0.8053136467933655,1,intra_paper
13326,13333,FIG_00013327,FIG_00013334,2605.29221v1,2605.29221v1,CV,CV,0.7750749588012695,2,intra_paper
13326,13330,FIG_00013327,FIG_00013331,2605.29221v1,2605.29221v1,CV,CV,0.7738435864448547,3,intra_paper
13328,13329,FIG_00013329,FIG_00013330,2605.29221v1,2605.29221v1,CV,CV,0.8284919857978821,1,intra_paper
13330,13337,FIG_00013331,FIG_00013338,2605.29221v1,2605.29221v1,CV,CV,0.8053759932518005,1,intra_paper
13330,13335,FIG_00013331,FIG_00013336,2605.29221v1,2605.29221v1,CV,CV,0.7787970304489136,2,intra_paper
13332,13336,FIG_00013333,FIG_00013337,2605.29221v1,2605.29221v1,CV,CV,0.7809887528419495,1,intra_paper
13333,13335,FIG_00013334,FIG_00013336,2605.29221v1,2605.29221v1,CV,CV,0.8338170051574707,1,intra_paper
13335,13337,FIG_00013336,FIG_00013338,2605.29221v1,2605.29221v1,CV,CV,0.8287797570228577,1,intra_paper
13338,13340,FIG_00013339,FIG_00013341,2605.29220v1,2605.29220v1,CV,CV,0.7982586622238159,1,intra_paper
13339,13342,FIG_00013340,FIG_00013343,2605.29220v1,2605.29220v1,CV,CV,0.8492563962936401,1,intra_paper
13339,13341,FIG_00013340,FIG_00013342,2605.29220v1,2605.29220v1,CV,CV,0.8471046090126038,2,intra_paper
13350,13351,FIG_00013351,FIG_00013352,2605.29217v1,2605.29217v1,CV,CV,0.8618225455284119,1,intra_paper
13350,13353,FIG_00013351,FIG_00013354,2605.29217v1,2605.29217v1,CV,CV,0.7874011993408203,5,intra_paper
13351,13353,FIG_00013352,FIG_00013354,2605.29217v1,2605.29217v1,CV,CV,0.8909456133842468,1,intra_paper
13371,13373,FIG_00013372,FIG_00013374,2605.29122v1,2605.29122v1,CV,CV,0.8084962368011475,1,intra_paper
13371,13372,FIG_00013372,FIG_00013373,2605.29122v1,2605.29122v1,CV,CV,0.7830157279968262,2,intra_paper
13372,13373,FIG_00013373,FIG_00013374,2605.29122v1,2605.29122v1,CV,CV,0.8689480423927307,1,intra_paper
13374,13375,FIG_00013375,FIG_00013376,2605.29122v1,2605.29122v1,CV,CV,0.8788686394691467,1,intra_paper
13377,13378,FIG_00013378,FIG_00013379,2605.29098v1,2605.29098v1,CV,CV,0.883076548576355,2,intra_paper
13378,13380,FIG_00013379,FIG_00013381,2605.29098v1,2605.29098v1,CV,CV,0.8754990696907043,1,intra_paper
13384,13385,FIG_00013385,FIG_00013386,2605.29098v1,2605.29098v1,CV,CV,0.8678669333457947,1,intra_paper
13384,13388,FIG_00013385,FIG_00013389,2605.29098v1,2605.29098v1,CV,CV,0.8020079135894775,2,intra_paper
13385,13388,FIG_00013386,FIG_00013389,2605.29098v1,2605.29098v1,CV,CV,0.7586512565612793,1,intra_paper
13393,13398,FIG_00013394,FIG_00013399,2605.29097v1,2605.29097v1,CV,CV,0.8001158833503723,1,intra_paper
13399,13403,FIG_00013400,FIG_00013404,2605.29097v1,2605.29097v1,CV,CV,0.8497411012649536,3,intra_paper
13399,13402,FIG_00013400,FIG_00013403,2605.29097v1,2605.29097v1,CV,CV,0.8348696231842041,4,intra_paper
13400,13403,FIG_00013401,FIG_00013404,2605.29097v1,2605.29097v1,CV,CV,0.8363174200057983,2,intra_paper
13400,13402,FIG_00013401,FIG_00013403,2605.29097v1,2605.29097v1,CV,CV,0.7527551651000977,3,intra_paper
13401,13402,FIG_00013402,FIG_00013403,2605.29097v1,2605.29097v1,CV,CV,0.8409200310707092,1,intra_paper
13401,13403,FIG_00013402,FIG_00013404,2605.29097v1,2605.29097v1,CV,CV,0.8251330852508545,2,intra_paper
13402,13403,FIG_00013403,FIG_00013404,2605.29097v1,2605.29097v1,CV,CV,0.7697651386260986,1,intra_paper
13429,13436,FIG_00013430,FIG_00013437,2605.29012v1,2605.29012v1,CV,CV,0.8896157741546631,1,intra_paper
13429,13437,FIG_00013430,FIG_00013438,2605.29012v1,2605.29012v1,CV,CV,0.8547251224517822,2,intra_paper
13444,13450,FIG_00013445,FIG_00013451,2605.28995v1,2605.28995v1,CV,CV,0.8829842209815979,1,intra_paper
13462,13465,FIG_00013463,FIG_00013466,2605.28962v1,2605.28962v1,CV,CV,0.7822057604789734,1,intra_paper
13479,13480,FIG_00013480,FIG_00013481,2605.28811v1,2605.28811v1,CV,CV,0.8255636692047119,1,intra_paper
13495,13497,FIG_00013496,FIG_00013498,2605.28806v1,2605.28806v1,CV,CV,0.897089958190918,8,intra_paper
13495,13496,FIG_00013496,FIG_00013497,2605.28806v1,2605.28806v1,CV,CV,0.8862760066986084,10,intra_paper
13495,13502,FIG_00013496,FIG_00013503,2605.28806v1,2605.28806v1,CV,CV,0.8803006410598755,11,intra_paper
13498,13505,FIG_00013499,FIG_00013506,2605.28806v1,2605.28806v1,CV,CV,0.8926165103912354,9,intra_paper
13498,13502,FIG_00013499,FIG_00013503,2605.28806v1,2605.28806v1,CV,CV,0.8776260018348694,10,intra_paper
13502,13504,FIG_00013503,FIG_00013505,2605.28806v1,2605.28806v1,CV,CV,0.865261971950531,2,intra_paper
13502,13503,FIG_00013503,FIG_00013504,2605.28806v1,2605.28806v1,CV,CV,0.8306763172149658,6,intra_paper
13524,13525,FIG_00013525,FIG_00013526,2605.28691v1,2605.28691v1,CV,CV,0.8942633867263794,1,intra_paper
13526,13527,FIG_00013527,FIG_00013528,2605.28691v1,2605.28691v1,CV,CV,0.7854002714157104,9,intra_paper
13550,13551,FIG_00013551,FIG_00013552,2605.28630v1,2605.28630v1,CV,CV,0.851566731929779,2,intra_paper
13552,13554,FIG_00013553,FIG_00013555,2605.28619v1,2605.28619v1,CV,CV,0.8782941102981567,1,intra_paper
13552,13555,FIG_00013553,FIG_00013556,2605.28619v1,2605.28619v1,CV,CV,0.8523769974708557,7,intra_paper
13576,13581,FIG_00013577,FIG_00013582,2605.28605v1,2605.28605v1,CV,CV,0.8661240935325623,10,intra_paper
13591,13593,FIG_00013592,FIG_00013594,2605.28587v1,2605.28587v1,CV,CV,0.8288386464118958,1,intra_paper
13623,13624,FIG_00013624,FIG_00013625,2605.28495v1,2605.28495v1,CV,CV,0.8971879482269287,9,intra_paper
13644,13653,FIG_00013645,FIG_00013654,2605.28442v2,2605.28442v2,CV,CV,0.8961718082427979,1,intra_paper
13644,13654,FIG_00013645,FIG_00013655,2605.28442v2,2605.28442v2,CV,CV,0.8819365501403809,2,intra_paper
13644,13656,FIG_00013645,FIG_00013657,2605.28442v2,2605.28442v2,CV,CV,0.819991409778595,3,intra_paper
13644,13650,FIG_00013645,FIG_00013651,2605.28442v2,2605.28442v2,CV,CV,0.7875989675521851,4,intra_paper
13644,13655,FIG_00013645,FIG_00013656,2605.28442v2,2605.28442v2,CV,CV,0.7575240135192871,5,intra_paper
13650,13654,FIG_00013651,FIG_00013655,2605.28442v2,2605.28442v2,CV,CV,0.815316915512085,1,intra_paper
13650,13653,FIG_00013651,FIG_00013654,2605.28442v2,2605.28442v2,CV,CV,0.7825028896331787,2,intra_paper
13650,13652,FIG_00013651,FIG_00013653,2605.28442v2,2605.28442v2,CV,CV,0.7666370868682861,3,intra_paper
13653,13654,FIG_00013654,FIG_00013655,2605.28442v2,2605.28442v2,CV,CV,0.848728597164154,1,intra_paper
13654,13656,FIG_00013655,FIG_00013657,2605.28442v2,2605.28442v2,CV,CV,0.7657586336135864,1,intra_paper
13655,13656,FIG_00013656,FIG_00013657,2605.28442v2,2605.28442v2,CV,CV,0.897267758846283,1,intra_paper
13667,13669,FIG_00013668,FIG_00013670,2605.28401v1,2605.28401v1,CV,CV,0.7619912624359131,1,intra_paper
13689,13690,FIG_00013690,FIG_00013691,2605.31476v1,2605.31476v1,ROBOTICS,ROBOTICS,0.840854823589325,1,intra_paper
13699,13702,FIG_00013700,FIG_00013703,2605.31460v1,2605.31460v1,ROBOTICS,ROBOTICS,0.8824578523635864,2,intra_paper
13701,13702,FIG_00013702,FIG_00013703,2605.31460v1,2605.31460v1,ROBOTICS,ROBOTICS,0.8948146104812622,3,intra_paper
13703,13704,FIG_00013704,FIG_00013705,2605.31460v1,2605.31460v1,ROBOTICS,ROBOTICS,0.7649197578430176,1,intra_paper
13723,13724,FIG_00013724,FIG_00013725,2605.31387v1,2605.31387v1,ROBOTICS,ROBOTICS,0.8955639600753784,3,intra_paper
13725,13732,FIG_00013726,FIG_00013733,2605.31387v1,2605.31387v1,ROBOTICS,ROBOTICS,0.8946415185928345,5,intra_paper
13749,13753,FIG_00013750,FIG_00013754,2605.31343v1,2605.31343v1,ROBOTICS,ROBOTICS,0.76157546043396,1,intra_paper
13760,13761,FIG_00013761,FIG_00013762,2605.31321v1,2605.31321v1,ROBOTICS,ROBOTICS,0.8206919431686401,1,intra_paper
13780,13781,FIG_00013781,FIG_00013782,2605.31256v1,2605.31256v1,ROBOTICS,ROBOTICS,0.8933898210525513,2,intra_paper
13780,13784,FIG_00013781,FIG_00013785,2605.31256v1,2605.31256v1,ROBOTICS,ROBOTICS,0.8858169317245483,5,intra_paper
13785,13786,FIG_00013786,FIG_00013787,2605.31256v1,2605.31256v1,ROBOTICS,ROBOTICS,0.8754336833953857,2,intra_paper
13788,13789,FIG_00013789,FIG_00013790,2605.31234v1,2605.31234v1,ROBOTICS,ROBOTICS,0.7879782319068909,2,intra_paper
13820,13825,FIG_00013821,FIG_00013826,2605.30989v1,2605.30989v1,ROBOTICS,ROBOTICS,0.7918801307678223,1,intra_paper
13880,13888,FIG_00013881,FIG_00013889,2605.30770v1,2605.30770v1,ROBOTICS,ROBOTICS,0.7557689547538757,1,intra_paper
13892,13896,FIG_00013893,FIG_00013897,2605.30696v1,2605.30696v1,ROBOTICS,ROBOTICS,0.7939022183418274,1,intra_paper
13893,13897,FIG_00013894,FIG_00013898,2605.30696v1,2605.30696v1,ROBOTICS,ROBOTICS,0.8883797526359558,9,intra_paper
13894,13897,FIG_00013895,FIG_00013898,2605.30696v1,2605.30696v1,ROBOTICS,ROBOTICS,0.8872488737106323,7,intra_paper
13895,13896,FIG_00013896,FIG_00013897,2605.30696v1,2605.30696v1,ROBOTICS,ROBOTICS,0.8506367206573486,3,intra_paper
13904,13909,FIG_00013905,FIG_00013910,2605.30647v1,2605.30647v1,ROBOTICS,ROBOTICS,0.7544671297073364,8,intra_paper
13931,13932,FIG_00013932,FIG_00013933,2605.30508v1,2605.30508v1,ROBOTICS,ROBOTICS,0.8968823552131653,1,intra_paper
13943,13948,FIG_00013944,FIG_00013949,2605.30503v1,2605.30503v1,ROBOTICS,ROBOTICS,0.8150871992111206,2,intra_paper
13943,13947,FIG_00013944,FIG_00013948,2605.30503v1,2605.30503v1,ROBOTICS,ROBOTICS,0.8150871992111206,3,intra_paper
13944,13948,FIG_00013945,FIG_00013949,2605.30503v1,2605.30503v1,ROBOTICS,ROBOTICS,0.8750438690185547,1,intra_paper
13944,13947,FIG_00013945,FIG_00013948,2605.30503v1,2605.30503v1,ROBOTICS,ROBOTICS,0.8750438690185547,2,intra_paper
13944,13949,FIG_00013945,FIG_00013950,2605.30503v1,2605.30503v1,ROBOTICS,ROBOTICS,0.7523604035377502,3,intra_paper
13944,13946,FIG_00013945,FIG_00013947,2605.30503v1,2605.30503v1,ROBOTICS,ROBOTICS,0.7523604035377502,4,intra_paper
13945,13948,FIG_00013946,FIG_00013949,2605.30503v1,2605.30503v1,ROBOTICS,ROBOTICS,0.7819084525108337,1,intra_paper
13945,13947,FIG_00013946,FIG_00013948,2605.30503v1,2605.30503v1,ROBOTICS,ROBOTICS,0.7819084525108337,2,intra_paper
13961,13962,FIG_00013962,FIG_00013963,2605.30484v1,2605.30484v1,ROBOTICS,ROBOTICS,0.8714479207992554,1,intra_paper
13998,13999,FIG_00013999,FIG_00014000,2605.29771v1,2605.29771v1,ROBOTICS,ROBOTICS,0.8155087232589722,1,intra_paper
14000,14006,FIG_00014001,FIG_00014007,2605.29766v1,2605.29766v1,ROBOTICS,ROBOTICS,0.7746711373329163,1,intra_paper
14006,14009,FIG_00014007,FIG_00014010,2605.29766v1,2605.29766v1,ROBOTICS,ROBOTICS,0.7882295250892639,1,intra_paper
14027,14031,FIG_00014028,FIG_00014032,2605.29704v1,2605.29704v1,ROBOTICS,ROBOTICS,0.8114951848983765,1,intra_paper
14029,14031,FIG_00014030,FIG_00014032,2605.29704v1,2605.29704v1,ROBOTICS,ROBOTICS,0.8024538159370422,2,intra_paper
14038,14040,FIG_00014039,FIG_00014041,2605.29663v1,2605.29663v1,ROBOTICS,ROBOTICS,0.8437775373458862,1,intra_paper
14052,14053,FIG_00014053,FIG_00014054,2605.29605v1,2605.29605v1,ROBOTICS,ROBOTICS,0.8163039684295654,1,intra_paper
14059,14060,FIG_00014060,FIG_00014061,2605.29572v1,2605.29572v1,ROBOTICS,ROBOTICS,0.8894465565681458,2,intra_paper
14059,14061,FIG_00014060,FIG_00014062,2605.29572v1,2605.29572v1,ROBOTICS,ROBOTICS,0.888275682926178,3,intra_paper
14066,14068,FIG_00014067,FIG_00014069,2605.29564v1,2605.29564v1,ROBOTICS,ROBOTICS,0.794264554977417,1,intra_paper
14069,14079,FIG_00014070,FIG_00014080,2605.29438v1,2605.29438v1,ROBOTICS,ROBOTICS,0.8344342112541199,1,intra_paper
14071,14077,FIG_00014072,FIG_00014078,2605.29438v1,2605.29438v1,ROBOTICS,ROBOTICS,0.7663812637329102,3,intra_paper
14071,14074,FIG_00014072,FIG_00014075,2605.29438v1,2605.29438v1,ROBOTICS,ROBOTICS,0.76560378074646,4,intra_paper
14074,14077,FIG_00014075,FIG_00014078,2605.29438v1,2605.29438v1,ROBOTICS,ROBOTICS,0.8855863213539124,1,intra_paper
14074,14075,FIG_00014075,FIG_00014076,2605.29438v1,2605.29438v1,ROBOTICS,ROBOTICS,0.8319204449653625,2,intra_paper
14074,14076,FIG_00014075,FIG_00014077,2605.29438v1,2605.29438v1,ROBOTICS,ROBOTICS,0.7841339707374573,3,intra_paper
14074,14078,FIG_00014075,FIG_00014079,2605.29438v1,2605.29438v1,ROBOTICS,ROBOTICS,0.7690434455871582,4,intra_paper
14075,14077,FIG_00014076,FIG_00014078,2605.29438v1,2605.29438v1,ROBOTICS,ROBOTICS,0.8506720066070557,1,intra_paper
14075,14076,FIG_00014076,FIG_00014077,2605.29438v1,2605.29438v1,ROBOTICS,ROBOTICS,0.7688332796096802,2,intra_paper
14076,14077,FIG_00014077,FIG_00014078,2605.29438v1,2605.29438v1,ROBOTICS,ROBOTICS,0.7965347170829773,2,intra_paper
14079,14081,FIG_00014080,FIG_00014082,2605.29438v1,2605.29438v1,ROBOTICS,ROBOTICS,0.8055763244628906,1,intra_paper
14080,14083,FIG_00014081,FIG_00014084,2605.29438v1,2605.29438v1,ROBOTICS,ROBOTICS,0.8406522274017334,1,intra_paper
14080,14084,FIG_00014081,FIG_00014085,2605.29438v1,2605.29438v1,ROBOTICS,ROBOTICS,0.8361091613769531,2,intra_paper
14080,14082,FIG_00014081,FIG_00014083,2605.29438v1,2605.29438v1,ROBOTICS,ROBOTICS,0.8340299129486084,3,intra_paper
14081,14086,FIG_00014082,FIG_00014087,2605.29438v1,2605.29438v1,ROBOTICS,ROBOTICS,0.8371902704238892,1,intra_paper
14085,14091,FIG_00014086,FIG_00014092,2605.29438v1,2605.29438v1,ROBOTICS,ROBOTICS,0.8889341950416565,1,intra_paper
14085,14092,FIG_00014086,FIG_00014093,2605.29438v1,2605.29438v1,ROBOTICS,ROBOTICS,0.8663854598999023,2,intra_paper
14107,14108,FIG_00014108,FIG_00014109,2605.29409v1,2605.29409v1,ROBOTICS,ROBOTICS,0.8472658395767212,8,intra_paper
14112,14119,FIG_00014113,FIG_00014120,2605.29407v1,2605.29407v1,ROBOTICS,ROBOTICS,0.7864745855331421,1,intra_paper
14117,14119,FIG_00014118,FIG_00014120,2605.29407v1,2605.29407v1,ROBOTICS,ROBOTICS,0.8315290212631226,1,intra_paper
14117,14118,FIG_00014118,FIG_00014119,2605.29407v1,2605.29407v1,ROBOTICS,ROBOTICS,0.7652431130409241,2,intra_paper
14118,14119,FIG_00014119,FIG_00014120,2605.29407v1,2605.29407v1,ROBOTICS,ROBOTICS,0.8508598208427429,1,intra_paper
14122,14124,FIG_00014123,FIG_00014125,2605.29378v1,2605.29378v1,ROBOTICS,ROBOTICS,0.8137155771255493,1,intra_paper
14170,14173,FIG_00014171,FIG_00014174,2605.30973v1,2605.30973v1,IMAGING,IMAGING,0.8618041276931763,1,intra_paper
14170,14171,FIG_00014171,FIG_00014172,2605.30973v1,2605.30973v1,IMAGING,IMAGING,0.7774499654769897,2,intra_paper
14170,14172,FIG_00014171,FIG_00014173,2605.30973v1,2605.30973v1,IMAGING,IMAGING,0.7642943859100342,5,intra_paper
14188,14193,FIG_00014189,FIG_00014194,2605.29808v2,2605.29808v2,IMAGING,IMAGING,0.8517952561378479,1,intra_paper
14189,14193,FIG_00014190,FIG_00014194,2605.29808v2,2605.29808v2,IMAGING,IMAGING,0.7559638619422913,1,intra_paper
14190,14191,FIG_00014191,FIG_00014192,2605.29808v2,2605.29808v2,IMAGING,IMAGING,0.8618051409721375,1,intra_paper
14195,14196,FIG_00014196,FIG_00014197,2605.27139v1,2605.27139v1,IMAGING,IMAGING,0.7535637021064758,1,intra_paper
14199,14202,FIG_00014200,FIG_00014203,2605.27139v1,2605.27139v1,IMAGING,IMAGING,0.8129507303237915,1,intra_paper
14204,14211,FIG_00014205,FIG_00014212,2605.26988v1,2605.26988v1,IMAGING,IMAGING,0.7970337867736816,3,intra_paper
14204,14205,FIG_00014205,FIG_00014206,2605.26988v1,2605.26988v1,IMAGING,IMAGING,0.7789449691772461,4,intra_paper
14205,14210,FIG_00014206,FIG_00014211,2605.26988v1,2605.26988v1,IMAGING,IMAGING,0.824462890625,1,intra_paper
14210,14211,FIG_00014211,FIG_00014212,2605.26988v1,2605.26988v1,IMAGING,IMAGING,0.7511098980903625,5,intra_paper
14217,14220,FIG_00014218,FIG_00014221,2605.26752v1,2605.26752v1,IMAGING,IMAGING,0.8782631754875183,1,intra_paper
14263,14265,FIG_00014264,FIG_00014266,2605.25139v1,2605.25139v1,IMAGING,IMAGING,0.8260393142700195,2,intra_paper
14263,14268,FIG_00014264,FIG_00014269,2605.25139v1,2605.25139v1,IMAGING,IMAGING,0.7627662420272827,6,intra_paper
14265,14267,FIG_00014266,FIG_00014268,2605.25139v1,2605.25139v1,IMAGING,IMAGING,0.7891697883605957,1,intra_paper
14267,14268,FIG_00014268,FIG_00014269,2605.25139v1,2605.25139v1,IMAGING,IMAGING,0.8032398223876953,1,intra_paper
14268,14272,FIG_00014269,FIG_00014273,2605.25139v1,2605.25139v1,IMAGING,IMAGING,0.7551711201667786,2,intra_paper
14318,14322,FIG_00014319,FIG_00014323,2605.23508v1,2605.23508v1,IMAGING,IMAGING,0.7966551780700684,1,intra_paper
14318,14330,FIG_00014319,FIG_00014331,2605.23508v1,2605.23508v1,IMAGING,IMAGING,0.7808451652526855,2,intra_paper
14319,14328,FIG_00014320,FIG_00014329,2605.23508v1,2605.23508v1,IMAGING,IMAGING,0.7930108904838562,1,intra_paper
14319,14322,FIG_00014320,FIG_00014323,2605.23508v1,2605.23508v1,IMAGING,IMAGING,0.7722012400627136,2,intra_paper
14320,14326,FIG_00014321,FIG_00014327,2605.23508v1,2605.23508v1,IMAGING,IMAGING,0.7614964842796326,2,intra_paper
14322,14330,FIG_00014323,FIG_00014331,2605.23508v1,2605.23508v1,IMAGING,IMAGING,0.8751652240753174,1,intra_paper
14322,14331,FIG_00014323,FIG_00014332,2605.23508v1,2605.23508v1,IMAGING,IMAGING,0.8404449224472046,2,intra_paper
14322,14329,FIG_00014323,FIG_00014330,2605.23508v1,2605.23508v1,IMAGING,IMAGING,0.7898916602134705,3,intra_paper
14322,14326,FIG_00014323,FIG_00014327,2605.23508v1,2605.23508v1,IMAGING,IMAGING,0.7808724641799927,4,intra_paper
14322,14328,FIG_00014323,FIG_00014329,2605.23508v1,2605.23508v1,IMAGING,IMAGING,0.7740921974182129,5,intra_paper
14322,14333,FIG_00014323,FIG_00014334,2605.23508v1,2605.23508v1,IMAGING,IMAGING,0.7521162033081055,6,intra_paper
14323,14324,FIG_00014324,FIG_00014325,2605.23508v1,2605.23508v1,IMAGING,IMAGING,0.8703999519348145,1,intra_paper
14326,14333,FIG_00014327,FIG_00014334,2605.23508v1,2605.23508v1,IMAGING,IMAGING,0.7742626070976257,1,intra_paper
14326,14331,FIG_00014327,FIG_00014332,2605.23508v1,2605.23508v1,IMAGING,IMAGING,0.7714390158653259,2,intra_paper
14326,14330,FIG_00014327,FIG_00014331,2605.23508v1,2605.23508v1,IMAGING,IMAGING,0.7617715001106262,3,intra_paper
14328,14330,FIG_00014329,FIG_00014331,2605.23508v1,2605.23508v1,IMAGING,IMAGING,0.790960431098938,1,intra_paper
14328,14331,FIG_00014329,FIG_00014332,2605.23508v1,2605.23508v1,IMAGING,IMAGING,0.7621335983276367,2,intra_paper
14328,14333,FIG_00014329,FIG_00014334,2605.23508v1,2605.23508v1,IMAGING,IMAGING,0.7618979215621948,3,intra_paper
14329,14330,FIG_00014330,FIG_00014331,2605.23508v1,2605.23508v1,IMAGING,IMAGING,0.806502103805542,1,intra_paper
14330,14331,FIG_00014331,FIG_00014332,2605.23508v1,2605.23508v1,IMAGING,IMAGING,0.7774975299835205,1,intra_paper
14330,14333,FIG_00014331,FIG_00014334,2605.23508v1,2605.23508v1,IMAGING,IMAGING,0.771025538444519,2,intra_paper
14331,14332,FIG_00014332,FIG_00014333,2605.23508v1,2605.23508v1,IMAGING,IMAGING,0.7924686670303345,1,intra_paper
14331,14333,FIG_00014332,FIG_00014334,2605.23508v1,2605.23508v1,IMAGING,IMAGING,0.7685050964355469,2,intra_paper
14354,14357,FIG_00014355,FIG_00014358,2605.23282v1,2605.23282v1,IMAGING,IMAGING,0.8078815340995789,1,intra_paper
14367,14373,FIG_00014368,FIG_00014374,2605.23137v2,2605.23137v2,IMAGING,IMAGING,0.8968086242675781,5,intra_paper
14367,14370,FIG_00014368,FIG_00014371,2605.23137v2,2605.23137v2,IMAGING,IMAGING,0.8946710824966431,6,intra_paper
14367,14375,FIG_00014368,FIG_00014376,2605.23137v2,2605.23137v2,IMAGING,IMAGING,0.8724734783172607,9,intra_paper
14377,14383,FIG_00014378,FIG_00014384,2605.23094v1,2605.23094v1,IMAGING,IMAGING,0.8884234428405762,1,intra_paper
14377,14384,FIG_00014378,FIG_00014385,2605.23094v1,2605.23094v1,IMAGING,IMAGING,0.860274076461792,3,intra_paper
14378,14382,FIG_00014379,FIG_00014383,2605.23094v1,2605.23094v1,IMAGING,IMAGING,0.8845590353012085,1,intra_paper
14383,14384,FIG_00014384,FIG_00014385,2605.23094v1,2605.23094v1,IMAGING,IMAGING,0.8973413705825806,1,intra_paper
14385,14392,FIG_00014386,FIG_00014393,2605.23094v1,2605.23094v1,IMAGING,IMAGING,0.8464308977127075,1,intra_paper
14395,14397,FIG_00014396,FIG_00014398,2605.22899v1,2605.22899v1,IMAGING,IMAGING,0.8051455616950989,2,intra_paper
14396,14397,FIG_00014397,FIG_00014398,2605.22899v1,2605.22899v1,IMAGING,IMAGING,0.8087693452835083,1,intra_paper
14415,14416,FIG_00014416,FIG_00014417,2605.21865v1,2605.21865v1,IMAGING,IMAGING,0.8244606852531433,6,intra_paper
14430,14446,FIG_00014431,FIG_00014447,2605.21799v1,2605.21799v1,IMAGING,IMAGING,0.8018063902854919,11,intra_paper
14432,14433,FIG_00014433,FIG_00014434,2605.21799v1,2605.21799v1,IMAGING,IMAGING,0.8569180369377136,3,intra_paper
14439,14445,FIG_00014440,FIG_00014446,2605.21799v1,2605.21799v1,IMAGING,IMAGING,0.8292133808135986,1,intra_paper
14439,14442,FIG_00014440,FIG_00014443,2605.21799v1,2605.21799v1,IMAGING,IMAGING,0.7754634022712708,2,intra_paper
14442,14445,FIG_00014443,FIG_00014446,2605.21799v1,2605.21799v1,IMAGING,IMAGING,0.7698023915290833,7,intra_paper
14456,14457,FIG_00014457,FIG_00014458,2605.21633v1,2605.21633v1,IMAGING,IMAGING,0.7724705338478088,6,intra_paper
14457,14458,FIG_00014458,FIG_00014459,2605.21633v1,2605.21633v1,IMAGING,IMAGING,0.7816942930221558,4,intra_paper
14470,14472,FIG_00014471,FIG_00014473,2605.21559v1,2605.21559v1,IMAGING,IMAGING,0.8563104271888733,1,intra_paper
14476,14480,FIG_00014477,FIG_00014481,2605.21251v1,2605.21251v1,IMAGING,IMAGING,0.8334455490112305,3,intra_paper
14476,14486,FIG_00014477,FIG_00014487,2605.21251v1,2605.21251v1,IMAGING,IMAGING,0.8324461579322815,4,intra_paper
14476,14483,FIG_00014477,FIG_00014484,2605.21251v1,2605.21251v1,IMAGING,IMAGING,0.8284823894500732,6,intra_paper
14476,14484,FIG_00014477,FIG_00014485,2605.21251v1,2605.21251v1,IMAGING,IMAGING,0.8012351989746094,8,intra_paper
14476,14477,FIG_00014477,FIG_00014478,2605.21251v1,2605.21251v1,IMAGING,IMAGING,0.7991526126861572,9,intra_paper
14477,14480,FIG_00014478,FIG_00014481,2605.21251v1,2605.21251v1,IMAGING,IMAGING,0.8089802861213684,7,intra_paper
14477,14478,FIG_00014478,FIG_00014479,2605.21251v1,2605.21251v1,IMAGING,IMAGING,0.8078709840774536,8,intra_paper
14477,14479,FIG_00014478,FIG_00014480,2605.21251v1,2605.21251v1,IMAGING,IMAGING,0.7902212142944336,10,intra_paper
14477,14481,FIG_00014478,FIG_00014482,2605.21251v1,2605.21251v1,IMAGING,IMAGING,0.7810956239700317,11,intra_paper
14477,14487,FIG_00014478,FIG_00014488,2605.21251v1,2605.21251v1,IMAGING,IMAGING,0.7541236877441406,14,intra_paper
14478,14480,FIG_00014479,FIG_00014481,2605.21251v1,2605.21251v1,IMAGING,IMAGING,0.8253138065338135,1,intra_paper
14478,14483,FIG_00014479,FIG_00014484,2605.21251v1,2605.21251v1,IMAGING,IMAGING,0.8062145709991455,2,intra_paper
14478,14479,FIG_00014479,FIG_00014480,2605.21251v1,2605.21251v1,IMAGING,IMAGING,0.8032406568527222,3,intra_paper
14478,14481,FIG_00014479,FIG_00014482,2605.21251v1,2605.21251v1,IMAGING,IMAGING,0.7818014621734619,6,intra_paper
14478,14484,FIG_00014479,FIG_00014485,2605.21251v1,2605.21251v1,IMAGING,IMAGING,0.7664158344268799,8,intra_paper
14479,14487,FIG_00014480,FIG_00014488,2605.21251v1,2605.21251v1,IMAGING,IMAGING,0.8831604719161987,2,intra_paper
14479,14481,FIG_00014480,FIG_00014482,2605.21251v1,2605.21251v1,IMAGING,IMAGING,0.8740816116333008,3,intra_paper
14479,14482,FIG_00014480,FIG_00014483,2605.21251v1,2605.21251v1,IMAGING,IMAGING,0.8591493368148804,4,intra_paper
14479,14483,FIG_00014480,FIG_00014484,2605.21251v1,2605.21251v1,IMAGING,IMAGING,0.8264433741569519,5,intra_paper
14479,14480,FIG_00014480,FIG_00014481,2605.21251v1,2605.21251v1,IMAGING,IMAGING,0.8238604664802551,6,intra_paper
14479,14484,FIG_00014480,FIG_00014485,2605.21251v1,2605.21251v1,IMAGING,IMAGING,0.7572876214981079,8,intra_paper
14480,14483,FIG_00014481,FIG_00014484,2605.21251v1,2605.21251v1,IMAGING,IMAGING,0.8709518909454346,2,intra_paper
14480,14486,FIG_00014481,FIG_00014487,2605.21251v1,2605.21251v1,IMAGING,IMAGING,0.8265894651412964,3,intra_paper
14480,14482,FIG_00014481,FIG_00014483,2605.21251v1,2605.21251v1,IMAGING,IMAGING,0.8227330446243286,4,intra_paper
14480,14484,FIG_00014481,FIG_00014485,2605.21251v1,2605.21251v1,IMAGING,IMAGING,0.8225650787353516,5,intra_paper
14480,14485,FIG_00014481,FIG_00014486,2605.21251v1,2605.21251v1,IMAGING,IMAGING,0.8097220063209534,7,intra_paper
14480,14481,FIG_00014481,FIG_00014482,2605.21251v1,2605.21251v1,IMAGING,IMAGING,0.7745296359062195,9,intra_paper
14480,14487,FIG_00014481,FIG_00014488,2605.21251v1,2605.21251v1,IMAGING,IMAGING,0.7745007276535034,10,intra_paper
14481,14487,FIG_00014482,FIG_00014488,2605.21251v1,2605.21251v1,IMAGING,IMAGING,0.8842029571533203,1,intra_paper
14481,14485,FIG_00014482,FIG_00014486,2605.21251v1,2605.21251v1,IMAGING,IMAGING,0.8613280057907104,2,intra_paper
14481,14483,FIG_00014482,FIG_00014484,2605.21251v1,2605.21251v1,IMAGING,IMAGING,0.7964476943016052,3,intra_paper
14481,14484,FIG_00014482,FIG_00014485,2605.21251v1,2605.21251v1,IMAGING,IMAGING,0.7675883173942566,4,intra_paper
14481,14486,FIG_00014482,FIG_00014487,2605.21251v1,2605.21251v1,IMAGING,IMAGING,0.7606175541877747,5,intra_paper
14482,14485,FIG_00014483,FIG_00014486,2605.21251v1,2605.21251v1,IMAGING,IMAGING,0.8990185260772705,1,intra_paper
14482,14483,FIG_00014483,FIG_00014484,2605.21251v1,2605.21251v1,IMAGING,IMAGING,0.8335103988647461,2,intra_paper
14482,14487,FIG_00014483,FIG_00014488,2605.21251v1,2605.21251v1,IMAGING,IMAGING,0.8112558722496033,4,intra_paper
14482,14484,FIG_00014483,FIG_00014485,2605.21251v1,2605.21251v1,IMAGING,IMAGING,0.7683495879173279,7,intra_paper
14483,14485,FIG_00014484,FIG_00014486,2605.21251v1,2605.21251v1,IMAGING,IMAGING,0.8347765803337097,7,intra_paper
14483,14487,FIG_00014484,FIG_00014488,2605.21251v1,2605.21251v1,IMAGING,IMAGING,0.8133700489997864,8,intra_paper
14484,14487,FIG_00014485,FIG_00014488,2605.21251v1,2605.21251v1,IMAGING,IMAGING,0.7894465923309326,8,intra_paper
14484,14485,FIG_00014485,FIG_00014486,2605.21251v1,2605.21251v1,IMAGING,IMAGING,0.7644526362419128,10,intra_paper
14491,14494,FIG_00014492,FIG_00014495,2605.21116v1,2605.21116v1,IMAGING,IMAGING,0.8106812238693237,1,intra_paper
14493,14500,FIG_00014494,FIG_00014501,2605.21116v1,2605.21116v1,IMAGING,IMAGING,0.7651500701904297,1,intra_paper
14504,14505,FIG_00014505,FIG_00014506,2605.21096v1,2605.21096v1,IMAGING,IMAGING,0.7915278077125549,1,intra_paper
14509,14510,FIG_00014510,FIG_00014511,2605.21096v1,2605.21096v1,IMAGING,IMAGING,0.766792356967926,2,intra_paper
14522,14527,FIG_00014523,FIG_00014528,2605.21051v1,2605.21051v1,IMAGING,IMAGING,0.7630271911621094,1,intra_paper
14543,14544,FIG_00014544,FIG_00014545,2605.20687v1,2605.20687v1,IMAGING,IMAGING,0.7764280438423157,1,intra_paper
14561,14562,FIG_00014562,FIG_00014563,2605.20525v1,2605.20525v1,IMAGING,IMAGING,0.8016177415847778,2,intra_paper
14562,14563,FIG_00014563,FIG_00014564,2605.20525v1,2605.20525v1,IMAGING,IMAGING,0.8699362874031067,1,intra_paper
14586,14590,FIG_00014587,FIG_00014591,2605.21527v1,2605.21527v1,IMAGING,IMAGING,0.8114578723907471,1,intra_paper
14594,14595,FIG_00014595,FIG_00014596,2605.21527v1,2605.21527v1,IMAGING,IMAGING,0.7823169827461243,1,intra_paper
14607,14611,FIG_00014608,FIG_00014612,2605.19621v1,2605.19621v1,IMAGING,IMAGING,0.8984907865524292,2,intra_paper
14607,14609,FIG_00014608,FIG_00014610,2605.19621v1,2605.19621v1,IMAGING,IMAGING,0.8079310059547424,3,intra_paper
14608,14611,FIG_00014609,FIG_00014612,2605.19621v1,2605.19621v1,IMAGING,IMAGING,0.8894473910331726,1,intra_paper
14608,14609,FIG_00014609,FIG_00014610,2605.19621v1,2605.19621v1,IMAGING,IMAGING,0.8060402274131775,2,intra_paper
14609,14611,FIG_00014610,FIG_00014612,2605.19621v1,2605.19621v1,IMAGING,IMAGING,0.7711585760116577,1,intra_paper
14622,14623,FIG_00014623,FIG_00014624,2605.19354v2,2605.19354v2,IMAGING,IMAGING,0.8734940886497498,1,intra_paper
14622,14628,FIG_00014623,FIG_00014629,2605.19354v2,2605.19354v2,IMAGING,IMAGING,0.871279239654541,2,intra_paper
14622,14624,FIG_00014623,FIG_00014625,2605.19354v2,2605.19354v2,IMAGING,IMAGING,0.8556843996047974,4,intra_paper
14622,14629,FIG_00014623,FIG_00014630,2605.19354v2,2605.19354v2,IMAGING,IMAGING,0.845011293888092,6,intra_paper
14622,14625,FIG_00014623,FIG_00014626,2605.19354v2,2605.19354v2,IMAGING,IMAGING,0.8408471345901489,7,intra_paper
14622,14630,FIG_00014623,FIG_00014631,2605.19354v2,2605.19354v2,IMAGING,IMAGING,0.8340021371841431,11,intra_paper
14622,14627,FIG_00014623,FIG_00014628,2605.19354v2,2605.19354v2,IMAGING,IMAGING,0.8231765031814575,18,intra_paper
14623,14625,FIG_00014624,FIG_00014626,2605.19354v2,2605.19354v2,IMAGING,IMAGING,0.8765119314193726,3,intra_paper
14623,14627,FIG_00014624,FIG_00014628,2605.19354v2,2605.19354v2,IMAGING,IMAGING,0.8640363812446594,5,intra_paper
14623,14630,FIG_00014624,FIG_00014631,2605.19354v2,2605.19354v2,IMAGING,IMAGING,0.8629963397979736,6,intra_paper
14623,14624,FIG_00014624,FIG_00014625,2605.19354v2,2605.19354v2,IMAGING,IMAGING,0.8585677146911621,7,intra_paper
14624,14629,FIG_00014625,FIG_00014630,2605.19354v2,2605.19354v2,IMAGING,IMAGING,0.8585299253463745,7,intra_paper
14624,14630,FIG_00014625,FIG_00014631,2605.19354v2,2605.19354v2,IMAGING,IMAGING,0.8478956818580627,11,intra_paper
14625,14628,FIG_00014626,FIG_00014629,2605.19354v2,2605.19354v2,IMAGING,IMAGING,0.8676259517669678,2,intra_paper
14628,14630,FIG_00014629,FIG_00014631,2605.19354v2,2605.19354v2,IMAGING,IMAGING,0.8969359993934631,2,intra_paper
14642,14646,FIG_00014643,FIG_00014647,2605.18709v1,2605.18709v1,IMAGING,IMAGING,0.7772083878517151,1,intra_paper
14644,14646,FIG_00014645,FIG_00014647,2605.18709v1,2605.18709v1,IMAGING,IMAGING,0.8054505586624146,9,intra_paper
14644,14645,FIG_00014645,FIG_00014646,2605.18709v1,2605.18709v1,IMAGING,IMAGING,0.793090283870697,11,intra_paper
14652,14653,FIG_00014653,FIG_00014654,2605.26127v1,2605.26127v1,IMAGING,IMAGING,0.8636297583580017,4,intra_paper
14675,14676,FIG_00014676,FIG_00014677,2605.18378v1,2605.18378v1,IMAGING,IMAGING,0.884125292301178,1,intra_paper
14705,14706,FIG_00014706,FIG_00014707,2605.17984v1,2605.17984v1,IMAGING,IMAGING,0.7801949381828308,1,intra_paper
14706,14707,FIG_00014707,FIG_00014708,2605.17984v1,2605.17984v1,IMAGING,IMAGING,0.8005988001823425,1,intra_paper
14710,14713,FIG_00014711,FIG_00014714,2605.17984v1,2605.17984v1,IMAGING,IMAGING,0.8556718230247498,1,intra_paper
14719,14720,FIG_00014720,FIG_00014721,2605.23996v1,2605.23996v1,IMAGING,IMAGING,0.8728381991386414,1,intra_paper
14740,14745,FIG_00014741,FIG_00014746,2605.17470v2,2605.17470v2,IMAGING,IMAGING,0.7580487728118896,3,intra_paper
14742,14744,FIG_00014743,FIG_00014745,2605.17470v2,2605.17470v2,IMAGING,IMAGING,0.8873312473297119,1,intra_paper
14771,14772,FIG_00014772,FIG_00014773,2605.16768v1,2605.16768v1,IMAGING,IMAGING,0.8737870454788208,1,intra_paper
14773,14775,FIG_00014774,FIG_00014776,2605.16764v1,2605.16764v1,IMAGING,IMAGING,0.7905151844024658,6,intra_paper
14779,14780,FIG_00014780,FIG_00014781,2605.16764v1,2605.16764v1,IMAGING,IMAGING,0.8012175559997559,1,intra_paper
14789,14790,FIG_00014790,FIG_00014791,2605.16476v1,2605.16476v1,IMAGING,IMAGING,0.853119969367981,1,intra_paper
14790,14794,FIG_00014791,FIG_00014795,2605.16476v1,2605.16476v1,IMAGING,IMAGING,0.8633283376693726,1,intra_paper
14790,14793,FIG_00014791,FIG_00014794,2605.16476v1,2605.16476v1,IMAGING,IMAGING,0.8465864658355713,2,intra_paper
14793,14795,FIG_00014794,FIG_00014796,2605.16476v1,2605.16476v1,IMAGING,IMAGING,0.7966762781143188,4,intra_paper
14796,14797,FIG_00014797,FIG_00014798,2605.15895v1,2605.15895v1,IMAGING,IMAGING,0.8362483978271484,1,intra_paper
14796,14802,FIG_00014797,FIG_00014803,2605.15895v1,2605.15895v1,IMAGING,IMAGING,0.7889043092727661,2,intra_paper
14796,14807,FIG_00014797,FIG_00014808,2605.15895v1,2605.15895v1,IMAGING,IMAGING,0.7625510096549988,3,intra_paper
14797,14807,FIG_00014798,FIG_00014808,2605.15895v1,2605.15895v1,IMAGING,IMAGING,0.8506405353546143,1,intra_paper
14797,14800,FIG_00014798,FIG_00014801,2605.15895v1,2605.15895v1,IMAGING,IMAGING,0.7865458726882935,7,intra_paper
14799,14809,FIG_00014800,FIG_00014810,2605.15895v1,2605.15895v1,IMAGING,IMAGING,0.8806115388870239,1,intra_paper
14800,14802,FIG_00014801,FIG_00014803,2605.15895v1,2605.15895v1,IMAGING,IMAGING,0.7590662837028503,16,intra_paper
14820,14822,FIG_00014821,FIG_00014823,2605.15673v1,2605.15673v1,IMAGING,IMAGING,0.7560795545578003,1,intra_paper
14821,14822,FIG_00014822,FIG_00014823,2605.15673v1,2605.15673v1,IMAGING,IMAGING,0.8904242515563965,1,intra_paper
14828,14830,FIG_00014829,FIG_00014831,2605.15579v1,2605.15579v1,IMAGING,IMAGING,0.8642323017120361,2,intra_paper
14835,14842,FIG_00014836,FIG_00014843,2605.15579v1,2605.15579v1,IMAGING,IMAGING,0.8897809982299805,5,intra_paper
14835,14836,FIG_00014836,FIG_00014837,2605.15579v1,2605.15579v1,IMAGING,IMAGING,0.8371326923370361,12,intra_paper
14836,14842,FIG_00014837,FIG_00014843,2605.15579v1,2605.15579v1,IMAGING,IMAGING,0.8195613622665405,1,intra_paper
14862,14865,FIG_00014863,FIG_00014866,2605.15564v1,2605.15564v1,IMAGING,IMAGING,0.8619979619979858,3,intra_paper
14866,14867,FIG_00014867,FIG_00014868,2605.15558v1,2605.15558v1,IMAGING,IMAGING,0.7540032863616943,2,intra_paper
14867,14868,FIG_00014868,FIG_00014869,2605.15558v1,2605.15558v1,IMAGING,IMAGING,0.7721768617630005,16,intra_paper
14883,14908,FIG_00014884,FIG_00014909,2605.15487v1,2605.15487v1,IMAGING,IMAGING,0.8290268778800964,1,intra_paper
14883,14906,FIG_00014884,FIG_00014907,2605.15487v1,2605.15487v1,IMAGING,IMAGING,0.7980616092681885,6,intra_paper
14883,14904,FIG_00014884,FIG_00014905,2605.15487v1,2605.15487v1,IMAGING,IMAGING,0.7873353362083435,8,intra_paper
14883,14894,FIG_00014884,FIG_00014895,2605.15487v1,2605.15487v1,IMAGING,IMAGING,0.7764258980751038,9,intra_paper
14883,14902,FIG_00014884,FIG_00014903,2605.15487v1,2605.15487v1,IMAGING,IMAGING,0.7646129131317139,12,intra_paper
14894,14896,FIG_00014895,FIG_00014897,2605.15487v1,2605.15487v1,IMAGING,IMAGING,0.8604012727737427,1,intra_paper
14894,14906,FIG_00014895,FIG_00014907,2605.15487v1,2605.15487v1,IMAGING,IMAGING,0.7778650522232056,6,intra_paper
14894,14908,FIG_00014895,FIG_00014909,2605.15487v1,2605.15487v1,IMAGING,IMAGING,0.7677426934242249,8,intra_paper
14896,14906,FIG_00014897,FIG_00014907,2605.15487v1,2605.15487v1,IMAGING,IMAGING,0.7876043319702148,3,intra_paper
14898,14900,FIG_00014899,FIG_00014901,2605.15487v1,2605.15487v1,IMAGING,IMAGING,0.821161687374115,1,intra_paper
14902,14908,FIG_00014903,FIG_00014909,2605.15487v1,2605.15487v1,IMAGING,IMAGING,0.770521342754364,2,intra_paper
14902,14904,FIG_00014903,FIG_00014905,2605.15487v1,2605.15487v1,IMAGING,IMAGING,0.7644867300987244,3,intra_paper
14904,14906,FIG_00014905,FIG_00014907,2605.15487v1,2605.15487v1,IMAGING,IMAGING,0.8039604425430298,1,intra_paper
14904,14908,FIG_00014905,FIG_00014909,2605.15487v1,2605.15487v1,IMAGING,IMAGING,0.7775487899780273,2,intra_paper
14906,14908,FIG_00014907,FIG_00014909,2605.15487v1,2605.15487v1,IMAGING,IMAGING,0.8280541896820068,2,intra_paper
14911,14917,FIG_00014912,FIG_00014918,2605.15456v1,2605.15456v1,IMAGING,IMAGING,0.8253598809242249,1,intra_paper
14950,14962,FIG_00014951,FIG_00014963,2605.15241v1,2605.15241v1,IMAGING,IMAGING,0.8658810257911682,1,intra_paper
14950,14958,FIG_00014951,FIG_00014959,2605.15241v1,2605.15241v1,IMAGING,IMAGING,0.7765942811965942,3,intra_paper
14955,14962,FIG_00014956,FIG_00014963,2605.15241v1,2605.15241v1,IMAGING,IMAGING,0.792827844619751,1,intra_paper
14958,14961,FIG_00014959,FIG_00014962,2605.15241v1,2605.15241v1,IMAGING,IMAGING,0.799225926399231,1,intra_paper
14958,14962,FIG_00014959,FIG_00014963,2605.15241v1,2605.15241v1,IMAGING,IMAGING,0.7612186670303345,2,intra_paper
14966,14971,FIG_00014967,FIG_00014972,2605.14285v1,2605.14285v1,IMAGING,IMAGING,0.7604769468307495,2,intra_paper
14967,14971,FIG_00014968,FIG_00014972,2605.14285v1,2605.14285v1,IMAGING,IMAGING,0.8913383483886719,2,intra_paper
14967,14970,FIG_00014968,FIG_00014971,2605.14285v1,2605.14285v1,IMAGING,IMAGING,0.885541558265686,3,intra_paper
14968,14971,FIG_00014969,FIG_00014972,2605.14285v1,2605.14285v1,IMAGING,IMAGING,0.760475754737854,2,intra_paper
14985,14986,FIG_00014986,FIG_00014987,2605.13015v1,2605.13015v1,IMAGING,IMAGING,0.8489646315574646,1,intra_paper
14988,14989,FIG_00014989,FIG_00014990,2605.13015v1,2605.13015v1,IMAGING,IMAGING,0.8498059511184692,2,intra_paper
14990,14997,FIG_00014991,FIG_00014998,2605.12753v1,2605.12753v1,IMAGING,IMAGING,0.7540863752365112,13,intra_paper
14991,14997,FIG_00014992,FIG_00014998,2605.12753v1,2605.12753v1,IMAGING,IMAGING,0.8941769599914551,1,intra_paper
14991,14993,FIG_00014992,FIG_00014994,2605.12753v1,2605.12753v1,IMAGING,IMAGING,0.769864022731781,2,intra_paper
15009,15014,FIG_00015010,FIG_00015015,2605.12164v1,2605.12164v1,IMAGING,IMAGING,0.757835865020752,5,intra_paper
15010,15016,FIG_00015011,FIG_00015017,2605.12164v1,2605.12164v1,IMAGING,IMAGING,0.8223965167999268,4,intra_paper
15012,15014,FIG_00015013,FIG_00015015,2605.12164v1,2605.12164v1,IMAGING,IMAGING,0.8118423223495483,2,intra_paper
15012,15013,FIG_00015013,FIG_00015014,2605.12164v1,2605.12164v1,IMAGING,IMAGING,0.7700343132019043,10,intra_paper
15013,15014,FIG_00015014,FIG_00015015,2605.12164v1,2605.12164v1,IMAGING,IMAGING,0.8342815637588501,2,intra_paper
15019,15020,FIG_00015020,FIG_00015021,2605.12575v1,2605.12575v1,IMAGING,IMAGING,0.8961745500564575,2,intra_paper
15028,15029,FIG_00015029,FIG_00015030,2605.11863v1,2605.11863v1,IMAGING,IMAGING,0.761742353439331,1,intra_paper
15041,15042,FIG_00015042,FIG_00015043,2605.11758v1,2605.11758v1,IMAGING,IMAGING,0.8344017267227173,1,intra_paper
15045,15046,FIG_00015046,FIG_00015047,2605.11583v1,2605.11583v1,IMAGING,IMAGING,0.7853483557701111,4,intra_paper
15048,15050,FIG_00015049,FIG_00015051,2605.11583v1,2605.11583v1,IMAGING,IMAGING,0.8963767886161804,1,intra_paper
15048,15049,FIG_00015049,FIG_00015050,2605.11583v1,2605.11583v1,IMAGING,IMAGING,0.8890384435653687,2,intra_paper
15049,15050,FIG_00015050,FIG_00015051,2605.11583v1,2605.11583v1,IMAGING,IMAGING,0.8136903643608093,2,intra_paper
15061,15063,FIG_00015062,FIG_00015064,2605.11434v1,2605.11434v1,IMAGING,IMAGING,0.7746497392654419,1,intra_paper
15076,15077,FIG_00015077,FIG_00015078,2605.10772v1,2605.10772v1,IMAGING,IMAGING,0.8780605792999268,2,intra_paper
15078,15081,FIG_00015079,FIG_00015082,2605.10772v1,2605.10772v1,IMAGING,IMAGING,0.8872753381729126,4,intra_paper
15097,15100,FIG_00015098,FIG_00015101,2605.10081v1,2605.10081v1,IMAGING,IMAGING,0.8862879276275635,1,intra_paper
15098,15099,FIG_00015099,FIG_00015100,2605.10081v1,2605.10081v1,IMAGING,IMAGING,0.7930083274841309,16,intra_paper
15103,15110,FIG_00015104,FIG_00015111,2605.10076v1,2605.10076v1,IMAGING,IMAGING,0.884691059589386,1,intra_paper
15142,15147,FIG_00015143,FIG_00015148,2605.09629v1,2605.09629v1,IMAGING,IMAGING,0.7578920722007751,2,intra_paper
15143,15147,FIG_00015144,FIG_00015148,2605.09629v1,2605.09629v1,IMAGING,IMAGING,0.7552003860473633,1,intra_paper
15144,15146,FIG_00015145,FIG_00015147,2605.09629v1,2605.09629v1,IMAGING,IMAGING,0.7777343392372131,1,intra_paper
15153,15160,FIG_00015154,FIG_00015161,2605.09629v1,2605.09629v1,IMAGING,IMAGING,0.8083094358444214,1,intra_paper
15164,15169,FIG_00015165,FIG_00015170,2605.09600v1,2605.09600v1,IMAGING,IMAGING,0.8355355262756348,1,intra_paper
15164,15170,FIG_00015165,FIG_00015171,2605.09600v1,2605.09600v1,IMAGING,IMAGING,0.7996631860733032,2,intra_paper
15165,15167,FIG_00015166,FIG_00015168,2605.09600v1,2605.09600v1,IMAGING,IMAGING,0.756205677986145,1,intra_paper
15166,15168,FIG_00015167,FIG_00015169,2605.09600v1,2605.09600v1,IMAGING,IMAGING,0.7995801568031311,1,intra_paper
15166,15167,FIG_00015167,FIG_00015168,2605.09600v1,2605.09600v1,IMAGING,IMAGING,0.7723111510276794,2,intra_paper
15167,15168,FIG_00015168,FIG_00015169,2605.09600v1,2605.09600v1,IMAGING,IMAGING,0.8458712100982666,1,intra_paper
15169,15170,FIG_00015170,FIG_00015171,2605.09600v1,2605.09600v1,IMAGING,IMAGING,0.889788031578064,1,intra_paper
15177,15190,FIG_00015178,FIG_00015191,2605.09575v1,2605.09575v1,IMAGING,IMAGING,0.7862724661827087,1,intra_paper
15178,15190,FIG_00015179,FIG_00015191,2605.09575v1,2605.09575v1,IMAGING,IMAGING,0.8419703245162964,1,intra_paper
15178,15189,FIG_00015179,FIG_00015190,2605.09575v1,2605.09575v1,IMAGING,IMAGING,0.8269597291946411,2,intra_paper
15178,15185,FIG_00015179,FIG_00015186,2605.09575v1,2605.09575v1,IMAGING,IMAGING,0.7805941700935364,6,intra_paper
15178,15186,FIG_00015179,FIG_00015187,2605.09575v1,2605.09575v1,IMAGING,IMAGING,0.7797148823738098,7,intra_paper
15178,15187,FIG_00015179,FIG_00015188,2605.09575v1,2605.09575v1,IMAGING,IMAGING,0.7734062075614929,8,intra_paper
15178,15180,FIG_00015179,FIG_00015181,2605.09575v1,2605.09575v1,IMAGING,IMAGING,0.7564247250556946,13,intra_paper
15180,15189,FIG_00015181,FIG_00015190,2605.09575v1,2605.09575v1,IMAGING,IMAGING,0.8527144193649292,1,intra_paper
15180,15190,FIG_00015181,FIG_00015191,2605.09575v1,2605.09575v1,IMAGING,IMAGING,0.8202431201934814,2,intra_paper
15181,15189,FIG_00015182,FIG_00015190,2605.09575v1,2605.09575v1,IMAGING,IMAGING,0.7599509954452515,1,intra_paper
15185,15187,FIG_00015186,FIG_00015188,2605.09575v1,2605.09575v1,IMAGING,IMAGING,0.8764781951904297,2,intra_paper
15187,15190,FIG_00015188,FIG_00015191,2605.09575v1,2605.09575v1,IMAGING,IMAGING,0.7521235942840576,2,intra_paper
15188,15189,FIG_00015189,FIG_00015190,2605.09575v1,2605.09575v1,IMAGING,IMAGING,0.8531659841537476,1,intra_paper
15188,15190,FIG_00015189,FIG_00015191,2605.09575v1,2605.09575v1,IMAGING,IMAGING,0.8272058963775635,2,intra_paper
15196,15197,FIG_00015197,FIG_00015198,2605.09279v1,2605.09279v1,IMAGING,IMAGING,0.7583577036857605,3,intra_paper
15201,15203,FIG_00015202,FIG_00015204,2605.09279v1,2605.09279v1,IMAGING,IMAGING,0.8186232447624207,1,intra_paper
15201,15202,FIG_00015202,FIG_00015203,2605.09279v1,2605.09279v1,IMAGING,IMAGING,0.7768059968948364,2,intra_paper
15202,15203,FIG_00015203,FIG_00015204,2605.09279v1,2605.09279v1,IMAGING,IMAGING,0.7820196151733398,1,intra_paper
15221,15224,FIG_00015222,FIG_00015225,2605.09091v1,2605.09091v1,IMAGING,IMAGING,0.8075266480445862,4,intra_paper
15226,15228,FIG_00015227,FIG_00015229,2605.09049v1,2605.09049v1,IMAGING,IMAGING,0.7665067911148071,1,intra_paper
15303,15317,FIG_00015304,FIG_00015318,2605.08320v1,2605.08320v1,IMAGING,IMAGING,0.7746851444244385,2,intra_paper
15312,15313,FIG_00015313,FIG_00015314,2605.08320v1,2605.08320v1,IMAGING,IMAGING,0.7528650164604187,1,intra_paper
15356,15360,FIG_00015357,FIG_00015361,2605.07321v1,2605.07321v1,IMAGING,IMAGING,0.8928731083869934,8,intra_paper
15391,15392,FIG_00015392,FIG_00015393,2605.06532v1,2605.06532v1,IMAGING,IMAGING,0.84107506275177,5,intra_paper
15397,15398,FIG_00015398,FIG_00015399,2605.06532v1,2605.06532v1,IMAGING,IMAGING,0.870590090751648,3,intra_paper
15406,15408,FIG_00015407,FIG_00015409,2605.05522v1,2605.05522v1,IMAGING,IMAGING,0.8797322511672974,1,intra_paper
15438,15439,FIG_00015439,FIG_00015440,2605.05154v2,2605.05154v2,IMAGING,IMAGING,0.875481128692627,3,intra_paper
15446,15447,FIG_00015447,FIG_00015448,2605.04388v1,2605.04388v1,IMAGING,IMAGING,0.8669577836990356,1,intra_paper
15446,15448,FIG_00015447,FIG_00015449,2605.04388v1,2605.04388v1,IMAGING,IMAGING,0.8086250424385071,2,intra_paper
15447,15448,FIG_00015448,FIG_00015449,2605.04388v1,2605.04388v1,IMAGING,IMAGING,0.7610188126564026,2,intra_paper
15447,15450,FIG_00015448,FIG_00015451,2605.04388v1,2605.04388v1,IMAGING,IMAGING,0.7591131329536438,3,intra_paper
15466,15467,FIG_00015467,FIG_00015468,2605.03888v1,2605.03888v1,IMAGING,IMAGING,0.876062273979187,2,intra_paper
15468,15473,FIG_00015469,FIG_00015474,2605.03888v1,2605.03888v1,IMAGING,IMAGING,0.8534311056137085,2,intra_paper
15468,15470,FIG_00015469,FIG_00015471,2605.03888v1,2605.03888v1,IMAGING,IMAGING,0.8437792062759399,3,intra_paper
15468,15472,FIG_00015469,FIG_00015473,2605.03888v1,2605.03888v1,IMAGING,IMAGING,0.8039645552635193,4,intra_paper
15469,15472,FIG_00015470,FIG_00015473,2605.03888v1,2605.03888v1,IMAGING,IMAGING,0.8597291707992554,3,intra_paper
15475,15476,FIG_00015476,FIG_00015477,2605.03875v1,2605.03875v1,IMAGING,IMAGING,0.8376809358596802,1,intra_paper
15476,15479,FIG_00015477,FIG_00015480,2605.03875v1,2605.03875v1,IMAGING,IMAGING,0.755240261554718,8,intra_paper
15484,15485,FIG_00015485,FIG_00015486,2605.03610v1,2605.03610v1,IMAGING,IMAGING,0.8524847030639648,1,intra_paper
15510,15511,FIG_00015511,FIG_00015512,2605.02660v1,2605.02660v1,IMAGING,IMAGING,0.850845217704773,1,intra_paper
15515,15517,FIG_00015516,FIG_00015518,2605.02615v1,2605.02615v1,IMAGING,IMAGING,0.8017826080322266,1,intra_paper
15515,15518,FIG_00015516,FIG_00015519,2605.02615v1,2605.02615v1,IMAGING,IMAGING,0.8010923266410828,2,intra_paper
15515,15516,FIG_00015516,FIG_00015517,2605.02615v1,2605.02615v1,IMAGING,IMAGING,0.7935627102851868,4,intra_paper
15515,15519,FIG_00015516,FIG_00015520,2605.02615v1,2605.02615v1,IMAGING,IMAGING,0.7728804349899292,8,intra_paper
15516,15518,FIG_00015517,FIG_00015519,2605.02615v1,2605.02615v1,IMAGING,IMAGING,0.862755537033081,1,intra_paper
15516,15517,FIG_00015517,FIG_00015518,2605.02615v1,2605.02615v1,IMAGING,IMAGING,0.8255769610404968,9,intra_paper
15517,15518,FIG_00015518,FIG_00015519,2605.02615v1,2605.02615v1,IMAGING,IMAGING,0.8443309664726257,1,intra_paper
15517,15519,FIG_00015518,FIG_00015520,2605.02615v1,2605.02615v1,IMAGING,IMAGING,0.7985392212867737,2,intra_paper
15546,15550,FIG_00015547,FIG_00015551,2605.01982v1,2605.01982v1,IMAGING,IMAGING,0.8269522190093994,1,intra_paper
15553,15554,FIG_00015554,FIG_00015555,2605.01884v1,2605.01884v1,IMAGING,IMAGING,0.8142590522766113,1,intra_paper
15553,15555,FIG_00015554,FIG_00015556,2605.01884v1,2605.01884v1,IMAGING,IMAGING,0.7660248875617981,9,intra_paper
15556,15557,FIG_00015557,FIG_00015558,2605.01884v1,2605.01884v1,IMAGING,IMAGING,0.8645815849304199,1,intra_paper
15558,15559,FIG_00015559,FIG_00015560,2605.01538v2,2605.01538v2,IMAGING,IMAGING,0.7902120351791382,4,intra_paper
15558,15565,FIG_00015559,FIG_00015566,2605.01538v2,2605.01538v2,IMAGING,IMAGING,0.7576208710670471,11,intra_paper
15560,15561,FIG_00015561,FIG_00015562,2605.01538v2,2605.01538v2,IMAGING,IMAGING,0.7604425549507141,1,intra_paper
15562,15564,FIG_00015563,FIG_00015565,2605.01538v2,2605.01538v2,IMAGING,IMAGING,0.7928576469421387,4,intra_paper
15563,15567,FIG_00015564,FIG_00015568,2605.01538v2,2605.01538v2,IMAGING,IMAGING,0.8462251424789429,1,intra_paper
15569,15572,FIG_00015570,FIG_00015573,2605.01282v1,2605.01282v1,IMAGING,IMAGING,0.8908723592758179,1,intra_paper
15569,15574,FIG_00015570,FIG_00015575,2605.01282v1,2605.01282v1,IMAGING,IMAGING,0.8491748571395874,2,intra_paper
15569,15571,FIG_00015570,FIG_00015572,2605.01282v1,2605.01282v1,IMAGING,IMAGING,0.8309286832809448,3,intra_paper
15571,15572,FIG_00015572,FIG_00015573,2605.01282v1,2605.01282v1,IMAGING,IMAGING,0.776969313621521,13,intra_paper
15572,15574,FIG_00015573,FIG_00015575,2605.01282v1,2605.01282v1,IMAGING,IMAGING,0.8881964683532715,1,intra_paper
15572,15575,FIG_00015573,FIG_00015576,2605.01282v1,2605.01282v1,IMAGING,IMAGING,0.8094464540481567,3,intra_paper
15572,15576,FIG_00015573,FIG_00015577,2605.01282v1,2605.01282v1,IMAGING,IMAGING,0.7898997068405151,10,intra_paper
15572,15577,FIG_00015573,FIG_00015578,2605.01282v1,2605.01282v1,IMAGING,IMAGING,0.7848134636878967,13,intra_paper
15574,15575,FIG_00015575,FIG_00015576,2605.01282v1,2605.01282v1,IMAGING,IMAGING,0.8644422292709351,2,intra_paper
15574,15576,FIG_00015575,FIG_00015577,2605.01282v1,2605.01282v1,IMAGING,IMAGING,0.755338728427887,14,intra_paper
15588,15596,FIG_00015589,FIG_00015597,2605.00793v2,2605.00793v2,IMAGING,IMAGING,0.8920291662216187,8,intra_paper
15588,15594,FIG_00015589,FIG_00015595,2605.00793v2,2605.00793v2,IMAGING,IMAGING,0.8820031881332397,11,intra_paper
15593,15594,FIG_00015594,FIG_00015595,2605.00793v2,2605.00793v2,IMAGING,IMAGING,0.888425350189209,1,intra_paper
15593,15597,FIG_00015594,FIG_00015598,2605.00793v2,2605.00793v2,IMAGING,IMAGING,0.8717947602272034,2,intra_paper
15593,15595,FIG_00015594,FIG_00015596,2605.00793v2,2605.00793v2,IMAGING,IMAGING,0.8681645393371582,3,intra_paper
15593,15596,FIG_00015594,FIG_00015597,2605.00793v2,2605.00793v2,IMAGING,IMAGING,0.8120622038841248,14,intra_paper
15594,15597,FIG_00015595,FIG_00015598,2605.00793v2,2605.00793v2,IMAGING,IMAGING,0.8588038682937622,3,intra_paper
15594,15596,FIG_00015595,FIG_00015597,2605.00793v2,2605.00793v2,IMAGING,IMAGING,0.7935140132904053,13,intra_paper
15595,15597,FIG_00015596,FIG_00015598,2605.00793v2,2605.00793v2,IMAGING,IMAGING,0.8675691485404968,3,intra_paper
15595,15596,FIG_00015596,FIG_00015597,2605.00793v2,2605.00793v2,IMAGING,IMAGING,0.8314335942268372,10,intra_paper
15604,15605,FIG_00015605,FIG_00015606,2605.00744v1,2605.00744v1,IMAGING,IMAGING,0.8980283737182617,1,intra_paper
15700,15701,FIG_00015701,FIG_00015702,2604.27383v1,2604.27383v1,IMAGING,IMAGING,0.8161581158638,3,intra_paper
15700,15702,FIG_00015701,FIG_00015703,2604.27383v1,2604.27383v1,IMAGING,IMAGING,0.8032833337783813,6,intra_paper
15701,15706,FIG_00015702,FIG_00015707,2604.27383v1,2604.27383v1,IMAGING,IMAGING,0.8438369631767273,2,intra_paper
15702,15706,FIG_00015703,FIG_00015707,2604.27383v1,2604.27383v1,IMAGING,IMAGING,0.8317691087722778,1,intra_paper
15730,15737,FIG_00015731,FIG_00015738,2604.26664v1,2604.26664v1,IMAGING,IMAGING,0.8667400479316711,1,intra_paper
15730,15735,FIG_00015731,FIG_00015736,2604.26664v1,2604.26664v1,IMAGING,IMAGING,0.8376402854919434,2,intra_paper
15745,15746,FIG_00015746,FIG_00015747,2604.26492v1,2604.26492v1,IMAGING,IMAGING,0.7847548723220825,7,intra_paper
15749,15752,FIG_00015750,FIG_00015753,2604.26223v4,2604.26223v4,IMAGING,IMAGING,0.8899109363555908,2,intra_paper
15750,15752,FIG_00015751,FIG_00015753,2604.26223v4,2604.26223v4,IMAGING,IMAGING,0.8381873965263367,9,intra_paper
15765,15767,FIG_00015766,FIG_00015768,2604.26223v4,2604.26223v4,IMAGING,IMAGING,0.8945719003677368,1,intra_paper
15765,15766,FIG_00015766,FIG_00015767,2604.26223v4,2604.26223v4,IMAGING,IMAGING,0.8883488178253174,2,intra_paper
15773,15783,FIG_00015774,FIG_00015784,2604.26223v4,2604.26223v4,IMAGING,IMAGING,0.8698237538337708,2,intra_paper
15773,15782,FIG_00015774,FIG_00015783,2604.26223v4,2604.26223v4,IMAGING,IMAGING,0.8462958335876465,5,intra_paper
15774,15786,FIG_00015775,FIG_00015787,2604.26223v4,2604.26223v4,IMAGING,IMAGING,0.8985601663589478,7,intra_paper
15777,15783,FIG_00015778,FIG_00015784,2604.26223v4,2604.26223v4,IMAGING,IMAGING,0.8729713559150696,1,intra_paper
15777,15782,FIG_00015778,FIG_00015783,2604.26223v4,2604.26223v4,IMAGING,IMAGING,0.8582794070243835,2,intra_paper
15792,15793,FIG_00015793,FIG_00015794,2604.25330v1,2604.25330v1,IMAGING,IMAGING,0.8494825959205627,7,intra_paper
15832,15837,FIG_00015833,FIG_00015838,2604.24877v1,2604.24877v1,IMAGING,IMAGING,0.7831907272338867,1,intra_paper
15832,15835,FIG_00015833,FIG_00015836,2604.24877v1,2604.24877v1,IMAGING,IMAGING,0.7729085683822632,2,intra_paper
15832,15833,FIG_00015833,FIG_00015834,2604.24877v1,2604.24877v1,IMAGING,IMAGING,0.7536559700965881,3,intra_paper
15833,15837,FIG_00015834,FIG_00015838,2604.24877v1,2604.24877v1,IMAGING,IMAGING,0.7518408298492432,1,intra_paper
15836,15837,FIG_00015837,FIG_00015838,2604.24877v1,2604.24877v1,IMAGING,IMAGING,0.7693122625350952,1,intra_paper
15858,15859,FIG_00015859,FIG_00015860,2604.24714v1,2604.24714v1,IMAGING,IMAGING,0.8982430696487427,1,intra_paper
15886,15890,FIG_00015887,FIG_00015891,2604.24236v1,2604.24236v1,IMAGING,IMAGING,0.8994572162628174,2,intra_paper
15891,15892,FIG_00015892,FIG_00015893,2604.24236v1,2604.24236v1,IMAGING,IMAGING,0.8443010449409485,2,intra_paper
15910,15913,FIG_00015911,FIG_00015914,2604.24800v1,2604.24800v1,IMAGING,IMAGING,0.8991506695747375,6,intra_paper
15923,15925,FIG_00015924,FIG_00015926,2604.23709v1,2604.23709v1,IMAGING,IMAGING,0.768715500831604,1,intra_paper
15950,15952,FIG_00015951,FIG_00015953,2604.23325v1,2604.23325v1,IMAGING,IMAGING,0.8261498212814331,1,intra_paper
15950,15951,FIG_00015951,FIG_00015952,2604.23325v1,2604.23325v1,IMAGING,IMAGING,0.8062906265258789,2,intra_paper
15964,15966,FIG_00015965,FIG_00015967,2604.23146v2,2604.23146v2,IMAGING,IMAGING,0.8295440673828125,2,intra_paper
15978,15979,FIG_00015979,FIG_00015980,2604.22904v2,2604.22904v2,IMAGING,IMAGING,0.8986971974372864,1,intra_paper
15979,15981,FIG_00015980,FIG_00015982,2604.22904v2,2604.22904v2,IMAGING,IMAGING,0.8747411966323853,1,intra_paper
15988,15989,FIG_00015989,FIG_00015990,2604.22557v1,2604.22557v1,IMAGING,IMAGING,0.7513144016265869,8,intra_paper
15998,16001,FIG_00015999,FIG_00016002,2604.22894v1,2604.22894v1,IMAGING,IMAGING,0.8384778499603271,6,intra_paper
15998,15999,FIG_00015999,FIG_00016000,2604.22894v1,2604.22894v1,IMAGING,IMAGING,0.8298550844192505,11,intra_paper
16012,16019,FIG_00016013,FIG_00016020,2604.22889v2,2604.22889v2,IMAGING,IMAGING,0.8297659754753113,4,intra_paper
16017,16022,FIG_00016018,FIG_00016023,2604.22889v2,2604.22889v2,IMAGING,IMAGING,0.8848897814750671,9,intra_paper
16031,16039,FIG_00016032,FIG_00016040,2604.22212v1,2604.22212v1,IMAGING,IMAGING,0.8174199461936951,1,intra_paper
16038,16039,FIG_00016039,FIG_00016040,2604.22212v1,2604.22212v1,IMAGING,IMAGING,0.791339635848999,1,intra_paper
16044,16048,FIG_00016045,FIG_00016049,2604.21960v2,2604.21960v2,IMAGING,IMAGING,0.8758681416511536,1,intra_paper
16056,16057,FIG_00016057,FIG_00016058,2604.21636v1,2604.21636v1,IMAGING,IMAGING,0.8420479893684387,3,intra_paper
16063,16064,FIG_00016064,FIG_00016065,2604.21518v1,2604.21518v1,IMAGING,IMAGING,0.7903065085411072,9,intra_paper
16074,16077,FIG_00016075,FIG_00016078,2605.00029v1,2605.00029v1,IMAGING,IMAGING,0.7859559059143066,1,intra_paper
16100,16101,FIG_00016101,FIG_00016102,2604.20684v2,2604.20684v2,IMAGING,IMAGING,0.7957484126091003,6,intra_paper
16108,16112,FIG_00016109,FIG_00016113,2604.20466v1,2604.20466v1,IMAGING,IMAGING,0.7633178234100342,3,intra_paper
16110,16117,FIG_00016111,FIG_00016118,2604.20466v1,2604.20466v1,IMAGING,IMAGING,0.8217031955718994,6,intra_paper
16110,16115,FIG_00016111,FIG_00016116,2604.20466v1,2604.20466v1,IMAGING,IMAGING,0.816584587097168,9,intra_paper
16118,16122,FIG_00016119,FIG_00016123,2604.20245v1,2604.20245v1,IMAGING,IMAGING,0.8786123991012573,6,intra_paper
16120,16122,FIG_00016121,FIG_00016123,2604.20245v1,2604.20245v1,IMAGING,IMAGING,0.884465217590332,3,intra_paper
16121,16122,FIG_00016122,FIG_00016123,2604.20245v1,2604.20245v1,IMAGING,IMAGING,0.8932571411132812,2,intra_paper
16132,16138,FIG_00016133,FIG_00016139,2604.19474v1,2604.19474v1,IMAGING,IMAGING,0.8515539765357971,3,intra_paper
16132,16134,FIG_00016133,FIG_00016135,2604.19474v1,2604.19474v1,IMAGING,IMAGING,0.8394773006439209,6,intra_paper
16148,16150,FIG_00016149,FIG_00016151,2604.22842v1,2604.22842v1,IMAGING,IMAGING,0.8857393264770508,2,intra_paper
16152,16156,FIG_00016153,FIG_00016157,2604.22842v1,2604.22842v1,IMAGING,IMAGING,0.8830769658088684,4,intra_paper
16153,16155,FIG_00016154,FIG_00016156,2604.22842v1,2604.22842v1,IMAGING,IMAGING,0.8508771061897278,5,intra_paper
16153,16157,FIG_00016154,FIG_00016158,2604.22842v1,2604.22842v1,IMAGING,IMAGING,0.8477565050125122,7,intra_paper
16158,16164,FIG_00016159,FIG_00016165,2604.22841v1,2604.22841v1,IMAGING,IMAGING,0.824194610118866,3,intra_paper
16158,16159,FIG_00016159,FIG_00016160,2604.22841v1,2604.22841v1,IMAGING,IMAGING,0.8107646703720093,4,intra_paper
16158,16163,FIG_00016159,FIG_00016164,2604.22841v1,2604.22841v1,IMAGING,IMAGING,0.7690804600715637,5,intra_paper
16159,16161,FIG_00016160,FIG_00016162,2604.22841v1,2604.22841v1,IMAGING,IMAGING,0.7902334928512573,3,intra_paper
16159,16162,FIG_00016160,FIG_00016163,2604.22841v1,2604.22841v1,IMAGING,IMAGING,0.7817907333374023,4,intra_paper
16161,16164,FIG_00016162,FIG_00016165,2604.22841v1,2604.22841v1,IMAGING,IMAGING,0.8101485967636108,2,intra_paper
16161,16163,FIG_00016162,FIG_00016164,2604.22841v1,2604.22841v1,IMAGING,IMAGING,0.7629470825195312,3,intra_paper
16162,16164,FIG_00016163,FIG_00016165,2604.22841v1,2604.22841v1,IMAGING,IMAGING,0.8322041034698486,1,intra_paper
16162,16163,FIG_00016163,FIG_00016164,2604.22841v1,2604.22841v1,IMAGING,IMAGING,0.7589317560195923,2,intra_paper
16179,16180,FIG_00016180,FIG_00016181,2604.19007v1,2604.19007v1,IMAGING,IMAGING,0.7647578120231628,1,intra_paper
16201,16202,FIG_00016202,FIG_00016203,2605.00850v1,2605.00850v1,IMAGING,IMAGING,0.8966889381408691,4,intra_paper
16202,16204,FIG_00016203,FIG_00016205,2605.00850v1,2605.00850v1,IMAGING,IMAGING,0.8915380239486694,1,intra_paper
16213,16220,FIG_00016214,FIG_00016221,2605.00850v1,2605.00850v1,IMAGING,IMAGING,0.8871110081672668,1,intra_paper
16230,16232,FIG_00016231,FIG_00016233,2604.17802v1,2604.17802v1,IMAGING,IMAGING,0.7652131915092468,1,intra_paper
16230,16231,FIG_00016231,FIG_00016232,2604.17802v1,2604.17802v1,IMAGING,IMAGING,0.7529159784317017,2,intra_paper
16244,16245,FIG_00016245,FIG_00016246,2604.17567v1,2604.17567v1,IMAGING,IMAGING,0.873375654220581,5,intra_paper
16250,16251,FIG_00016251,FIG_00016252,2604.17453v1,2604.17453v1,IMAGING,IMAGING,0.8674538135528564,1,intra_paper
16285,16294,FIG_00016286,FIG_00016295,2604.16969v1,2604.16969v1,IMAGING,IMAGING,0.7589573264122009,1,intra_paper
16290,16296,FIG_00016291,FIG_00016297,2604.16969v1,2604.16969v1,IMAGING,IMAGING,0.7928605079650879,1,intra_paper
16291,16302,FIG_00016292,FIG_00016303,2604.16969v1,2604.16969v1,IMAGING,IMAGING,0.8453418612480164,1,intra_paper
16296,16299,FIG_00016297,FIG_00016300,2604.16969v1,2604.16969v1,IMAGING,IMAGING,0.867865800857544,1,intra_paper
16319,16320,FIG_00016320,FIG_00016321,2604.16662v1,2604.16662v1,IMAGING,IMAGING,0.8125176429748535,1,intra_paper
16333,16334,FIG_00016334,FIG_00016335,2604.15964v1,2604.15964v1,IMAGING,IMAGING,0.8979414701461792,1,intra_paper
16333,16335,FIG_00016334,FIG_00016336,2604.15964v1,2604.15964v1,IMAGING,IMAGING,0.8408509492874146,2,intra_paper
16334,16335,FIG_00016335,FIG_00016336,2604.15964v1,2604.15964v1,IMAGING,IMAGING,0.7962163686752319,5,intra_paper
16347,16350,FIG_00016348,FIG_00016351,2604.15459v1,2604.15459v1,IMAGING,IMAGING,0.866875171661377,1,intra_paper
16347,16349,FIG_00016348,FIG_00016350,2604.15459v1,2604.15459v1,IMAGING,IMAGING,0.7878302931785583,14,intra_paper
16349,16350,FIG_00016350,FIG_00016351,2604.15459v1,2604.15459v1,IMAGING,IMAGING,0.8397406339645386,1,intra_paper
16352,16353,FIG_00016353,FIG_00016354,2604.14800v1,2604.14800v1,IMAGING,IMAGING,0.8794897794723511,1,intra_paper
16352,16355,FIG_00016353,FIG_00016356,2604.14800v1,2604.14800v1,IMAGING,IMAGING,0.8641181588172913,2,intra_paper
16352,16354,FIG_00016353,FIG_00016355,2604.14800v1,2604.14800v1,IMAGING,IMAGING,0.7883579134941101,5,intra_paper
16353,16355,FIG_00016354,FIG_00016356,2604.14800v1,2604.14800v1,IMAGING,IMAGING,0.8498310446739197,1,intra_paper
16354,16355,FIG_00016355,FIG_00016356,2604.14800v1,2604.14800v1,IMAGING,IMAGING,0.8445070385932922,1,intra_paper
16390,16398,FIG_00016391,FIG_00016399,2604.15374v1,2604.15374v1,IMAGING,IMAGING,0.897271990776062,2,intra_paper
16390,16399,FIG_00016391,FIG_00016400,2604.15374v1,2604.15374v1,IMAGING,IMAGING,0.8968909978866577,3,intra_paper
16390,16395,FIG_00016391,FIG_00016396,2604.15374v1,2604.15374v1,IMAGING,IMAGING,0.8844407796859741,4,intra_paper
16390,16396,FIG_00016391,FIG_00016397,2604.15374v1,2604.15374v1,IMAGING,IMAGING,0.873801589012146,5,intra_paper
16390,16394,FIG_00016391,FIG_00016395,2604.15374v1,2604.15374v1,IMAGING,IMAGING,0.8599449396133423,6,intra_paper
16394,16396,FIG_00016395,FIG_00016397,2604.15374v1,2604.15374v1,IMAGING,IMAGING,0.8867318630218506,1,intra_paper
16394,16398,FIG_00016395,FIG_00016399,2604.15374v1,2604.15374v1,IMAGING,IMAGING,0.8819522857666016,2,intra_paper
16394,16399,FIG_00016395,FIG_00016400,2604.15374v1,2604.15374v1,IMAGING,IMAGING,0.8769489526748657,3,intra_paper
16394,16397,FIG_00016395,FIG_00016398,2604.15374v1,2604.15374v1,IMAGING,IMAGING,0.86966872215271,4,intra_paper
16395,16399,FIG_00016396,FIG_00016400,2604.15374v1,2604.15374v1,IMAGING,IMAGING,0.8897746801376343,1,intra_paper
16395,16397,FIG_00016396,FIG_00016398,2604.15374v1,2604.15374v1,IMAGING,IMAGING,0.8881196975708008,2,intra_paper
16395,16398,FIG_00016396,FIG_00016399,2604.15374v1,2604.15374v1,IMAGING,IMAGING,0.8697353005409241,3,intra_paper
16395,16396,FIG_00016396,FIG_00016397,2604.15374v1,2604.15374v1,IMAGING,IMAGING,0.8536049127578735,4,intra_paper
16428,16433,FIG_00016429,FIG_00016434,2604.13278v1,2604.13278v1,IMAGING,IMAGING,0.7760026454925537,1,intra_paper
16429,16431,FIG_00016430,FIG_00016432,2604.13278v1,2604.13278v1,IMAGING,IMAGING,0.8672481179237366,3,intra_paper
16450,16451,FIG_00016451,FIG_00016452,2604.13004v2,2604.13004v2,IMAGING,IMAGING,0.7587234377861023,1,intra_paper
16453,16454,FIG_00016454,FIG_00016455,2604.12970v1,2604.12970v1,IMAGING,IMAGING,0.814513087272644,1,intra_paper
16461,16462,FIG_00016462,FIG_00016463,2604.12934v1,2604.12934v1,IMAGING,IMAGING,0.8088297843933105,1,intra_paper
16468,16472,FIG_00016469,FIG_00016473,2604.22808v1,2604.22808v1,IMAGING,IMAGING,0.8820073008537292,2,intra_paper
16470,16472,FIG_00016471,FIG_00016473,2604.22808v1,2604.22808v1,IMAGING,IMAGING,0.8863711357116699,3,intra_paper
16470,16471,FIG_00016471,FIG_00016472,2604.22808v1,2604.22808v1,IMAGING,IMAGING,0.8835643529891968,5,intra_paper
16488,16492,FIG_00016489,FIG_00016493,2604.12239v2,2604.12239v2,IMAGING,IMAGING,0.863317608833313,1,intra_paper
16488,16489,FIG_00016489,FIG_00016490,2604.12239v2,2604.12239v2,IMAGING,IMAGING,0.8181464076042175,3,intra_paper
16489,16492,FIG_00016490,FIG_00016493,2604.12239v2,2604.12239v2,IMAGING,IMAGING,0.8778711557388306,1,intra_paper
16491,16494,FIG_00016492,FIG_00016495,2604.12239v2,2604.12239v2,IMAGING,IMAGING,0.8343492746353149,3,intra_paper
16503,16506,FIG_00016504,FIG_00016507,2604.10754v1,2604.10754v1,IMAGING,IMAGING,0.8855094909667969,1,intra_paper
16503,16509,FIG_00016504,FIG_00016510,2604.10754v1,2604.10754v1,IMAGING,IMAGING,0.8235759735107422,2,intra_paper
16503,16505,FIG_00016504,FIG_00016506,2604.10754v1,2604.10754v1,IMAGING,IMAGING,0.8039719462394714,3,intra_paper
16503,16510,FIG_00016504,FIG_00016511,2604.10754v1,2604.10754v1,IMAGING,IMAGING,0.7590888738632202,4,intra_paper
16505,16506,FIG_00016506,FIG_00016507,2604.10754v1,2604.10754v1,IMAGING,IMAGING,0.7697287797927856,9,intra_paper
16506,16509,FIG_00016507,FIG_00016510,2604.10754v1,2604.10754v1,IMAGING,IMAGING,0.7574079036712646,1,intra_paper
16507,16510,FIG_00016508,FIG_00016511,2604.10754v1,2604.10754v1,IMAGING,IMAGING,0.8069748878479004,1,intra_paper
16509,16510,FIG_00016510,FIG_00016511,2604.10754v1,2604.10754v1,IMAGING,IMAGING,0.7520890235900879,3,intra_paper
16513,16516,FIG_00016514,FIG_00016517,2604.10737v1,2604.10737v1,IMAGING,IMAGING,0.8803572654724121,1,intra_paper
16525,16535,FIG_00016526,FIG_00016536,2604.10700v1,2604.10700v1,IMAGING,IMAGING,0.8644685745239258,2,intra_paper
16525,16534,FIG_00016526,FIG_00016535,2604.10700v1,2604.10700v1,IMAGING,IMAGING,0.8463163375854492,3,intra_paper
16525,16529,FIG_00016526,FIG_00016530,2604.10700v1,2604.10700v1,IMAGING,IMAGING,0.8275036215782166,4,intra_paper
16525,16531,FIG_00016526,FIG_00016532,2604.10700v1,2604.10700v1,IMAGING,IMAGING,0.8180946707725525,5,intra_paper
16525,16537,FIG_00016526,FIG_00016538,2604.10700v1,2604.10700v1,IMAGING,IMAGING,0.8174542188644409,6,intra_paper
16525,16528,FIG_00016526,FIG_00016529,2604.10700v1,2604.10700v1,IMAGING,IMAGING,0.7769438028335571,7,intra_paper
16525,16530,FIG_00016526,FIG_00016531,2604.10700v1,2604.10700v1,IMAGING,IMAGING,0.7521631717681885,8,intra_paper
16528,16532,FIG_00016529,FIG_00016533,2604.10700v1,2604.10700v1,IMAGING,IMAGING,0.7786378860473633,1,intra_paper
16528,16529,FIG_00016529,FIG_00016530,2604.10700v1,2604.10700v1,IMAGING,IMAGING,0.7516747713088989,2,intra_paper
16529,16531,FIG_00016530,FIG_00016532,2604.10700v1,2604.10700v1,IMAGING,IMAGING,0.8488588929176331,1,intra_paper
16529,16532,FIG_00016530,FIG_00016533,2604.10700v1,2604.10700v1,IMAGING,IMAGING,0.8403702974319458,2,intra_paper
16529,16535,FIG_00016530,FIG_00016536,2604.10700v1,2604.10700v1,IMAGING,IMAGING,0.7961695790290833,3,intra_paper
16529,16537,FIG_00016530,FIG_00016538,2604.10700v1,2604.10700v1,IMAGING,IMAGING,0.7879651784896851,4,intra_paper
16530,16535,FIG_00016531,FIG_00016536,2604.10700v1,2604.10700v1,IMAGING,IMAGING,0.8048003315925598,1,intra_paper
16530,16532,FIG_00016531,FIG_00016533,2604.10700v1,2604.10700v1,IMAGING,IMAGING,0.7707530856132507,4,intra_paper
16530,16536,FIG_00016531,FIG_00016537,2604.10700v1,2604.10700v1,IMAGING,IMAGING,0.767833948135376,5,intra_paper
16531,16537,FIG_00016532,FIG_00016538,2604.10700v1,2604.10700v1,IMAGING,IMAGING,0.8509124517440796,1,intra_paper
16531,16532,FIG_00016532,FIG_00016533,2604.10700v1,2604.10700v1,IMAGING,IMAGING,0.8406224250793457,2,intra_paper
16531,16535,FIG_00016532,FIG_00016536,2604.10700v1,2604.10700v1,IMAGING,IMAGING,0.8095319271087646,3,intra_paper
16532,16534,FIG_00016533,FIG_00016535,2604.10700v1,2604.10700v1,IMAGING,IMAGING,0.8401604890823364,2,intra_paper
16532,16537,FIG_00016533,FIG_00016538,2604.10700v1,2604.10700v1,IMAGING,IMAGING,0.831723690032959,3,intra_paper
16534,16535,FIG_00016535,FIG_00016536,2604.10700v1,2604.10700v1,IMAGING,IMAGING,0.8624017238616943,1,intra_paper
16535,16537,FIG_00016536,FIG_00016538,2604.10700v1,2604.10700v1,IMAGING,IMAGING,0.8238276839256287,1,intra_paper
16566,16572,FIG_00016567,FIG_00016573,2604.10223v1,2604.10223v1,IMAGING,IMAGING,0.8871093988418579,7,intra_paper
16568,16570,FIG_00016569,FIG_00016571,2604.10223v1,2604.10223v1,IMAGING,IMAGING,0.8992228507995605,2,intra_paper
16600,16601,FIG_00016601,FIG_00016602,2604.09450v2,2604.09450v2,IMAGING,IMAGING,0.7612320184707642,6,intra_paper
16656,16657,FIG_00016657,FIG_00016658,2604.09233v1,2604.09233v1,IMAGING,IMAGING,0.8706356287002563,1,intra_paper
16656,16659,FIG_00016657,FIG_00016660,2604.09233v1,2604.09233v1,IMAGING,IMAGING,0.8492279052734375,2,intra_paper
16656,16658,FIG_00016657,FIG_00016659,2604.09233v1,2604.09233v1,IMAGING,IMAGING,0.8433507084846497,3,intra_paper
16658,16659,FIG_00016659,FIG_00016660,2604.09233v1,2604.09233v1,IMAGING,IMAGING,0.7977741956710815,1,intra_paper
16695,16696,FIG_00016696,FIG_00016697,2604.08868v1,2604.08868v1,IMAGING,IMAGING,0.8323115110397339,1,intra_paper
16701,16702,FIG_00016702,FIG_00016703,2604.08781v1,2604.08781v1,IMAGING,IMAGING,0.7864014506340027,1,intra_paper
16701,16703,FIG_00016702,FIG_00016704,2604.08781v1,2604.08781v1,IMAGING,IMAGING,0.7691153287887573,2,intra_paper
16702,16703,FIG_00016703,FIG_00016704,2604.08781v1,2604.08781v1,IMAGING,IMAGING,0.8641963005065918,1,intra_paper
16715,16716,FIG_00016716,FIG_00016717,2604.08305v1,2604.08305v1,IMAGING,IMAGING,0.816227376461029,14,intra_paper
16727,16728,FIG_00016728,FIG_00016729,2604.08047v1,2604.08047v1,IMAGING,IMAGING,0.8942759037017822,1,intra_paper
16743,16744,FIG_00016744,FIG_00016745,2604.07664v1,2604.07664v1,IMAGING,IMAGING,0.7825917601585388,1,intra_paper
16743,16745,FIG_00016744,FIG_00016746,2604.07664v1,2604.07664v1,IMAGING,IMAGING,0.7712544798851013,2,intra_paper
16750,16756,FIG_00016751,FIG_00016757,2604.07614v2,2604.07614v2,IMAGING,IMAGING,0.8081638216972351,4,intra_paper
16778,16787,FIG_00016779,FIG_00016788,2604.07477v1,2604.07477v1,IMAGING,IMAGING,0.7681980133056641,2,intra_paper
16779,16785,FIG_00016780,FIG_00016786,2604.07477v1,2604.07477v1,IMAGING,IMAGING,0.8127936124801636,1,intra_paper
16790,16791,FIG_00016791,FIG_00016792,2604.07477v1,2604.07477v1,IMAGING,IMAGING,0.8375279903411865,1,intra_paper
16799,16804,FIG_00016800,FIG_00016805,2604.07188v1,2604.07188v1,IMAGING,IMAGING,0.8800082802772522,4,intra_paper
16842,16843,FIG_00016843,FIG_00016844,2604.06671v1,2604.06671v1,IMAGING,IMAGING,0.7557268142700195,1,intra_paper
16843,16850,FIG_00016844,FIG_00016851,2604.06671v1,2604.06671v1,IMAGING,IMAGING,0.8174018859863281,1,intra_paper
16843,16844,FIG_00016844,FIG_00016845,2604.06671v1,2604.06671v1,IMAGING,IMAGING,0.7869699597358704,2,intra_paper
16854,16857,FIG_00016855,FIG_00016858,2604.06576v1,2604.06576v1,IMAGING,IMAGING,0.8699405193328857,3,intra_paper
16861,16862,FIG_00016862,FIG_00016863,2604.06568v1,2604.06568v1,IMAGING,IMAGING,0.8999772071838379,1,intra_paper
16864,16867,FIG_00016865,FIG_00016868,2604.06568v1,2604.06568v1,IMAGING,IMAGING,0.8870152235031128,1,intra_paper
16892,16893,FIG_00016893,FIG_00016894,2604.06561v1,2604.06561v1,IMAGING,IMAGING,0.8379023671150208,1,intra_paper
16895,16898,FIG_00016896,FIG_00016899,2604.06561v1,2604.06561v1,IMAGING,IMAGING,0.8342013359069824,2,intra_paper
16895,16897,FIG_00016896,FIG_00016898,2604.06561v1,2604.06561v1,IMAGING,IMAGING,0.7761666178703308,9,intra_paper
16896,16898,FIG_00016897,FIG_00016899,2604.06561v1,2604.06561v1,IMAGING,IMAGING,0.8022561073303223,4,intra_paper
16896,16897,FIG_00016897,FIG_00016898,2604.06561v1,2604.06561v1,IMAGING,IMAGING,0.768905758857727,13,intra_paper
16897,16898,FIG_00016898,FIG_00016899,2604.06561v1,2604.06561v1,IMAGING,IMAGING,0.7747698426246643,2,intra_paper
16908,16911,FIG_00016909,FIG_00016912,2604.06518v3,2604.06518v3,IMAGING,IMAGING,0.8060742020606995,1,intra_paper
16909,16912,FIG_00016910,FIG_00016913,2604.06518v3,2604.06518v3,IMAGING,IMAGING,0.8044620752334595,1,intra_paper
16909,16910,FIG_00016910,FIG_00016911,2604.06518v3,2604.06518v3,IMAGING,IMAGING,0.7739633917808533,2,intra_paper
16910,16913,FIG_00016911,FIG_00016914,2604.06518v3,2604.06518v3,IMAGING,IMAGING,0.8120342493057251,1,intra_paper
16910,16912,FIG_00016911,FIG_00016913,2604.06518v3,2604.06518v3,IMAGING,IMAGING,0.8081568479537964,2,intra_paper
16912,16913,FIG_00016913,FIG_00016914,2604.06518v3,2604.06518v3,IMAGING,IMAGING,0.775951087474823,2,intra_paper
16959,16960,FIG_00016960,FIG_00016961,2604.06257v1,2604.06257v1,IMAGING,IMAGING,0.7583020329475403,5,intra_paper
16986,16988,FIG_00016987,FIG_00016989,2604.04490v1,2604.04490v1,IMAGING,IMAGING,0.8982863426208496,1,intra_paper
16990,16994,FIG_00016991,FIG_00016995,2604.04490v1,2604.04490v1,IMAGING,IMAGING,0.792197048664093,1,intra_paper
17025,17029,FIG_00017026,FIG_00017030,2604.04078v1,2604.04078v1,IMAGING,IMAGING,0.8762021064758301,6,intra_paper
17048,17049,FIG_00017049,FIG_00017050,2604.03645v1,2604.03645v1,IMAGING,IMAGING,0.8206018805503845,1,intra_paper
17052,17053,FIG_00017053,FIG_00017054,2604.03645v1,2604.03645v1,IMAGING,IMAGING,0.8219934701919556,1,intra_paper
17062,17063,FIG_00017063,FIG_00017064,2604.03603v1,2604.03603v1,IMAGING,IMAGING,0.8361562490463257,1,intra_paper
17064,17065,FIG_00017065,FIG_00017066,2604.03603v1,2604.03603v1,IMAGING,IMAGING,0.7842055559158325,1,intra_paper
17070,17083,FIG_00017071,FIG_00017084,2604.03564v1,2604.03564v1,IMAGING,IMAGING,0.8493431806564331,1,intra_paper
17070,17084,FIG_00017071,FIG_00017085,2604.03564v1,2604.03564v1,IMAGING,IMAGING,0.8490172028541565,2,intra_paper
17070,17080,FIG_00017071,FIG_00017081,2604.03564v1,2604.03564v1,IMAGING,IMAGING,0.807808518409729,3,intra_paper
17070,17079,FIG_00017071,FIG_00017080,2604.03564v1,2604.03564v1,IMAGING,IMAGING,0.7979386448860168,4,intra_paper
17071,17077,FIG_00017072,FIG_00017078,2604.03564v1,2604.03564v1,IMAGING,IMAGING,0.7608247399330139,1,intra_paper
17077,17078,FIG_00017078,FIG_00017079,2604.03564v1,2604.03564v1,IMAGING,IMAGING,0.8695390224456787,1,intra_paper
17079,17084,FIG_00017080,FIG_00017085,2604.03564v1,2604.03564v1,IMAGING,IMAGING,0.809044599533081,2,intra_paper
17079,17083,FIG_00017080,FIG_00017084,2604.03564v1,2604.03564v1,IMAGING,IMAGING,0.799069881439209,3,intra_paper
17080,17084,FIG_00017081,FIG_00017085,2604.03564v1,2604.03564v1,IMAGING,IMAGING,0.8131449222564697,1,intra_paper
17080,17083,FIG_00017081,FIG_00017084,2604.03564v1,2604.03564v1,IMAGING,IMAGING,0.8023052215576172,2,intra_paper
17086,17088,FIG_00017087,FIG_00017089,2604.03402v2,2604.03402v2,IMAGING,IMAGING,0.8220964670181274,1,intra_paper
17100,17105,FIG_00017101,FIG_00017106,2604.03224v1,2604.03224v1,IMAGING,IMAGING,0.8155452609062195,1,intra_paper
17177,17179,FIG_00017178,FIG_00017180,2604.02564v2,2604.02564v2,IMAGING,IMAGING,0.8208400011062622,1,intra_paper
17182,17183,FIG_00017183,FIG_00017184,2604.02448v1,2604.02448v1,IMAGING,IMAGING,0.8846956491470337,1,intra_paper
17182,17187,FIG_00017183,FIG_00017188,2604.02448v1,2604.02448v1,IMAGING,IMAGING,0.7999764084815979,2,intra_paper
17205,17207,FIG_00017206,FIG_00017208,2604.01134v1,2604.01134v1,IMAGING,IMAGING,0.768958330154419,1,intra_paper
17211,17213,FIG_00017212,FIG_00017214,2604.01134v1,2604.01134v1,IMAGING,IMAGING,0.7618898749351501,2,intra_paper
17212,17213,FIG_00017213,FIG_00017214,2604.01134v1,2604.01134v1,IMAGING,IMAGING,0.765268862247467,1,intra_paper
17238,17239,FIG_00017239,FIG_00017240,2604.01081v1,2604.01081v1,IMAGING,IMAGING,0.8577383756637573,1,intra_paper
17250,17254,FIG_00017251,FIG_00017255,2605.13854v1,2605.13854v1,IMAGING,IMAGING,0.7989242672920227,1,intra_paper
17255,17260,FIG_00017256,FIG_00017261,2604.01254v1,2604.01254v1,IMAGING,IMAGING,0.7938569784164429,1,intra_paper
17255,17259,FIG_00017256,FIG_00017260,2604.01254v1,2604.01254v1,IMAGING,IMAGING,0.7852668762207031,2,intra_paper
17271,17273,FIG_00017272,FIG_00017274,2604.00314v1,2604.00314v1,IMAGING,IMAGING,0.8969687223434448,8,intra_paper
17272,17273,FIG_00017273,FIG_00017274,2604.00314v1,2604.00314v1,IMAGING,IMAGING,0.8895937204360962,8,intra_paper
17276,17279,FIG_00017277,FIG_00017280,2604.00251v1,2604.00251v1,IMAGING,IMAGING,0.8547016382217407,1,intra_paper
17286,17289,FIG_00017287,FIG_00017290,2604.00225v1,2604.00225v1,IMAGING,IMAGING,0.7582303881645203,9,intra_paper
17288,17289,FIG_00017289,FIG_00017290,2604.00225v1,2604.00225v1,IMAGING,IMAGING,0.7579630613327026,1,intra_paper
17291,17296,FIG_00017292,FIG_00017297,2604.00225v1,2604.00225v1,IMAGING,IMAGING,0.895522952079773,5,intra_paper
17292,17293,FIG_00017293,FIG_00017294,2604.00225v1,2604.00225v1,IMAGING,IMAGING,0.8050090074539185,15,intra_paper
17295,17296,FIG_00017296,FIG_00017297,2604.00225v1,2604.00225v1,IMAGING,IMAGING,0.8448786735534668,3,intra_paper
17295,17300,FIG_00017296,FIG_00017301,2604.00225v1,2604.00225v1,IMAGING,IMAGING,0.8428545594215393,4,intra_paper
17296,17299,FIG_00017297,FIG_00017300,2604.00225v1,2604.00225v1,IMAGING,IMAGING,0.8608697652816772,1,intra_paper
17296,17300,FIG_00017297,FIG_00017301,2604.00225v1,2604.00225v1,IMAGING,IMAGING,0.8458352088928223,4,intra_paper
17296,17304,FIG_00017297,FIG_00017305,2604.00225v1,2604.00225v1,IMAGING,IMAGING,0.8263558149337769,7,intra_paper
17300,17304,FIG_00017301,FIG_00017305,2604.00225v1,2604.00225v1,IMAGING,IMAGING,0.8870527744293213,4,intra_paper
17311,17315,FIG_00017312,FIG_00017316,2603.29438v1,2603.29438v1,IMAGING,IMAGING,0.7681518793106079,2,intra_paper
17313,17314,FIG_00017314,FIG_00017315,2603.29438v1,2603.29438v1,IMAGING,IMAGING,0.7830972671508789,1,intra_paper
17315,17316,FIG_00017316,FIG_00017317,2603.29438v1,2603.29438v1,IMAGING,IMAGING,0.8516993522644043,1,intra_paper
17315,17317,FIG_00017316,FIG_00017318,2603.29438v1,2603.29438v1,IMAGING,IMAGING,0.7653958797454834,2,intra_paper
17316,17317,FIG_00017317,FIG_00017318,2603.29438v1,2603.29438v1,IMAGING,IMAGING,0.7633157968521118,1,intra_paper
17331,17332,FIG_00017332,FIG_00017333,2603.29181v1,2603.29181v1,IMAGING,IMAGING,0.8227237462997437,5,intra_paper
17341,17355,FIG_00017342,FIG_00017356,2603.29034v1,2603.29034v1,IMAGING,IMAGING,0.8655520081520081,12,intra_paper
17341,17354,FIG_00017342,FIG_00017355,2603.29034v1,2603.29034v1,IMAGING,IMAGING,0.8629264831542969,15,intra_paper
17349,17352,FIG_00017350,FIG_00017353,2603.29034v1,2603.29034v1,IMAGING,IMAGING,0.8985389471054077,4,intra_paper
17351,17355,FIG_00017352,FIG_00017356,2603.29034v1,2603.29034v1,IMAGING,IMAGING,0.8737257719039917,9,intra_paper
17351,17354,FIG_00017352,FIG_00017355,2603.29034v1,2603.29034v1,IMAGING,IMAGING,0.8712517619132996,11,intra_paper
17353,17355,FIG_00017354,FIG_00017356,2603.29034v1,2603.29034v1,IMAGING,IMAGING,0.8729669451713562,1,intra_paper
17353,17354,FIG_00017354,FIG_00017355,2603.29034v1,2603.29034v1,IMAGING,IMAGING,0.8683375716209412,2,intra_paper
17358,17360,FIG_00017359,FIG_00017361,2603.29014v1,2603.29014v1,IMAGING,IMAGING,0.8851323127746582,3,intra_paper
17361,17362,FIG_00017362,FIG_00017363,2603.28995v1,2603.28995v1,IMAGING,IMAGING,0.8920249342918396,2,intra_paper
17367,17368,FIG_00017368,FIG_00017369,2603.28995v1,2603.28995v1,IMAGING,IMAGING,0.7517955303192139,1,intra_paper
17368,17372,FIG_00017369,FIG_00017373,2603.28995v1,2603.28995v1,IMAGING,IMAGING,0.7873333096504211,1,intra_paper
17375,17376,FIG_00017376,FIG_00017377,2603.28711v1,2603.28711v1,IMAGING,IMAGING,0.853754997253418,1,intra_paper
17408,17412,FIG_00017409,FIG_00017413,2603.28083v2,2603.28083v2,IMAGING,IMAGING,0.8265763521194458,1,intra_paper
17433,17438,FIG_00017434,FIG_00017439,2603.27357v1,2603.27357v1,IMAGING,IMAGING,0.8103628754615784,1,intra_paper
17446,17449,FIG_00017447,FIG_00017450,2603.27118v1,2603.27118v1,IMAGING,IMAGING,0.8187105655670166,1,intra_paper
17452,17456,FIG_00017453,FIG_00017457,2603.27118v1,2603.27118v1,IMAGING,IMAGING,0.8843317031860352,7,intra_paper
17481,17483,FIG_00017482,FIG_00017484,2603.26859v1,2603.26859v1,IMAGING,IMAGING,0.8020023107528687,1,intra_paper
17481,17482,FIG_00017482,FIG_00017483,2603.26859v1,2603.26859v1,IMAGING,IMAGING,0.781843364238739,2,intra_paper
17506,17507,FIG_00017507,FIG_00017508,2603.26117v1,2603.26117v1,IMAGING,IMAGING,0.8645833730697632,1,intra_paper
17515,17518,FIG_00017516,FIG_00017519,2603.26014v1,2603.26014v1,IMAGING,IMAGING,0.8782830238342285,2,intra_paper
17515,17525,FIG_00017516,FIG_00017526,2603.26014v1,2603.26014v1,IMAGING,IMAGING,0.8592769503593445,3,intra_paper
17515,17523,FIG_00017516,FIG_00017524,2603.26014v1,2603.26014v1,IMAGING,IMAGING,0.8536837100982666,4,intra_paper
17515,17522,FIG_00017516,FIG_00017523,2603.26014v1,2603.26014v1,IMAGING,IMAGING,0.802004337310791,5,intra_paper
17516,17518,FIG_00017517,FIG_00017519,2603.26014v1,2603.26014v1,IMAGING,IMAGING,0.8760316371917725,1,intra_paper
17516,17525,FIG_00017517,FIG_00017526,2603.26014v1,2603.26014v1,IMAGING,IMAGING,0.8564119338989258,2,intra_paper
17516,17523,FIG_00017517,FIG_00017524,2603.26014v1,2603.26014v1,IMAGING,IMAGING,0.8470202684402466,3,intra_paper
17516,17522,FIG_00017517,FIG_00017523,2603.26014v1,2603.26014v1,IMAGING,IMAGING,0.8007693290710449,4,intra_paper
17518,17523,FIG_00017519,FIG_00017524,2603.26014v1,2603.26014v1,IMAGING,IMAGING,0.8016155958175659,2,intra_paper
17518,17525,FIG_00017519,FIG_00017526,2603.26014v1,2603.26014v1,IMAGING,IMAGING,0.766722559928894,10,intra_paper
17520,17521,FIG_00017521,FIG_00017522,2603.26014v1,2603.26014v1,IMAGING,IMAGING,0.8239902257919312,2,intra_paper
17522,17525,FIG_00017523,FIG_00017526,2603.26014v1,2603.26014v1,IMAGING,IMAGING,0.8774415254592896,1,intra_paper
17522,17523,FIG_00017523,FIG_00017524,2603.26014v1,2603.26014v1,IMAGING,IMAGING,0.8279920816421509,2,intra_paper
17523,17525,FIG_00017524,FIG_00017526,2603.26014v1,2603.26014v1,IMAGING,IMAGING,0.8724344372749329,1,intra_paper
17535,17536,FIG_00017536,FIG_00017537,2603.25945v1,2603.25945v1,IMAGING,IMAGING,0.8847576379776001,1,intra_paper
17535,17538,FIG_00017536,FIG_00017539,2603.25945v1,2603.25945v1,IMAGING,IMAGING,0.7797883749008179,7,intra_paper
17547,17555,FIG_00017548,FIG_00017556,2603.25645v1,2603.25645v1,IMAGING,IMAGING,0.8034983277320862,1,intra_paper
17548,17564,FIG_00017549,FIG_00017565,2603.25645v1,2603.25645v1,IMAGING,IMAGING,0.8990585207939148,9,intra_paper
17579,17582,FIG_00017580,FIG_00017583,2603.26810v1,2603.26810v1,IMAGING,IMAGING,0.7658129334449768,1,intra_paper
17607,17608,FIG_00017608,FIG_00017609,2603.25384v1,2603.25384v1,IMAGING,IMAGING,0.8411651849746704,1,intra_paper
17609,17610,FIG_00017610,FIG_00017611,2603.25384v1,2603.25384v1,IMAGING,IMAGING,0.77691650390625,2,intra_paper
17614,17615,FIG_00017615,FIG_00017616,2603.26802v1,2603.26802v1,IMAGING,IMAGING,0.7991693019866943,1,intra_paper
17615,17619,FIG_00017616,FIG_00017620,2603.26802v1,2603.26802v1,IMAGING,IMAGING,0.7963358163833618,1,intra_paper
17628,17633,FIG_00017629,FIG_00017634,2603.25758v1,2603.25758v1,IMAGING,IMAGING,0.8667412400245667,1,intra_paper
17628,17631,FIG_00017629,FIG_00017632,2603.25758v1,2603.25758v1,IMAGING,IMAGING,0.7625048160552979,2,intra_paper
17631,17633,FIG_00017632,FIG_00017634,2603.25758v1,2603.25758v1,IMAGING,IMAGING,0.8206551671028137,1,intra_paper
17631,17634,FIG_00017632,FIG_00017635,2603.25758v1,2603.25758v1,IMAGING,IMAGING,0.7558943033218384,2,intra_paper
17655,17657,FIG_00017656,FIG_00017658,2603.24176v2,2603.24176v2,IMAGING,IMAGING,0.7523599863052368,1,intra_paper
17658,17659,FIG_00017659,FIG_00017660,2603.24109v1,2603.24109v1,IMAGING,IMAGING,0.8639979362487793,1,intra_paper
17667,17668,FIG_00017668,FIG_00017669,2603.24026v1,2603.24026v1,IMAGING,IMAGING,0.7968326210975647,1,intra_paper
17694,17695,FIG_00017695,FIG_00017696,2603.23869v1,2603.23869v1,IMAGING,IMAGING,0.8699238300323486,3,intra_paper
17694,17696,FIG_00017695,FIG_00017697,2603.23869v1,2603.23869v1,IMAGING,IMAGING,0.8634006977081299,4,intra_paper
17695,17696,FIG_00017696,FIG_00017697,2603.23869v1,2603.23869v1,IMAGING,IMAGING,0.8948225975036621,6,intra_paper
17741,17742,FIG_00017742,FIG_00017743,2603.22842v1,2603.22842v1,IMAGING,IMAGING,0.8880577087402344,1,intra_paper
17743,17744,FIG_00017744,FIG_00017745,2603.22842v1,2603.22842v1,IMAGING,IMAGING,0.8405041694641113,1,intra_paper
17745,17746,FIG_00017746,FIG_00017747,2603.22842v1,2603.22842v1,IMAGING,IMAGING,0.7834117412567139,1,intra_paper
17758,17759,FIG_00017759,FIG_00017760,2603.22627v1,2603.22627v1,IMAGING,IMAGING,0.8682405948638916,1,intra_paper
17758,17760,FIG_00017759,FIG_00017761,2603.22627v1,2603.22627v1,IMAGING,IMAGING,0.8203514814376831,2,intra_paper
17778,17786,FIG_00017779,FIG_00017787,2603.23297v1,2603.23297v1,IMAGING,IMAGING,0.8752480745315552,1,intra_paper
17787,17788,FIG_00017788,FIG_00017789,2603.21911v1,2603.21911v1,IMAGING,IMAGING,0.8838613033294678,1,intra_paper
17794,17798,FIG_00017795,FIG_00017799,2603.21891v1,2603.21891v1,IMAGING,IMAGING,0.8645349740982056,1,intra_paper
17794,17800,FIG_00017795,FIG_00017801,2603.21891v1,2603.21891v1,IMAGING,IMAGING,0.8254937529563904,2,intra_paper
17794,17802,FIG_00017795,FIG_00017803,2603.21891v1,2603.21891v1,IMAGING,IMAGING,0.7855388522148132,3,intra_paper
17798,17800,FIG_00017799,FIG_00017801,2603.21891v1,2603.21891v1,IMAGING,IMAGING,0.8002676963806152,2,intra_paper
17798,17802,FIG_00017799,FIG_00017803,2603.21891v1,2603.21891v1,IMAGING,IMAGING,0.7978373765945435,3,intra_paper
17800,17802,FIG_00017801,FIG_00017803,2603.21891v1,2603.21891v1,IMAGING,IMAGING,0.8518964052200317,1,intra_paper
17800,17803,FIG_00017801,FIG_00017804,2603.21891v1,2603.21891v1,IMAGING,IMAGING,0.8450714349746704,2,intra_paper
17802,17803,FIG_00017803,FIG_00017804,2603.21891v1,2603.21891v1,IMAGING,IMAGING,0.8756078481674194,1,intra_paper
17818,17820,FIG_00017819,FIG_00017821,2603.22378v1,2603.22378v1,IMAGING,IMAGING,0.8860429525375366,3,intra_paper
17822,17834,FIG_00017823,FIG_00017835,2603.22378v1,2603.22378v1,IMAGING,IMAGING,0.8332334756851196,1,intra_paper
17822,17838,FIG_00017823,FIG_00017839,2603.22378v1,2603.22378v1,IMAGING,IMAGING,0.8207521438598633,2,intra_paper
17822,17839,FIG_00017823,FIG_00017840,2603.22378v1,2603.22378v1,IMAGING,IMAGING,0.7965977787971497,3,intra_paper
17825,17829,FIG_00017826,FIG_00017830,2603.22378v1,2603.22378v1,IMAGING,IMAGING,0.8051601648330688,1,intra_paper
17826,17838,FIG_00017827,FIG_00017839,2603.22378v1,2603.22378v1,IMAGING,IMAGING,0.8303574323654175,1,intra_paper
17826,17839,FIG_00017827,FIG_00017840,2603.22378v1,2603.22378v1,IMAGING,IMAGING,0.7678719758987427,3,intra_paper
17834,17838,FIG_00017835,FIG_00017839,2603.22378v1,2603.22378v1,IMAGING,IMAGING,0.7910436391830444,1,intra_paper
17834,17839,FIG_00017835,FIG_00017840,2603.22378v1,2603.22378v1,IMAGING,IMAGING,0.7562345266342163,2,intra_paper
17838,17839,FIG_00017839,FIG_00017840,2603.22378v1,2603.22378v1,IMAGING,IMAGING,0.8384597301483154,1,intra_paper
17848,17849,FIG_00017849,FIG_00017850,2603.21510v2,2603.21510v2,IMAGING,IMAGING,0.8710721731185913,1,intra_paper
17848,17861,FIG_00017849,FIG_00017862,2603.21510v2,2603.21510v2,IMAGING,IMAGING,0.8442309498786926,2,intra_paper
17848,17850,FIG_00017849,FIG_00017851,2603.21510v2,2603.21510v2,IMAGING,IMAGING,0.8017305731773376,3,intra_paper
17849,17861,FIG_00017850,FIG_00017862,2603.21510v2,2603.21510v2,IMAGING,IMAGING,0.7776455283164978,2,intra_paper
17854,17855,FIG_00017855,FIG_00017856,2603.21510v2,2603.21510v2,IMAGING,IMAGING,0.8635743856430054,1,intra_paper
17856,17858,FIG_00017857,FIG_00017859,2603.21510v2,2603.21510v2,IMAGING,IMAGING,0.8472632169723511,1,intra_paper
17859,17861,FIG_00017860,FIG_00017862,2603.21510v2,2603.21510v2,IMAGING,IMAGING,0.7824809551239014,3,intra_paper
17953,17955,FIG_00017954,FIG_00017956,2603.18572v1,2603.18572v1,IMAGING,IMAGING,0.8730908036231995,1,intra_paper
17953,17956,FIG_00017954,FIG_00017957,2603.18572v1,2603.18572v1,IMAGING,IMAGING,0.8688008189201355,2,intra_paper
17955,17956,FIG_00017956,FIG_00017957,2603.18572v1,2603.18572v1,IMAGING,IMAGING,0.8606122136116028,1,intra_paper
17957,17960,FIG_00017958,FIG_00017961,2603.18544v1,2603.18544v1,IMAGING,IMAGING,0.7932406663894653,1,intra_paper
17998,18001,FIG_00017999,FIG_00018002,2603.17702v1,2603.17702v1,IMAGING,IMAGING,0.8609507083892822,2,intra_paper
18030,18038,FIG_00018031,FIG_00018039,2603.17358v1,2603.17358v1,IMAGING,IMAGING,0.8431700468063354,1,intra_paper
18052,18058,FIG_00018053,FIG_00018059,2603.17156v1,2603.17156v1,IMAGING,IMAGING,0.8147936463356018,1,intra_paper
18055,18058,FIG_00018056,FIG_00018059,2603.17156v1,2603.17156v1,IMAGING,IMAGING,0.7756889462471008,2,intra_paper
18056,18058,FIG_00018057,FIG_00018059,2603.17156v1,2603.17156v1,IMAGING,IMAGING,0.8005932569503784,1,intra_paper
18056,18059,FIG_00018057,FIG_00018060,2603.17156v1,2603.17156v1,IMAGING,IMAGING,0.7503921389579773,2,intra_paper
18064,18065,FIG_00018065,FIG_00018066,2603.18050v1,2603.18050v1,IMAGING,IMAGING,0.8071158528327942,3,intra_paper
18083,18084,FIG_00018084,FIG_00018085,2603.16587v1,2603.16587v1,IMAGING,IMAGING,0.8715502023696899,1,intra_paper
18092,18093,FIG_00018093,FIG_00018094,2603.16050v1,2603.16050v1,IMAGING,IMAGING,0.7606826424598694,1,intra_paper
18099,18113,FIG_00018100,FIG_00018114,2603.16016v1,2603.16016v1,IMAGING,IMAGING,0.7608231902122498,1,intra_paper
18100,18112,FIG_00018101,FIG_00018113,2603.16016v1,2603.16016v1,IMAGING,IMAGING,0.788119912147522,1,intra_paper
18100,18111,FIG_00018101,FIG_00018112,2603.16016v1,2603.16016v1,IMAGING,IMAGING,0.7709947824478149,2,intra_paper
18109,18110,FIG_00018110,FIG_00018111,2603.16016v1,2603.16016v1,IMAGING,IMAGING,0.8170490860939026,1,intra_paper
18159,18164,FIG_00018160,FIG_00018165,2603.16942v1,2603.16942v1,IMAGING,IMAGING,0.8078993558883667,7,intra_paper
18160,18164,FIG_00018161,FIG_00018165,2603.16942v1,2603.16942v1,IMAGING,IMAGING,0.8193309307098389,1,intra_paper
18178,18182,FIG_00018179,FIG_00018183,2603.14621v1,2603.14621v1,IMAGING,IMAGING,0.8671668171882629,1,intra_paper
18178,18181,FIG_00018179,FIG_00018182,2603.14621v1,2603.14621v1,IMAGING,IMAGING,0.8399717807769775,2,intra_paper
18190,18191,FIG_00018191,FIG_00018192,2603.14610v2,2603.14610v2,IMAGING,IMAGING,0.8135000467300415,8,intra_paper
18209,18213,FIG_00018210,FIG_00018214,2603.14461v1,2603.14461v1,IMAGING,IMAGING,0.8454557657241821,3,intra_paper
18209,18212,FIG_00018210,FIG_00018213,2603.14461v1,2603.14461v1,IMAGING,IMAGING,0.8410526514053345,4,intra_paper
18211,18212,FIG_00018212,FIG_00018213,2603.14461v1,2603.14461v1,IMAGING,IMAGING,0.8944495916366577,4,intra_paper
18216,18217,FIG_00018217,FIG_00018218,2603.14461v1,2603.14461v1,IMAGING,IMAGING,0.8630989789962769,1,intra_paper
18216,18219,FIG_00018217,FIG_00018220,2603.14461v1,2603.14461v1,IMAGING,IMAGING,0.7832808494567871,4,intra_paper
18216,18220,FIG_00018217,FIG_00018221,2603.14461v1,2603.14461v1,IMAGING,IMAGING,0.7832737565040588,5,intra_paper
18218,18220,FIG_00018219,FIG_00018221,2603.14461v1,2603.14461v1,IMAGING,IMAGING,0.8009920120239258,1,intra_paper
18218,18219,FIG_00018219,FIG_00018220,2603.14461v1,2603.14461v1,IMAGING,IMAGING,0.7767734527587891,2,intra_paper
18219,18220,FIG_00018220,FIG_00018221,2603.14461v1,2603.14461v1,IMAGING,IMAGING,0.8923519849777222,1,intra_paper
18225,18229,FIG_00018226,FIG_00018230,2603.16940v1,2603.16940v1,IMAGING,IMAGING,0.880589485168457,1,intra_paper
18225,18227,FIG_00018226,FIG_00018228,2603.16940v1,2603.16940v1,IMAGING,IMAGING,0.8589317202568054,3,intra_paper
18227,18229,FIG_00018228,FIG_00018230,2603.16940v1,2603.16940v1,IMAGING,IMAGING,0.8496243357658386,1,intra_paper
18235,18236,FIG_00018236,FIG_00018237,2603.14124v1,2603.14124v1,IMAGING,IMAGING,0.8891828060150146,11,intra_paper
18239,18241,FIG_00018240,FIG_00018242,2603.13969v1,2603.13969v1,IMAGING,IMAGING,0.8040318489074707,1,intra_paper
18239,18242,FIG_00018240,FIG_00018243,2603.13969v1,2603.13969v1,IMAGING,IMAGING,0.7764831185340881,2,intra_paper
18241,18242,FIG_00018242,FIG_00018243,2603.13969v1,2603.13969v1,IMAGING,IMAGING,0.8698235750198364,1,intra_paper
18245,18246,FIG_00018246,FIG_00018247,2603.13877v1,2603.13877v1,IMAGING,IMAGING,0.8081334829330444,1,intra_paper
18247,18248,FIG_00018248,FIG_00018249,2603.13877v1,2603.13877v1,IMAGING,IMAGING,0.8860324025154114,1,intra_paper
18300,18304,FIG_00018301,FIG_00018305,2603.13162v1,2603.13162v1,IMAGING,IMAGING,0.7859134078025818,1,intra_paper
18301,18302,FIG_00018302,FIG_00018303,2603.13162v1,2603.13162v1,IMAGING,IMAGING,0.8089923858642578,1,intra_paper
18325,18326,FIG_00018326,FIG_00018327,2603.13108v1,2603.13108v1,IMAGING,IMAGING,0.8050515651702881,1,intra_paper
18346,18349,FIG_00018347,FIG_00018350,2603.13007v1,2603.13007v1,IMAGING,IMAGING,0.8749620914459229,1,intra_paper
18346,18350,FIG_00018347,FIG_00018351,2603.13007v1,2603.13007v1,IMAGING,IMAGING,0.8653504252433777,2,intra_paper
18347,18350,FIG_00018348,FIG_00018351,2603.13007v1,2603.13007v1,IMAGING,IMAGING,0.7563365697860718,9,intra_paper
18349,18350,FIG_00018350,FIG_00018351,2603.13007v1,2603.13007v1,IMAGING,IMAGING,0.8749051094055176,1,intra_paper
18351,18352,FIG_00018352,FIG_00018353,2603.13007v1,2603.13007v1,IMAGING,IMAGING,0.8497542142868042,1,intra_paper
18357,18359,FIG_00018358,FIG_00018360,2603.13447v1,2603.13447v1,IMAGING,IMAGING,0.8719522953033447,1,intra_paper
18358,18359,FIG_00018359,FIG_00018360,2603.13447v1,2603.13447v1,IMAGING,IMAGING,0.7690573334693909,1,intra_paper
18359,18360,FIG_00018360,FIG_00018361,2603.13447v1,2603.13447v1,IMAGING,IMAGING,0.793785810470581,5,intra_paper
18375,18376,FIG_00018376,FIG_00018377,2603.12800v2,2603.12800v2,IMAGING,IMAGING,0.7788160443305969,1,intra_paper
18376,18381,FIG_00018377,FIG_00018382,2603.12800v2,2603.12800v2,IMAGING,IMAGING,0.8165491819381714,1,intra_paper
18376,18378,FIG_00018377,FIG_00018379,2603.12800v2,2603.12800v2,IMAGING,IMAGING,0.8001811504364014,2,intra_paper
18394,18395,FIG_00018395,FIG_00018396,2603.12716v1,2603.12716v1,IMAGING,IMAGING,0.8111891150474548,9,intra_paper
18396,18400,FIG_00018397,FIG_00018401,2603.12715v1,2603.12715v1,IMAGING,IMAGING,0.8582683205604553,1,intra_paper
18396,18397,FIG_00018397,FIG_00018398,2603.12715v1,2603.12715v1,IMAGING,IMAGING,0.7985525131225586,2,intra_paper
18396,18407,FIG_00018397,FIG_00018408,2603.12715v1,2603.12715v1,IMAGING,IMAGING,0.7910581231117249,3,intra_paper
18396,18405,FIG_00018397,FIG_00018406,2603.12715v1,2603.12715v1,IMAGING,IMAGING,0.7618475556373596,4,intra_paper
18396,18406,FIG_00018397,FIG_00018407,2603.12715v1,2603.12715v1,IMAGING,IMAGING,0.7542994022369385,5,intra_paper
18396,18398,FIG_00018397,FIG_00018399,2603.12715v1,2603.12715v1,IMAGING,IMAGING,0.7509880661964417,6,intra_paper
18397,18400,FIG_00018398,FIG_00018401,2603.12715v1,2603.12715v1,IMAGING,IMAGING,0.8359006643295288,5,intra_paper
18398,18400,FIG_00018399,FIG_00018401,2603.12715v1,2603.12715v1,IMAGING,IMAGING,0.8224278092384338,4,intra_paper
18400,18407,FIG_00018401,FIG_00018408,2603.12715v1,2603.12715v1,IMAGING,IMAGING,0.8363490700721741,1,intra_paper
18400,18406,FIG_00018401,FIG_00018407,2603.12715v1,2603.12715v1,IMAGING,IMAGING,0.8137745261192322,2,intra_paper
18400,18405,FIG_00018401,FIG_00018406,2603.12715v1,2603.12715v1,IMAGING,IMAGING,0.8096085786819458,3,intra_paper
18417,18419,FIG_00018418,FIG_00018420,2603.12624v1,2603.12624v1,IMAGING,IMAGING,0.8641966581344604,1,intra_paper
18426,18428,FIG_00018427,FIG_00018429,2603.12581v1,2603.12581v1,IMAGING,IMAGING,0.7912678718566895,7,intra_paper
18434,18447,FIG_00018435,FIG_00018448,2603.12445v1,2603.12445v1,IMAGING,IMAGING,0.8567579984664917,1,intra_paper
18460,18461,FIG_00018461,FIG_00018462,2603.12144v1,2603.12144v1,IMAGING,IMAGING,0.8285657167434692,3,intra_paper
18462,18470,FIG_00018463,FIG_00018471,2603.12144v1,2603.12144v1,IMAGING,IMAGING,0.788084864616394,1,intra_paper
18462,18471,FIG_00018463,FIG_00018472,2603.12144v1,2603.12144v1,IMAGING,IMAGING,0.7512916922569275,2,intra_paper
18506,18514,FIG_00018507,FIG_00018515,2603.12307v1,2603.12307v1,IMAGING,IMAGING,0.8798273801803589,2,intra_paper
18511,18514,FIG_00018512,FIG_00018515,2603.12307v1,2603.12307v1,IMAGING,IMAGING,0.8571665287017822,1,intra_paper
18535,18536,FIG_00018536,FIG_00018537,2603.11344v2,2603.11344v2,IMAGING,IMAGING,0.862523078918457,1,intra_paper
18538,18539,FIG_00018539,FIG_00018540,2603.11344v2,2603.11344v2,IMAGING,IMAGING,0.8597054481506348,1,intra_paper
18552,18554,FIG_00018553,FIG_00018555,2603.10791v1,2603.10791v1,IMAGING,IMAGING,0.8370805382728577,1,intra_paper
18552,18557,FIG_00018553,FIG_00018558,2603.10791v1,2603.10791v1,IMAGING,IMAGING,0.8110519647598267,4,intra_paper
18564,18565,FIG_00018565,FIG_00018566,2603.10671v1,2603.10671v1,IMAGING,IMAGING,0.8877532482147217,2,intra_paper
18568,18576,FIG_00018569,FIG_00018577,2603.13392v1,2603.13392v1,IMAGING,IMAGING,0.7610865235328674,9,intra_paper
18589,18599,FIG_00018590,FIG_00018600,2603.09840v1,2603.09840v1,IMAGING,IMAGING,0.8594107627868652,1,intra_paper
18589,18600,FIG_00018590,FIG_00018601,2603.09840v1,2603.09840v1,IMAGING,IMAGING,0.84189772605896,2,intra_paper
18589,18598,FIG_00018590,FIG_00018599,2603.09840v1,2603.09840v1,IMAGING,IMAGING,0.8390729427337646,3,intra_paper
18591,18593,FIG_00018592,FIG_00018594,2603.09840v1,2603.09840v1,IMAGING,IMAGING,0.8421518206596375,1,intra_paper
18592,18602,FIG_00018593,FIG_00018603,2603.09840v1,2603.09840v1,IMAGING,IMAGING,0.818014919757843,1,intra_paper
18592,18595,FIG_00018593,FIG_00018596,2603.09840v1,2603.09840v1,IMAGING,IMAGING,0.7789714932441711,2,intra_paper
18593,18594,FIG_00018594,FIG_00018595,2603.09840v1,2603.09840v1,IMAGING,IMAGING,0.8258577585220337,1,intra_paper
18595,18597,FIG_00018596,FIG_00018598,2603.09840v1,2603.09840v1,IMAGING,IMAGING,0.7536596059799194,2,intra_paper
18597,18602,FIG_00018598,FIG_00018603,2603.09840v1,2603.09840v1,IMAGING,IMAGING,0.757866382598877,1,intra_paper
18598,18599,FIG_00018599,FIG_00018600,2603.09840v1,2603.09840v1,IMAGING,IMAGING,0.8926407098770142,1,intra_paper
18645,18646,FIG_00018646,FIG_00018647,2603.09116v1,2603.09116v1,IMAGING,IMAGING,0.8820369243621826,1,intra_paper
18660,18662,FIG_00018661,FIG_00018663,2603.09106v1,2603.09106v1,IMAGING,IMAGING,0.8319075703620911,1,intra_paper
18660,18664,FIG_00018661,FIG_00018665,2603.09106v1,2603.09106v1,IMAGING,IMAGING,0.7941914796829224,2,intra_paper
18661,18662,FIG_00018662,FIG_00018663,2603.09106v1,2603.09106v1,IMAGING,IMAGING,0.7962324619293213,1,intra_paper
18661,18663,FIG_00018662,FIG_00018664,2603.09106v1,2603.09106v1,IMAGING,IMAGING,0.7650848627090454,2,intra_paper
18662,18664,FIG_00018663,FIG_00018665,2603.09106v1,2603.09106v1,IMAGING,IMAGING,0.7746189832687378,1,intra_paper
18664,18666,FIG_00018665,FIG_00018667,2603.09106v1,2603.09106v1,IMAGING,IMAGING,0.7930203676223755,1,intra_paper
18668,18670,FIG_00018669,FIG_00018671,2603.09075v1,2603.09075v1,IMAGING,IMAGING,0.8882137537002563,1,intra_paper
18668,18669,FIG_00018669,FIG_00018670,2603.09075v1,2603.09075v1,IMAGING,IMAGING,0.8787669539451599,2,intra_paper
18668,18672,FIG_00018669,FIG_00018673,2603.09075v1,2603.09075v1,IMAGING,IMAGING,0.7500751614570618,4,intra_paper
18669,18672,FIG_00018670,FIG_00018673,2603.09075v1,2603.09075v1,IMAGING,IMAGING,0.8229982852935791,3,intra_paper
18669,18673,FIG_00018670,FIG_00018674,2603.09075v1,2603.09075v1,IMAGING,IMAGING,0.8183151483535767,4,intra_paper
18670,18671,FIG_00018671,FIG_00018672,2603.09075v1,2603.09075v1,IMAGING,IMAGING,0.7604824304580688,8,intra_paper
18672,18673,FIG_00018673,FIG_00018674,2603.09075v1,2603.09075v1,IMAGING,IMAGING,0.8993525505065918,1,intra_paper
18684,18687,FIG_00018685,FIG_00018688,2603.08521v1,2603.08521v1,IMAGING,IMAGING,0.7532433271408081,2,intra_paper
18685,18687,FIG_00018686,FIG_00018688,2603.08521v1,2603.08521v1,IMAGING,IMAGING,0.7510586977005005,1,intra_paper
18700,18703,FIG_00018701,FIG_00018704,2603.08385v2,2603.08385v2,IMAGING,IMAGING,0.7704792022705078,14,intra_paper
18702,18703,FIG_00018703,FIG_00018704,2603.08385v2,2603.08385v2,IMAGING,IMAGING,0.7664141654968262,1,intra_paper
18707,18712,FIG_00018708,FIG_00018713,2603.08217v1,2603.08217v1,IMAGING,IMAGING,0.790888249874115,2,intra_paper
18712,18713,FIG_00018713,FIG_00018714,2603.08217v1,2603.08217v1,IMAGING,IMAGING,0.7633217573165894,2,intra_paper
18721,18722,FIG_00018722,FIG_00018723,2603.06766v1,2603.06766v1,IMAGING,IMAGING,0.8988949060440063,2,intra_paper
18725,18728,FIG_00018726,FIG_00018729,2603.06338v1,2603.06338v1,IMAGING,IMAGING,0.8736844062805176,4,intra_paper
18726,18742,FIG_00018727,FIG_00018743,2603.06338v1,2603.06338v1,IMAGING,IMAGING,0.8348418474197388,9,intra_paper
18729,18734,FIG_00018730,FIG_00018735,2603.06338v1,2603.06338v1,IMAGING,IMAGING,0.8911189436912537,2,intra_paper
18729,18731,FIG_00018730,FIG_00018732,2603.06338v1,2603.06338v1,IMAGING,IMAGING,0.8741368651390076,3,intra_paper
18729,18735,FIG_00018730,FIG_00018736,2603.06338v1,2603.06338v1,IMAGING,IMAGING,0.8290743231773376,6,intra_paper
18732,18735,FIG_00018733,FIG_00018736,2603.06338v1,2603.06338v1,IMAGING,IMAGING,0.890874981880188,2,intra_paper
18734,18735,FIG_00018735,FIG_00018736,2603.06338v1,2603.06338v1,IMAGING,IMAGING,0.889690637588501,1,intra_paper
18760,18761,FIG_00018761,FIG_00018762,2603.06095v2,2603.06095v2,IMAGING,IMAGING,0.7872486710548401,1,intra_paper
18764,18770,FIG_00018765,FIG_00018771,2603.05987v1,2603.05987v1,IMAGING,IMAGING,0.8523330688476562,1,intra_paper
18764,18773,FIG_00018765,FIG_00018774,2603.05987v1,2603.05987v1,IMAGING,IMAGING,0.8466935753822327,2,intra_paper
18764,18787,FIG_00018765,FIG_00018788,2603.05987v1,2603.05987v1,IMAGING,IMAGING,0.77158522605896,3,intra_paper
18764,18766,FIG_00018765,FIG_00018767,2603.05987v1,2603.05987v1,IMAGING,IMAGING,0.7649253010749817,4,intra_paper
18766,18770,FIG_00018767,FIG_00018771,2603.05987v1,2603.05987v1,IMAGING,IMAGING,0.7931780815124512,1,intra_paper
18770,18773,FIG_00018771,FIG_00018774,2603.05987v1,2603.05987v1,IMAGING,IMAGING,0.7940688133239746,1,intra_paper
18796,18798,FIG_00018797,FIG_00018799,2603.16908v1,2603.16908v1,IMAGING,IMAGING,0.7680804133415222,1,intra_paper
18796,18799,FIG_00018797,FIG_00018800,2603.16908v1,2603.16908v1,IMAGING,IMAGING,0.7527558207511902,4,intra_paper
18811,18816,FIG_00018812,FIG_00018817,2603.05756v1,2603.05756v1,IMAGING,IMAGING,0.8744702339172363,11,intra_paper
18812,18814,FIG_00018813,FIG_00018815,2603.05756v1,2603.05756v1,IMAGING,IMAGING,0.8842654228210449,1,intra_paper
18813,18815,FIG_00018814,FIG_00018816,2603.05756v1,2603.05756v1,IMAGING,IMAGING,0.8886048793792725,6,intra_paper
18819,18820,FIG_00018820,FIG_00018821,2603.05726v1,2603.05726v1,IMAGING,IMAGING,0.8551263809204102,1,intra_paper
18819,18821,FIG_00018820,FIG_00018822,2603.05726v1,2603.05726v1,IMAGING,IMAGING,0.820114016532898,2,intra_paper
18819,18822,FIG_00018820,FIG_00018823,2603.05726v1,2603.05726v1,IMAGING,IMAGING,0.7845357656478882,9,intra_paper
18820,18822,FIG_00018821,FIG_00018823,2603.05726v1,2603.05726v1,IMAGING,IMAGING,0.878261148929596,2,intra_paper
18821,18822,FIG_00018822,FIG_00018823,2603.05726v1,2603.05726v1,IMAGING,IMAGING,0.8413235545158386,1,intra_paper
18826,18827,FIG_00018827,FIG_00018828,2603.05693v1,2603.05693v1,IMAGING,IMAGING,0.8582626581192017,1,intra_paper
18831,18832,FIG_00018832,FIG_00018833,2603.05681v1,2603.05681v1,IMAGING,IMAGING,0.8146038055419922,4,intra_paper
18833,18834,FIG_00018834,FIG_00018835,2603.05247v1,2603.05247v1,IMAGING,IMAGING,0.8703696727752686,2,intra_paper
18838,18839,FIG_00018839,FIG_00018840,2603.05183v1,2603.05183v1,IMAGING,IMAGING,0.8449259400367737,1,intra_paper
18838,18846,FIG_00018839,FIG_00018847,2603.05183v1,2603.05183v1,IMAGING,IMAGING,0.8031004667282104,6,intra_paper
18843,18846,FIG_00018844,FIG_00018847,2603.05183v1,2603.05183v1,IMAGING,IMAGING,0.8540165424346924,6,intra_paper
18843,18844,FIG_00018844,FIG_00018845,2603.05183v1,2603.05183v1,IMAGING,IMAGING,0.8188080191612244,8,intra_paper
18844,18846,FIG_00018845,FIG_00018847,2603.05183v1,2603.05183v1,IMAGING,IMAGING,0.8366442918777466,3,intra_paper
18852,18854,FIG_00018853,FIG_00018855,2603.05159v1,2603.05159v1,IMAGING,IMAGING,0.8402071595191956,1,intra_paper
18879,18881,FIG_00018880,FIG_00018882,2603.04926v1,2603.04926v1,IMAGING,IMAGING,0.806862473487854,1,intra_paper
18879,18880,FIG_00018880,FIG_00018881,2603.04926v1,2603.04926v1,IMAGING,IMAGING,0.8031157851219177,2,intra_paper
18880,18881,FIG_00018881,FIG_00018882,2603.04926v1,2603.04926v1,IMAGING,IMAGING,0.789950430393219,1,intra_paper
18905,18906,FIG_00018906,FIG_00018907,2603.03938v1,2603.03938v1,IMAGING,IMAGING,0.8477890491485596,3,intra_paper
18920,18928,FIG_00018921,FIG_00018929,2603.03890v1,2603.03890v1,IMAGING,IMAGING,0.8843538761138916,9,intra_paper
18921,18925,FIG_00018922,FIG_00018926,2603.03890v1,2603.03890v1,IMAGING,IMAGING,0.8458995819091797,11,intra_paper
18962,18964,FIG_00018963,FIG_00018965,2603.03654v1,2603.03654v1,IMAGING,IMAGING,0.8415601849555969,1,intra_paper
18978,18993,FIG_00018979,FIG_00018994,2603.03654v1,2603.03654v1,IMAGING,IMAGING,0.7511401772499084,1,intra_paper
18980,18983,FIG_00018981,FIG_00018984,2603.03654v1,2603.03654v1,IMAGING,IMAGING,0.8536666631698608,1,intra_paper
18980,18982,FIG_00018981,FIG_00018983,2603.03654v1,2603.03654v1,IMAGING,IMAGING,0.804116427898407,2,intra_paper
18989,18991,FIG_00018990,FIG_00018992,2603.03654v1,2603.03654v1,IMAGING,IMAGING,0.7999855279922485,1,intra_paper
18991,18995,FIG_00018992,FIG_00018996,2603.03654v1,2603.03654v1,IMAGING,IMAGING,0.8206615447998047,1,intra_paper
18992,19022,FIG_00018993,FIG_00019023,2603.03654v1,2603.03654v1,IMAGING,IMAGING,0.7986643314361572,1,intra_paper
18993,19034,FIG_00018994,FIG_00019035,2603.03654v1,2603.03654v1,IMAGING,IMAGING,0.8279451131820679,1,intra_paper
18993,18994,FIG_00018994,FIG_00018995,2603.03654v1,2603.03654v1,IMAGING,IMAGING,0.751230001449585,2,intra_paper
19000,19009,FIG_00019001,FIG_00019010,2603.03654v1,2603.03654v1,IMAGING,IMAGING,0.8253967761993408,1,intra_paper
19018,19027,FIG_00019019,FIG_00019028,2603.03654v1,2603.03654v1,IMAGING,IMAGING,0.7931251525878906,1,intra_paper
19019,19037,FIG_00019020,FIG_00019038,2603.03654v1,2603.03654v1,IMAGING,IMAGING,0.841914176940918,1,intra_paper
19025,19026,FIG_00019026,FIG_00019027,2603.03654v1,2603.03654v1,IMAGING,IMAGING,0.8021872043609619,1,intra_paper
19026,19029,FIG_00019027,FIG_00019030,2603.03654v1,2603.03654v1,IMAGING,IMAGING,0.8358559608459473,1,intra_paper
19029,19038,FIG_00019030,FIG_00019039,2603.03654v1,2603.03654v1,IMAGING,IMAGING,0.7864923477172852,2,intra_paper
19031,19038,FIG_00019032,FIG_00019039,2603.03654v1,2603.03654v1,IMAGING,IMAGING,0.7808127999305725,1,intra_paper
19037,19053,FIG_00019038,FIG_00019054,2603.03654v1,2603.03654v1,IMAGING,IMAGING,0.7856813669204712,1,intra_paper
19039,19051,FIG_00019040,FIG_00019052,2603.03654v1,2603.03654v1,IMAGING,IMAGING,0.8991707563400269,8,intra_paper
19043,19045,FIG_00019044,FIG_00019046,2603.03654v1,2603.03654v1,IMAGING,IMAGING,0.8908781409263611,2,intra_paper
19049,19051,FIG_00019050,FIG_00019052,2603.03654v1,2603.03654v1,IMAGING,IMAGING,0.8944457769393921,3,intra_paper
19050,19052,FIG_00019051,FIG_00019053,2603.03654v1,2603.03654v1,IMAGING,IMAGING,0.8680785298347473,3,intra_paper
19061,19063,FIG_00019062,FIG_00019064,2603.03073v2,2603.03073v2,IMAGING,IMAGING,0.8497700095176697,1,intra_paper
19068,19072,FIG_00019069,FIG_00019073,2603.03060v1,2603.03060v1,IMAGING,IMAGING,0.8555086851119995,7,intra_paper
19068,19074,FIG_00019069,FIG_00019075,2603.03060v1,2603.03060v1,IMAGING,IMAGING,0.8526862859725952,8,intra_paper
19086,19091,FIG_00019087,FIG_00019092,2603.02712v1,2603.02712v1,IMAGING,IMAGING,0.7780976295471191,1,intra_paper
19086,19092,FIG_00019087,FIG_00019093,2603.02712v1,2603.02712v1,IMAGING,IMAGING,0.777080774307251,2,intra_paper
19103,19107,FIG_00019104,FIG_00019108,2603.05534v1,2603.05534v1,IMAGING,IMAGING,0.8809304237365723,3,intra_paper
19109,19112,FIG_00019110,FIG_00019113,2603.02536v1,2603.02536v1,IMAGING,IMAGING,0.8670657873153687,2,intra_paper
19140,19141,FIG_00019141,FIG_00019142,2603.01872v1,2603.01872v1,IMAGING,IMAGING,0.8483269214630127,1,intra_paper
19140,19144,FIG_00019141,FIG_00019145,2603.01872v1,2603.01872v1,IMAGING,IMAGING,0.7949216365814209,2,intra_paper
19141,19143,FIG_00019142,FIG_00019144,2603.01872v1,2603.01872v1,IMAGING,IMAGING,0.8716514110565186,2,intra_paper
19163,19164,FIG_00019164,FIG_00019165,2603.01810v1,2603.01810v1,IMAGING,IMAGING,0.8396139144897461,1,intra_paper
19166,19167,FIG_00019167,FIG_00019168,2603.01810v1,2603.01810v1,IMAGING,IMAGING,0.7995859980583191,7,intra_paper
19185,19186,FIG_00019186,FIG_00019187,2603.01584v1,2603.01584v1,IMAGING,IMAGING,0.7842813730239868,7,intra_paper
19197,19202,FIG_00019198,FIG_00019203,2603.01016v1,2603.01016v1,IMAGING,IMAGING,0.7728960514068604,3,intra_paper
19197,19203,FIG_00019198,FIG_00019204,2603.01016v1,2603.01016v1,IMAGING,IMAGING,0.7723550796508789,4,intra_paper
19198,19209,FIG_00019199,FIG_00019210,2603.01016v1,2603.01016v1,IMAGING,IMAGING,0.8892794251441956,1,intra_paper
19199,19204,FIG_00019200,FIG_00019205,2603.01016v1,2603.01016v1,IMAGING,IMAGING,0.7663118243217468,3,intra_paper
19199,19205,FIG_00019200,FIG_00019206,2603.01016v1,2603.01016v1,IMAGING,IMAGING,0.7622421979904175,4,intra_paper
19202,19204,FIG_00019203,FIG_00019205,2603.01016v1,2603.01016v1,IMAGING,IMAGING,0.7974230647087097,2,intra_paper
19202,19205,FIG_00019203,FIG_00019206,2603.01016v1,2603.01016v1,IMAGING,IMAGING,0.7950724959373474,3,intra_paper
19203,19204,FIG_00019204,FIG_00019205,2603.01016v1,2603.01016v1,IMAGING,IMAGING,0.8001713752746582,1,intra_paper
19203,19205,FIG_00019204,FIG_00019206,2603.01016v1,2603.01016v1,IMAGING,IMAGING,0.79587322473526,2,intra_paper
19210,19211,FIG_00019211,FIG_00019212,2603.01016v1,2603.01016v1,IMAGING,IMAGING,0.8239343166351318,1,intra_paper
19221,19223,FIG_00019222,FIG_00019224,2603.00920v1,2603.00920v1,IMAGING,IMAGING,0.7693792581558228,1,intra_paper
19227,19232,FIG_00019228,FIG_00019233,2603.00882v1,2603.00882v1,IMAGING,IMAGING,0.7869501113891602,9,intra_paper
19265,19266,FIG_00019266,FIG_00019267,2603.00204v1,2603.00204v1,IMAGING,IMAGING,0.8100229501724243,2,intra_paper
19276,19278,FIG_00019277,FIG_00019279,2602.23803v1,2602.23803v1,IMAGING,IMAGING,0.8273887634277344,2,intra_paper
19283,19284,FIG_00019284,FIG_00019285,2602.23791v2,2602.23791v2,IMAGING,IMAGING,0.8070029020309448,3,intra_paper
19283,19285,FIG_00019284,FIG_00019286,2602.23791v2,2602.23791v2,IMAGING,IMAGING,0.7575938105583191,10,intra_paper
19292,19295,FIG_00019293,FIG_00019296,2602.23771v1,2602.23771v1,IMAGING,IMAGING,0.866053581237793,5,intra_paper
19293,19294,FIG_00019294,FIG_00019295,2602.23771v1,2602.23771v1,IMAGING,IMAGING,0.8677522540092468,4,intra_paper
19293,19295,FIG_00019294,FIG_00019296,2602.23771v1,2602.23771v1,IMAGING,IMAGING,0.8664662837982178,5,intra_paper
19298,19299,FIG_00019299,FIG_00019300,2602.23752v1,2602.23752v1,IMAGING,IMAGING,0.8541231155395508,1,intra_paper
19324,19325,FIG_00019325,FIG_00019326,2602.23214v1,2602.23214v1,IMAGING,IMAGING,0.8042432069778442,1,intra_paper
19326,19329,FIG_00019327,FIG_00019330,2602.23214v1,2602.23214v1,IMAGING,IMAGING,0.8692478537559509,1,intra_paper
19326,19327,FIG_00019327,FIG_00019328,2602.23214v1,2602.23214v1,IMAGING,IMAGING,0.8630195260047913,2,intra_paper
19326,19328,FIG_00019327,FIG_00019329,2602.23214v1,2602.23214v1,IMAGING,IMAGING,0.83573317527771,3,intra_paper
19327,19328,FIG_00019328,FIG_00019329,2602.23214v1,2602.23214v1,IMAGING,IMAGING,0.888916015625,1,intra_paper
19327,19331,FIG_00019328,FIG_00019332,2602.23214v1,2602.23214v1,IMAGING,IMAGING,0.8469031453132629,2,intra_paper
19327,19330,FIG_00019328,FIG_00019331,2602.23214v1,2602.23214v1,IMAGING,IMAGING,0.8179272413253784,3,intra_paper
19327,19329,FIG_00019328,FIG_00019330,2602.23214v1,2602.23214v1,IMAGING,IMAGING,0.7819639444351196,4,intra_paper
19328,19331,FIG_00019329,FIG_00019332,2602.23214v1,2602.23214v1,IMAGING,IMAGING,0.8585288524627686,1,intra_paper
19328,19330,FIG_00019329,FIG_00019331,2602.23214v1,2602.23214v1,IMAGING,IMAGING,0.8424561023712158,2,intra_paper
19328,19329,FIG_00019329,FIG_00019330,2602.23214v1,2602.23214v1,IMAGING,IMAGING,0.7766899466514587,4,intra_paper
19329,19330,FIG_00019330,FIG_00019331,2602.23214v1,2602.23214v1,IMAGING,IMAGING,0.7976285219192505,3,intra_paper
19329,19331,FIG_00019330,FIG_00019332,2602.23214v1,2602.23214v1,IMAGING,IMAGING,0.784243106842041,5,intra_paper
19350,19352,FIG_00019351,FIG_00019353,2602.22691v1,2602.22691v1,IMAGING,IMAGING,0.8839993476867676,1,intra_paper
19353,19355,FIG_00019354,FIG_00019356,2603.00162v1,2603.00162v1,IMAGING,IMAGING,0.7707573175430298,1,intra_paper
19401,19416,FIG_00019402,FIG_00019417,2602.22275v1,2602.22275v1,IMAGING,IMAGING,0.7952677011489868,1,intra_paper
19403,19405,FIG_00019404,FIG_00019406,2602.22275v1,2602.22275v1,IMAGING,IMAGING,0.811242938041687,1,intra_paper
19424,19433,FIG_00019425,FIG_00019434,2602.22263v2,2602.22263v2,IMAGING,IMAGING,0.8741136789321899,1,intra_paper
19425,19435,FIG_00019426,FIG_00019436,2602.22263v2,2602.22263v2,IMAGING,IMAGING,0.8404771089553833,1,intra_paper
19425,19436,FIG_00019426,FIG_00019437,2602.22263v2,2602.22263v2,IMAGING,IMAGING,0.8095364570617676,2,intra_paper
19427,19429,FIG_00019428,FIG_00019430,2602.22263v2,2602.22263v2,IMAGING,IMAGING,0.7693438529968262,1,intra_paper
19435,19436,FIG_00019436,FIG_00019437,2602.22263v2,2602.22263v2,IMAGING,IMAGING,0.8673391938209534,1,intra_paper
19459,19460,FIG_00019460,FIG_00019461,2602.21365v1,2602.21365v1,IMAGING,IMAGING,0.7803253531455994,1,intra_paper
19471,19473,FIG_00019472,FIG_00019474,2602.21163v1,2602.21163v1,IMAGING,IMAGING,0.8559713363647461,4,intra_paper
19480,19481,FIG_00019481,FIG_00019482,2602.21128v1,2602.21128v1,IMAGING,IMAGING,0.8792026042938232,2,intra_paper
19481,19482,FIG_00019482,FIG_00019483,2602.21128v1,2602.21128v1,IMAGING,IMAGING,0.8088527321815491,4,intra_paper
19483,19486,FIG_00019484,FIG_00019487,2602.21128v1,2602.21128v1,IMAGING,IMAGING,0.8159503936767578,1,intra_paper
19483,19487,FIG_00019484,FIG_00019488,2602.21128v1,2602.21128v1,IMAGING,IMAGING,0.7904521226882935,2,intra_paper
19483,19485,FIG_00019484,FIG_00019486,2602.21128v1,2602.21128v1,IMAGING,IMAGING,0.7819231748580933,4,intra_paper
19485,19486,FIG_00019486,FIG_00019487,2602.21128v1,2602.21128v1,IMAGING,IMAGING,0.7737661600112915,1,intra_paper
19485,19487,FIG_00019486,FIG_00019488,2602.21128v1,2602.21128v1,IMAGING,IMAGING,0.762498140335083,3,intra_paper
19500,19510,FIG_00019501,FIG_00019511,2603.00141v3,2603.00141v3,IMAGING,IMAGING,0.7643424272537231,2,intra_paper
19503,19510,FIG_00019504,FIG_00019511,2603.00141v3,2603.00141v3,IMAGING,IMAGING,0.776337742805481,1,intra_paper
19504,19510,FIG_00019505,FIG_00019511,2603.00141v3,2603.00141v3,IMAGING,IMAGING,0.8955415487289429,1,intra_paper
19513,19514,FIG_00019514,FIG_00019515,2603.00141v3,2603.00141v3,IMAGING,IMAGING,0.8559211492538452,8,intra_paper
19516,19517,FIG_00019517,FIG_00019518,2603.00141v3,2603.00141v3,IMAGING,IMAGING,0.789067804813385,1,intra_paper
19524,19529,FIG_00019525,FIG_00019530,2602.20539v1,2602.20539v1,IMAGING,IMAGING,0.859596848487854,1,intra_paper
19524,19528,FIG_00019525,FIG_00019529,2602.20539v1,2602.20539v1,IMAGING,IMAGING,0.834243655204773,3,intra_paper
19528,19529,FIG_00019529,FIG_00019530,2602.20539v1,2602.20539v1,IMAGING,IMAGING,0.8472340106964111,5,intra_paper
19536,19540,FIG_00019537,FIG_00019541,2602.20328v2,2602.20328v2,IMAGING,IMAGING,0.8595079779624939,1,intra_paper
19545,19547,FIG_00019546,FIG_00019548,2602.20328v2,2602.20328v2,IMAGING,IMAGING,0.8658896684646606,7,intra_paper
19546,19548,FIG_00019547,FIG_00019549,2602.20328v2,2602.20328v2,IMAGING,IMAGING,0.8264385461807251,4,intra_paper
19548,19550,FIG_00019549,FIG_00019551,2602.20328v2,2602.20328v2,IMAGING,IMAGING,0.8748290538787842,1,intra_paper
19559,19562,FIG_00019560,FIG_00019563,2602.19891v1,2602.19891v1,IMAGING,IMAGING,0.8788625001907349,1,intra_paper
19569,19570,FIG_00019570,FIG_00019571,2602.19268v1,2602.19268v1,IMAGING,IMAGING,0.8840880393981934,2,intra_paper
19573,19575,FIG_00019574,FIG_00019576,2602.19268v1,2602.19268v1,IMAGING,IMAGING,0.8857938647270203,4,intra_paper
19586,19592,FIG_00019587,FIG_00019593,2602.22235v1,2602.22235v1,IMAGING,IMAGING,0.8218082189559937,5,intra_paper
19586,19593,FIG_00019587,FIG_00019594,2602.22235v1,2602.22235v1,IMAGING,IMAGING,0.806267499923706,7,intra_paper
19589,19593,FIG_00019590,FIG_00019594,2602.22235v1,2602.22235v1,IMAGING,IMAGING,0.8557484149932861,2,intra_paper
19589,19592,FIG_00019590,FIG_00019593,2602.22235v1,2602.22235v1,IMAGING,IMAGING,0.8396545648574829,5,intra_paper
19607,19609,FIG_00019608,FIG_00019610,2602.18961v1,2602.18961v1,IMAGING,IMAGING,0.7669252157211304,1,intra_paper
19629,19631,FIG_00019630,FIG_00019632,2602.18589v1,2602.18589v1,IMAGING,IMAGING,0.8067785501480103,2,intra_paper
19631,19636,FIG_00019632,FIG_00019637,2602.18589v1,2602.18589v1,IMAGING,IMAGING,0.8415626883506775,1,intra_paper
19635,19639,FIG_00019636,FIG_00019640,2602.18589v1,2602.18589v1,IMAGING,IMAGING,0.8728147745132446,1,intra_paper
19635,19636,FIG_00019636,FIG_00019637,2602.18589v1,2602.18589v1,IMAGING,IMAGING,0.863811194896698,2,intra_paper
19635,19637,FIG_00019636,FIG_00019638,2602.18589v1,2602.18589v1,IMAGING,IMAGING,0.827038586139679,8,intra_paper
19636,19639,FIG_00019637,FIG_00019640,2602.18589v1,2602.18589v1,IMAGING,IMAGING,0.8391363024711609,2,intra_paper
19637,19639,FIG_00019638,FIG_00019640,2602.18589v1,2602.18589v1,IMAGING,IMAGING,0.8677098155021667,1,intra_paper
19637,19638,FIG_00019638,FIG_00019639,2602.18589v1,2602.18589v1,IMAGING,IMAGING,0.800028920173645,8,intra_paper
19638,19639,FIG_00019639,FIG_00019640,2602.18589v1,2602.18589v1,IMAGING,IMAGING,0.7992869019508362,1,intra_paper
19650,19651,FIG_00019651,FIG_00019652,2602.18400v2,2602.18400v2,IMAGING,IMAGING,0.8865423798561096,1,intra_paper
19652,19657,FIG_00019653,FIG_00019658,2602.18400v2,2602.18400v2,IMAGING,IMAGING,0.7739646434783936,1,intra_paper
19658,19664,FIG_00019659,FIG_00019665,2602.18542v1,2602.18542v1,IMAGING,IMAGING,0.8347347974777222,3,intra_paper
19663,19664,FIG_00019664,FIG_00019665,2602.18542v1,2602.18542v1,IMAGING,IMAGING,0.8075680136680603,5,intra_paper
19666,19671,FIG_00019667,FIG_00019672,2602.18536v1,2602.18536v1,IMAGING,IMAGING,0.7569190859794617,5,intra_paper
19667,19670,FIG_00019668,FIG_00019671,2602.18536v1,2602.18536v1,IMAGING,IMAGING,0.8843965530395508,3,intra_paper
19668,19669,FIG_00019669,FIG_00019670,2602.18536v1,2602.18536v1,IMAGING,IMAGING,0.8788988590240479,2,intra_paper
19671,19672,FIG_00019672,FIG_00019673,2602.18536v1,2602.18536v1,IMAGING,IMAGING,0.8612900972366333,3,intra_paper
19676,19677,FIG_00019677,FIG_00019678,2602.18119v1,2602.18119v1,IMAGING,IMAGING,0.8473845720291138,1,intra_paper
19716,19717,FIG_00019717,FIG_00019718,2602.17901v2,2602.17901v2,IMAGING,IMAGING,0.8151005506515503,3,intra_paper
19725,19727,FIG_00019726,FIG_00019728,2602.17797v1,2602.17797v1,IMAGING,IMAGING,0.7612916231155396,4,intra_paper
19778,19783,FIG_00019779,FIG_00019784,2603.03342v1,2603.03342v1,IMAGING,IMAGING,0.7720694541931152,5,intra_paper
19782,19783,FIG_00019783,FIG_00019784,2603.03342v1,2603.03342v1,IMAGING,IMAGING,0.7648836970329285,1,intra_paper
19795,19803,FIG_00019796,FIG_00019804,2602.16753v1,2602.16753v1,IMAGING,IMAGING,0.819260835647583,1,intra_paper
19816,19823,FIG_00019817,FIG_00019824,2602.15727v1,2602.15727v1,IMAGING,IMAGING,0.8544954061508179,1,intra_paper
19816,19824,FIG_00019817,FIG_00019825,2602.15727v1,2602.15727v1,IMAGING,IMAGING,0.84590744972229,2,intra_paper
19816,19818,FIG_00019817,FIG_00019819,2602.15727v1,2602.15727v1,IMAGING,IMAGING,0.8245571851730347,3,intra_paper
19816,19819,FIG_00019817,FIG_00019820,2602.15727v1,2602.15727v1,IMAGING,IMAGING,0.7571223974227905,5,intra_paper
19818,19823,FIG_00019819,FIG_00019824,2602.15727v1,2602.15727v1,IMAGING,IMAGING,0.8870197534561157,1,intra_paper
19818,19824,FIG_00019819,FIG_00019825,2602.15727v1,2602.15727v1,IMAGING,IMAGING,0.8553934097290039,2,intra_paper
19819,19823,FIG_00019820,FIG_00019824,2602.15727v1,2602.15727v1,IMAGING,IMAGING,0.8162649869918823,1,intra_paper
19819,19824,FIG_00019820,FIG_00019825,2602.15727v1,2602.15727v1,IMAGING,IMAGING,0.8022133708000183,2,intra_paper
19822,19824,FIG_00019823,FIG_00019825,2602.15727v1,2602.15727v1,IMAGING,IMAGING,0.7833237648010254,1,intra_paper
19858,19859,FIG_00019859,FIG_00019860,2602.15087v1,2602.15087v1,IMAGING,IMAGING,0.8500127792358398,4,intra_paper
19862,19870,FIG_00019863,FIG_00019871,2602.14709v2,2602.14709v2,IMAGING,IMAGING,0.7758262753486633,1,intra_paper
19863,19870,FIG_00019864,FIG_00019871,2602.14709v2,2602.14709v2,IMAGING,IMAGING,0.7554624080657959,1,intra_paper
19865,19866,FIG_00019866,FIG_00019867,2602.14709v2,2602.14709v2,IMAGING,IMAGING,0.8702050447463989,1,intra_paper
19865,19868,FIG_00019866,FIG_00019869,2602.14709v2,2602.14709v2,IMAGING,IMAGING,0.8329086303710938,2,intra_paper
19866,19868,FIG_00019867,FIG_00019869,2602.14709v2,2602.14709v2,IMAGING,IMAGING,0.8815799951553345,1,intra_paper
19884,19885,FIG_00019885,FIG_00019886,2602.13814v1,2602.13814v1,IMAGING,IMAGING,0.8029568195343018,2,intra_paper
19901,19903,FIG_00019902,FIG_00019904,2602.13522v1,2602.13522v1,IMAGING,IMAGING,0.7982144355773926,1,intra_paper
19901,19902,FIG_00019902,FIG_00019903,2602.13522v1,2602.13522v1,IMAGING,IMAGING,0.772025465965271,2,intra_paper
19911,19912,FIG_00019912,FIG_00019913,2602.13509v1,2602.13509v1,IMAGING,IMAGING,0.7618634104728699,1,intra_paper
19921,19931,FIG_00019922,FIG_00019932,2602.13414v1,2602.13414v1,IMAGING,IMAGING,0.8214223384857178,4,intra_paper
19921,19932,FIG_00019922,FIG_00019933,2602.13414v1,2602.13414v1,IMAGING,IMAGING,0.8123307824134827,7,intra_paper
19921,19933,FIG_00019922,FIG_00019934,2602.13414v1,2602.13414v1,IMAGING,IMAGING,0.8020933270454407,9,intra_paper
19922,19933,FIG_00019923,FIG_00019934,2602.13414v1,2602.13414v1,IMAGING,IMAGING,0.8382775783538818,6,intra_paper
19929,19931,FIG_00019930,FIG_00019932,2602.13414v1,2602.13414v1,IMAGING,IMAGING,0.7944731116294861,9,intra_paper
19931,19933,FIG_00019932,FIG_00019934,2602.13414v1,2602.13414v1,IMAGING,IMAGING,0.8167662620544434,1,intra_paper
19931,19932,FIG_00019932,FIG_00019933,2602.13414v1,2602.13414v1,IMAGING,IMAGING,0.8058834075927734,3,intra_paper
19948,19952,FIG_00019949,FIG_00019953,2602.12820v1,2602.12820v1,IMAGING,IMAGING,0.8674558401107788,1,intra_paper
19954,19955,FIG_00019955,FIG_00019956,2602.12805v2,2602.12805v2,IMAGING,IMAGING,0.8193747401237488,1,intra_paper
19954,19956,FIG_00019955,FIG_00019957,2602.12805v2,2602.12805v2,IMAGING,IMAGING,0.7780056595802307,3,intra_paper
19955,19957,FIG_00019956,FIG_00019958,2602.12805v2,2602.12805v2,IMAGING,IMAGING,0.8054749965667725,1,intra_paper
19955,19958,FIG_00019956,FIG_00019959,2602.12805v2,2602.12805v2,IMAGING,IMAGING,0.7876206040382385,2,intra_paper
19955,19956,FIG_00019956,FIG_00019957,2602.12805v2,2602.12805v2,IMAGING,IMAGING,0.7576112151145935,4,intra_paper
19956,19957,FIG_00019957,FIG_00019958,2602.12805v2,2602.12805v2,IMAGING,IMAGING,0.7888701558113098,4,intra_paper
19956,19958,FIG_00019957,FIG_00019959,2602.12805v2,2602.12805v2,IMAGING,IMAGING,0.7856103181838989,5,intra_paper
19957,19958,FIG_00019958,FIG_00019959,2602.12805v2,2602.12805v2,IMAGING,IMAGING,0.869538426399231,1,intra_paper
19975,19980,FIG_00019976,FIG_00019981,2602.12410v2,2602.12410v2,IMAGING,IMAGING,0.7829626202583313,1,intra_paper
19976,19984,FIG_00019977,FIG_00019985,2602.12410v2,2602.12410v2,IMAGING,IMAGING,0.8478946089744568,1,intra_paper
19978,20050,FIG_00019979,FIG_00020051,2602.12410v2,2602.12410v2,IMAGING,IMAGING,0.7891004085540771,2,intra_paper
19978,20023,FIG_00019979,FIG_00020024,2602.12410v2,2602.12410v2,IMAGING,IMAGING,0.788855254650116,3,intra_paper
19984,20018,FIG_00019985,FIG_00020019,2602.12410v2,2602.12410v2,IMAGING,IMAGING,0.7944340705871582,1,intra_paper
19984,20020,FIG_00019985,FIG_00020021,2602.12410v2,2602.12410v2,IMAGING,IMAGING,0.7742719650268555,2,intra_paper
19988,20059,FIG_00019989,FIG_00020060,2602.12410v2,2602.12410v2,IMAGING,IMAGING,0.7597192525863647,2,intra_paper
19993,19996,FIG_00019994,FIG_00019997,2602.12410v2,2602.12410v2,IMAGING,IMAGING,0.754845142364502,5,intra_paper
19996,20026,FIG_00019997,FIG_00020027,2602.12410v2,2602.12410v2,IMAGING,IMAGING,0.7508565187454224,2,intra_paper
19999,20018,FIG_00020000,FIG_00020019,2602.12410v2,2602.12410v2,IMAGING,IMAGING,0.7604784965515137,1,intra_paper
20003,20059,FIG_00020004,FIG_00020060,2602.12410v2,2602.12410v2,IMAGING,IMAGING,0.8036535978317261,8,intra_paper
20003,20018,FIG_00020004,FIG_00020019,2602.12410v2,2602.12410v2,IMAGING,IMAGING,0.7789536118507385,10,intra_paper
20011,20026,FIG_00020012,FIG_00020027,2602.12410v2,2602.12410v2,IMAGING,IMAGING,0.7900793552398682,4,intra_paper
20012,20050,FIG_00020013,FIG_00020051,2602.12410v2,2602.12410v2,IMAGING,IMAGING,0.798708975315094,2,intra_paper
20018,20020,FIG_00020019,FIG_00020021,2602.12410v2,2602.12410v2,IMAGING,IMAGING,0.7897459268569946,2,intra_paper
20022,20024,FIG_00020023,FIG_00020025,2602.12410v2,2602.12410v2,IMAGING,IMAGING,0.7544912099838257,1,intra_paper
20031,20054,FIG_00020032,FIG_00020055,2602.12410v2,2602.12410v2,IMAGING,IMAGING,0.8113462924957275,6,intra_paper
20039,20050,FIG_00020040,FIG_00020051,2602.12410v2,2602.12410v2,IMAGING,IMAGING,0.7549193501472473,3,intra_paper
20039,20053,FIG_00020040,FIG_00020054,2602.12410v2,2602.12410v2,IMAGING,IMAGING,0.7539372444152832,4,intra_paper
20047,20050,FIG_00020048,FIG_00020051,2602.12410v2,2602.12410v2,IMAGING,IMAGING,0.7663435339927673,2,intra_paper
20050,20053,FIG_00020051,FIG_00020054,2602.12410v2,2602.12410v2,IMAGING,IMAGING,0.8185269832611084,4,intra_paper
20081,20082,FIG_00020082,FIG_00020083,2602.13344v1,2602.13344v1,IMAGING,IMAGING,0.7902578115463257,1,intra_paper
20089,20096,FIG_00020090,FIG_00020097,2602.12313v2,2602.12313v2,IMAGING,IMAGING,0.860726535320282,2,intra_paper
20089,20095,FIG_00020090,FIG_00020096,2602.12313v2,2602.12313v2,IMAGING,IMAGING,0.8432987928390503,6,intra_paper
20090,20091,FIG_00020091,FIG_00020092,2602.12313v2,2602.12313v2,IMAGING,IMAGING,0.8354636430740356,8,intra_paper
20090,20093,FIG_00020091,FIG_00020094,2602.12313v2,2602.12313v2,IMAGING,IMAGING,0.8245499134063721,10,intra_paper
20091,20092,FIG_00020092,FIG_00020093,2602.12313v2,2602.12313v2,IMAGING,IMAGING,0.8762113451957703,9,intra_paper
20091,20094,FIG_00020092,FIG_00020095,2602.12313v2,2602.12313v2,IMAGING,IMAGING,0.864617109298706,13,intra_paper
20092,20093,FIG_00020093,FIG_00020094,2602.12313v2,2602.12313v2,IMAGING,IMAGING,0.8789172768592834,2,intra_paper
20093,20094,FIG_00020094,FIG_00020095,2602.12313v2,2602.12313v2,IMAGING,IMAGING,0.8632842302322388,11,intra_paper
20104,20105,FIG_00020105,FIG_00020106,2602.11890v1,2602.11890v1,IMAGING,IMAGING,0.8656364679336548,1,intra_paper
20122,20124,FIG_00020123,FIG_00020125,2602.11704v1,2602.11704v1,IMAGING,IMAGING,0.8317291736602783,1,intra_paper
20122,20123,FIG_00020123,FIG_00020124,2602.11704v1,2602.11704v1,IMAGING,IMAGING,0.7753793597221375,2,intra_paper
20214,20217,FIG_00020215,FIG_00020218,2602.10336v1,2602.10336v1,IMAGING,IMAGING,0.8783941268920898,3,intra_paper
20215,20218,FIG_00020216,FIG_00020219,2602.10336v1,2602.10336v1,IMAGING,IMAGING,0.8543505668640137,1,intra_paper
20216,20218,FIG_00020217,FIG_00020219,2602.10336v1,2602.10336v1,IMAGING,IMAGING,0.8543506860733032,1,intra_paper
20220,20221,FIG_00020221,FIG_00020222,2602.10315v1,2602.10315v1,IMAGING,IMAGING,0.8693072199821472,1,intra_paper
20227,20230,FIG_00020228,FIG_00020231,2602.09787v1,2602.09787v1,IMAGING,IMAGING,0.8030307292938232,1,intra_paper
20230,20231,FIG_00020231,FIG_00020232,2602.09787v1,2602.09787v1,IMAGING,IMAGING,0.8440694808959961,1,intra_paper
20233,20236,FIG_00020234,FIG_00020237,2602.10167v1,2602.10167v1,IMAGING,IMAGING,0.7664826512336731,1,intra_paper
20270,20275,FIG_00020271,FIG_00020276,2602.10155v1,2602.10155v1,IMAGING,IMAGING,0.7790143489837646,1,intra_paper
20283,20292,FIG_00020284,FIG_00020293,2602.13303v1,2602.13303v1,IMAGING,IMAGING,0.8641862869262695,3,intra_paper
20286,20288,FIG_00020287,FIG_00020289,2602.13303v1,2602.13303v1,IMAGING,IMAGING,0.8543705344200134,1,intra_paper
20286,20290,FIG_00020287,FIG_00020291,2602.13303v1,2602.13303v1,IMAGING,IMAGING,0.7776570320129395,2,intra_paper
20295,20296,FIG_00020296,FIG_00020297,2602.13303v1,2602.13303v1,IMAGING,IMAGING,0.8754050135612488,1,intra_paper
20300,20301,FIG_00020301,FIG_00020302,2602.08764v1,2602.08764v1,IMAGING,IMAGING,0.7730681896209717,1,intra_paper
20303,20310,FIG_00020304,FIG_00020311,2602.08550v3,2602.08550v3,IMAGING,IMAGING,0.8995077013969421,4,intra_paper
20303,20304,FIG_00020304,FIG_00020305,2602.08550v3,2602.08550v3,IMAGING,IMAGING,0.8327316045761108,9,intra_paper
20304,20308,FIG_00020305,FIG_00020309,2602.08550v3,2602.08550v3,IMAGING,IMAGING,0.8792243599891663,1,intra_paper
20304,20310,FIG_00020305,FIG_00020311,2602.08550v3,2602.08550v3,IMAGING,IMAGING,0.8604621887207031,2,intra_paper
20304,20309,FIG_00020305,FIG_00020310,2602.08550v3,2602.08550v3,IMAGING,IMAGING,0.8549644947052002,3,intra_paper
20307,20309,FIG_00020308,FIG_00020310,2602.08550v3,2602.08550v3,IMAGING,IMAGING,0.8640700578689575,3,intra_paper
20327,20330,FIG_00020328,FIG_00020331,2602.08249v1,2602.08249v1,IMAGING,IMAGING,0.8471284508705139,1,intra_paper
20328,20330,FIG_00020329,FIG_00020331,2602.08249v1,2602.08249v1,IMAGING,IMAGING,0.7546262741088867,2,intra_paper
20343,20346,FIG_00020344,FIG_00020347,2602.07403v1,2602.07403v1,IMAGING,IMAGING,0.7566962242126465,1,intra_paper
20378,20381,FIG_00020379,FIG_00020382,2602.07163v1,2602.07163v1,IMAGING,IMAGING,0.7852829694747925,3,intra_paper
20378,20380,FIG_00020379,FIG_00020381,2602.07163v1,2602.07163v1,IMAGING,IMAGING,0.7689759731292725,4,intra_paper
20380,20381,FIG_00020381,FIG_00020382,2602.07163v1,2602.07163v1,IMAGING,IMAGING,0.7525104284286499,4,intra_paper
20398,20400,FIG_00020399,FIG_00020401,2602.07094v1,2602.07094v1,IMAGING,IMAGING,0.8255035877227783,2,intra_paper
20399,20400,FIG_00020400,FIG_00020401,2602.07094v1,2602.07094v1,IMAGING,IMAGING,0.8532724976539612,1,intra_paper
20401,20402,FIG_00020402,FIG_00020403,2602.07094v1,2602.07094v1,IMAGING,IMAGING,0.819573163986206,1,intra_paper
20401,20404,FIG_00020402,FIG_00020405,2602.07094v1,2602.07094v1,IMAGING,IMAGING,0.815189778804779,2,intra_paper
20402,20404,FIG_00020403,FIG_00020405,2602.07094v1,2602.07094v1,IMAGING,IMAGING,0.8900097608566284,1,intra_paper
20402,20403,FIG_00020403,FIG_00020404,2602.07094v1,2602.07094v1,IMAGING,IMAGING,0.764236330986023,2,intra_paper
20403,20404,FIG_00020404,FIG_00020405,2602.07094v1,2602.07094v1,IMAGING,IMAGING,0.8707917928695679,1,intra_paper
20409,20410,FIG_00020410,FIG_00020411,2602.06350v1,2602.06350v1,IMAGING,IMAGING,0.8912472724914551,3,intra_paper
20415,20417,FIG_00020416,FIG_00020418,2602.06350v1,2602.06350v1,IMAGING,IMAGING,0.808739185333252,5,intra_paper
20416,20417,FIG_00020417,FIG_00020418,2602.06350v1,2602.06350v1,IMAGING,IMAGING,0.8448915481567383,1,intra_paper
20428,20430,FIG_00020429,FIG_00020431,2604.06180v1,2604.06180v1,IMAGING,IMAGING,0.8136074542999268,14,intra_paper
20449,20452,FIG_00020450,FIG_00020453,2602.05738v1,2602.05738v1,IMAGING,IMAGING,0.7886878252029419,1,intra_paper
20459,20463,FIG_00020460,FIG_00020464,2602.07060v1,2602.07060v1,IMAGING,IMAGING,0.7852593660354614,1,intra_paper
20459,20460,FIG_00020460,FIG_00020461,2602.07060v1,2602.07060v1,IMAGING,IMAGING,0.7747313976287842,2,intra_paper
20459,20464,FIG_00020460,FIG_00020465,2602.07060v1,2602.07060v1,IMAGING,IMAGING,0.7648591995239258,3,intra_paper
20460,20461,FIG_00020461,FIG_00020462,2602.07060v1,2602.07060v1,IMAGING,IMAGING,0.8351434469223022,1,intra_paper
20460,20463,FIG_00020461,FIG_00020464,2602.07060v1,2602.07060v1,IMAGING,IMAGING,0.81627357006073,2,intra_paper
20460,20464,FIG_00020461,FIG_00020465,2602.07060v1,2602.07060v1,IMAGING,IMAGING,0.8149925470352173,3,intra_paper
20461,20463,FIG_00020462,FIG_00020464,2602.07060v1,2602.07060v1,IMAGING,IMAGING,0.7672553062438965,1,intra_paper
20461,20464,FIG_00020462,FIG_00020465,2602.07060v1,2602.07060v1,IMAGING,IMAGING,0.7648981213569641,2,intra_paper
20469,20470,FIG_00020470,FIG_00020471,2602.05453v1,2602.05453v1,IMAGING,IMAGING,0.800963282585144,1,intra_paper
20471,20473,FIG_00020472,FIG_00020474,2602.05208v2,2602.05208v2,IMAGING,IMAGING,0.7751162052154541,2,intra_paper
20478,20479,FIG_00020479,FIG_00020480,2602.05201v1,2602.05201v1,IMAGING,IMAGING,0.8822207450866699,1,intra_paper
20483,20486,FIG_00020484,FIG_00020487,2602.05104v1,2602.05104v1,IMAGING,IMAGING,0.8413631916046143,1,intra_paper
20502,20513,FIG_00020503,FIG_00020514,2602.04944v1,2602.04944v1,IMAGING,IMAGING,0.8795672059059143,5,intra_paper
20503,20510,FIG_00020504,FIG_00020511,2602.04944v1,2602.04944v1,IMAGING,IMAGING,0.8977020382881165,2,intra_paper
20503,20513,FIG_00020504,FIG_00020514,2602.04944v1,2602.04944v1,IMAGING,IMAGING,0.8661506175994873,3,intra_paper
20506,20510,FIG_00020507,FIG_00020511,2602.04944v1,2602.04944v1,IMAGING,IMAGING,0.8826256990432739,2,intra_paper
20506,20513,FIG_00020507,FIG_00020514,2602.04944v1,2602.04944v1,IMAGING,IMAGING,0.8654938340187073,3,intra_paper
20515,20522,FIG_00020516,FIG_00020523,2602.04834v1,2602.04834v1,IMAGING,IMAGING,0.7963042259216309,4,intra_paper
20515,20521,FIG_00020516,FIG_00020522,2602.04834v1,2602.04834v1,IMAGING,IMAGING,0.7963042259216309,5,intra_paper
20517,20518,FIG_00020518,FIG_00020519,2602.04834v1,2602.04834v1,IMAGING,IMAGING,0.8447135090827942,1,intra_paper
20517,20520,FIG_00020518,FIG_00020521,2602.04834v1,2602.04834v1,IMAGING,IMAGING,0.8314835429191589,2,intra_paper
20533,20538,FIG_00020534,FIG_00020539,2602.07052v2,2602.07052v2,IMAGING,IMAGING,0.7648983001708984,1,intra_paper
20561,20566,FIG_00020562,FIG_00020567,2602.04162v2,2602.04162v2,IMAGING,IMAGING,0.8957743644714355,1,intra_paper
20561,20567,FIG_00020562,FIG_00020568,2602.04162v2,2602.04162v2,IMAGING,IMAGING,0.8934328556060791,2,intra_paper
20561,20562,FIG_00020562,FIG_00020563,2602.04162v2,2602.04162v2,IMAGING,IMAGING,0.844305157661438,3,intra_paper
20561,20565,FIG_00020562,FIG_00020566,2602.04162v2,2602.04162v2,IMAGING,IMAGING,0.841192901134491,4,intra_paper
20561,20568,FIG_00020562,FIG_00020569,2602.04162v2,2602.04162v2,IMAGING,IMAGING,0.8376261591911316,5,intra_paper
20562,20568,FIG_00020563,FIG_00020569,2602.04162v2,2602.04162v2,IMAGING,IMAGING,0.8834741115570068,1,intra_paper
20562,20565,FIG_00020563,FIG_00020566,2602.04162v2,2602.04162v2,IMAGING,IMAGING,0.8571499586105347,2,intra_paper
20562,20566,FIG_00020563,FIG_00020567,2602.04162v2,2602.04162v2,IMAGING,IMAGING,0.8368555903434753,3,intra_paper
20563,20565,FIG_00020564,FIG_00020566,2602.04162v2,2602.04162v2,IMAGING,IMAGING,0.752775251865387,1,intra_paper
20566,20568,FIG_00020567,FIG_00020569,2602.04162v2,2602.04162v2,IMAGING,IMAGING,0.8666496276855469,2,intra_paper
20567,20568,FIG_00020568,FIG_00020569,2602.04162v2,2602.04162v2,IMAGING,IMAGING,0.8214208483695984,1,intra_paper
20574,20575,FIG_00020575,FIG_00020576,2602.03998v2,2602.03998v2,IMAGING,IMAGING,0.8162457942962646,2,intra_paper
20579,20581,FIG_00020580,FIG_00020582,2602.03998v2,2602.03998v2,IMAGING,IMAGING,0.8001610040664673,1,intra_paper
20579,20580,FIG_00020580,FIG_00020581,2602.03998v2,2602.03998v2,IMAGING,IMAGING,0.7998213768005371,2,intra_paper
20585,20586,FIG_00020586,FIG_00020587,2602.03669v1,2602.03669v1,IMAGING,IMAGING,0.8238267302513123,1,intra_paper
20585,20587,FIG_00020586,FIG_00020588,2602.03669v1,2602.03669v1,IMAGING,IMAGING,0.8055044412612915,2,intra_paper
20596,20597,FIG_00020597,FIG_00020598,2605.23064v1,2605.23064v1,CV,CV,0.7638311386108398,1,intra_paper
20597,20598,FIG_00020598,FIG_00020599,2605.23064v1,2605.23064v1,CV,CV,0.775419294834137,1,intra_paper
20637,20649,FIG_00020638,FIG_00020650,2605.22907v1,2605.22907v1,CV,CV,0.8868385553359985,1,intra_paper
20637,20648,FIG_00020638,FIG_00020649,2605.22907v1,2605.22907v1,CV,CV,0.7660397291183472,3,intra_paper
20648,20649,FIG_00020649,FIG_00020650,2605.22907v1,2605.22907v1,CV,CV,0.791107714176178,1,intra_paper
20661,20663,FIG_00020662,FIG_00020664,2605.22823v1,2605.22823v1,CV,CV,0.8842805027961731,5,intra_paper
20679,20682,FIG_00020680,FIG_00020683,2605.22819v1,2605.22819v1,CV,CV,0.8724066019058228,1,intra_paper
20679,20681,FIG_00020680,FIG_00020682,2605.22819v1,2605.22819v1,CV,CV,0.8473716974258423,2,intra_paper
20681,20682,FIG_00020682,FIG_00020683,2605.22819v1,2605.22819v1,CV,CV,0.8852124214172363,1,intra_paper
20698,20702,FIG_00020699,FIG_00020703,2605.22816v1,2605.22816v1,CV,CV,0.7733243703842163,3,intra_paper
20704,20705,FIG_00020705,FIG_00020706,2605.22816v1,2605.22816v1,CV,CV,0.8355373740196228,1,intra_paper
20714,20724,FIG_00020715,FIG_00020725,2605.22809v2,2605.22809v2,CV,CV,0.7888435125350952,1,intra_paper
20714,20719,FIG_00020715,FIG_00020720,2605.22809v2,2605.22809v2,CV,CV,0.7716397047042847,2,intra_paper
20714,20725,FIG_00020715,FIG_00020726,2605.22809v2,2605.22809v2,CV,CV,0.7594492435455322,3,intra_paper
20719,20721,FIG_00020720,FIG_00020722,2605.22809v2,2605.22809v2,CV,CV,0.762340784072876,1,intra_paper
20727,20733,FIG_00020728,FIG_00020734,2605.22904v2,2605.22904v2,CV,CV,0.7555656433105469,1,intra_paper
20746,20747,FIG_00020747,FIG_00020748,2605.22777v1,2605.22777v1,CV,CV,0.8033191561698914,1,intra_paper
20770,20774,FIG_00020771,FIG_00020775,2605.22715v2,2605.22715v2,CV,CV,0.8782013654708862,1,intra_paper
20770,20771,FIG_00020771,FIG_00020772,2605.22715v2,2605.22715v2,CV,CV,0.870863676071167,2,intra_paper
20792,20793,FIG_00020793,FIG_00020794,2605.22679v1,2605.22679v1,CV,CV,0.8372749090194702,1,intra_paper
20829,20834,FIG_00020830,FIG_00020835,2605.22668v1,2605.22668v1,CV,CV,0.754486083984375,1,intra_paper
20858,20860,FIG_00020859,FIG_00020861,2605.22635v2,2605.22635v2,CV,CV,0.7604951858520508,1,intra_paper
20864,20865,FIG_00020865,FIG_00020866,2605.22631v1,2605.22631v1,CV,CV,0.8642271757125854,2,intra_paper
20865,20866,FIG_00020866,FIG_00020867,2605.22631v1,2605.22631v1,CV,CV,0.8353405594825745,1,intra_paper
20865,20871,FIG_00020866,FIG_00020872,2605.22631v1,2605.22631v1,CV,CV,0.7547147274017334,2,intra_paper
20865,20870,FIG_00020866,FIG_00020871,2605.22631v1,2605.22631v1,CV,CV,0.7541455030441284,3,intra_paper
20866,20874,FIG_00020867,FIG_00020875,2605.22631v1,2605.22631v1,CV,CV,0.8139888644218445,1,intra_paper
20866,20873,FIG_00020867,FIG_00020874,2605.22631v1,2605.22631v1,CV,CV,0.783463716506958,2,intra_paper
20866,20870,FIG_00020867,FIG_00020871,2605.22631v1,2605.22631v1,CV,CV,0.7624209523200989,3,intra_paper
20869,20874,FIG_00020870,FIG_00020875,2605.22631v1,2605.22631v1,CV,CV,0.8536083698272705,2,intra_paper
20869,20872,FIG_00020870,FIG_00020873,2605.22631v1,2605.22631v1,CV,CV,0.8416387438774109,3,intra_paper
20869,20870,FIG_00020870,FIG_00020871,2605.22631v1,2605.22631v1,CV,CV,0.8001829385757446,4,intra_paper
20869,20871,FIG_00020870,FIG_00020872,2605.22631v1,2605.22631v1,CV,CV,0.772479236125946,5,intra_paper
20870,20873,FIG_00020871,FIG_00020874,2605.22631v1,2605.22631v1,CV,CV,0.8944616913795471,3,intra_paper
20870,20872,FIG_00020871,FIG_00020873,2605.22631v1,2605.22631v1,CV,CV,0.8205409049987793,4,intra_paper
20871,20874,FIG_00020872,FIG_00020875,2605.22631v1,2605.22631v1,CV,CV,0.8684782981872559,1,intra_paper
20871,20873,FIG_00020872,FIG_00020874,2605.22631v1,2605.22631v1,CV,CV,0.844616711139679,2,intra_paper
20871,20872,FIG_00020872,FIG_00020873,2605.22631v1,2605.22631v1,CV,CV,0.8285565376281738,3,intra_paper
20872,20873,FIG_00020873,FIG_00020874,2605.22631v1,2605.22631v1,CV,CV,0.8624821901321411,1,intra_paper
20872,20874,FIG_00020873,FIG_00020875,2605.22631v1,2605.22631v1,CV,CV,0.8166693449020386,2,intra_paper
20928,20929,FIG_00020929,FIG_00020930,2605.22578v1,2605.22578v1,CV,CV,0.7927497029304504,1,intra_paper
20936,20940,FIG_00020937,FIG_00020941,2605.22572v1,2605.22572v1,CV,CV,0.8764902949333191,1,intra_paper
20936,20937,FIG_00020937,FIG_00020938,2605.22572v1,2605.22572v1,CV,CV,0.8310233354568481,2,intra_paper
20936,20941,FIG_00020937,FIG_00020942,2605.22572v1,2605.22572v1,CV,CV,0.7782799601554871,10,intra_paper
20937,20941,FIG_00020938,FIG_00020942,2605.22572v1,2605.22572v1,CV,CV,0.8303166031837463,1,intra_paper
20937,20940,FIG_00020938,FIG_00020941,2605.22572v1,2605.22572v1,CV,CV,0.7697387337684631,5,intra_paper
20938,20939,FIG_00020939,FIG_00020940,2605.22572v1,2605.22572v1,CV,CV,0.8779464960098267,1,intra_paper
20940,20941,FIG_00020941,FIG_00020942,2605.22572v1,2605.22572v1,CV,CV,0.8234388828277588,1,intra_paper
20958,20985,FIG_00020959,FIG_00020986,2605.22570v1,2605.22570v1,CV,CV,0.8815276622772217,8,intra_paper
20958,21011,FIG_00020959,FIG_00021012,2605.22570v1,2605.22570v1,CV,CV,0.8742064237594604,9,intra_paper
20960,21011,FIG_00020961,FIG_00021012,2605.22570v1,2605.22570v1,CV,CV,0.8769643306732178,6,intra_paper
20960,20985,FIG_00020961,FIG_00020986,2605.22570v1,2605.22570v1,CV,CV,0.8627460598945618,9,intra_paper
20963,20985,FIG_00020964,FIG_00020986,2605.22570v1,2605.22570v1,CV,CV,0.8910552263259888,8,intra_paper
20966,21019,FIG_00020967,FIG_00021020,2605.22570v1,2605.22570v1,CV,CV,0.8945481777191162,10,intra_paper
20966,21033,FIG_00020967,FIG_00021034,2605.22570v1,2605.22570v1,CV,CV,0.8937325477600098,11,intra_paper
20970,21028,FIG_00020971,FIG_00021029,2605.22570v1,2605.22570v1,CV,CV,0.8959503173828125,3,intra_paper
20970,21011,FIG_00020971,FIG_00021012,2605.22570v1,2605.22570v1,CV,CV,0.8914028406143188,4,intra_paper
20970,21029,FIG_00020971,FIG_00021030,2605.22570v1,2605.22570v1,CV,CV,0.890894889831543,6,intra_paper
20970,21030,FIG_00020971,FIG_00021031,2605.22570v1,2605.22570v1,CV,CV,0.8879404067993164,7,intra_paper
20970,21033,FIG_00020971,FIG_00021034,2605.22570v1,2605.22570v1,CV,CV,0.886061429977417,8,intra_paper
20970,21019,FIG_00020971,FIG_00021020,2605.22570v1,2605.22570v1,CV,CV,0.88184654712677,10,intra_paper
21020,21029,FIG_00021021,FIG_00021030,2605.22570v1,2605.22570v1,CV,CV,0.8996641635894775,4,intra_paper
21047,21048,FIG_00021048,FIG_00021049,2605.22558v1,2605.22558v1,CV,CV,0.7566892504692078,1,intra_paper
21068,21072,FIG_00021069,FIG_00021073,2605.28654v1,2605.28654v1,ROBOTICS,ROBOTICS,0.778096079826355,3,intra_paper
21110,21115,FIG_00021111,FIG_00021116,2605.28362v1,2605.28362v1,ROBOTICS,ROBOTICS,0.7874990701675415,8,intra_paper
21110,21111,FIG_00021111,FIG_00021112,2605.28362v1,2605.28362v1,ROBOTICS,ROBOTICS,0.7839217185974121,10,intra_paper
21111,21115,FIG_00021112,FIG_00021116,2605.28362v1,2605.28362v1,ROBOTICS,ROBOTICS,0.7514938116073608,4,intra_paper
21119,21123,FIG_00021120,FIG_00021124,2605.28352v1,2605.28352v1,ROBOTICS,ROBOTICS,0.7722188234329224,1,intra_paper
21147,21148,FIG_00021148,FIG_00021149,2605.28172v1,2605.28172v1,ROBOTICS,ROBOTICS,0.806025505065918,3,intra_paper
21148,21153,FIG_00021149,FIG_00021154,2605.28172v1,2605.28172v1,ROBOTICS,ROBOTICS,0.8529727458953857,1,intra_paper
21149,21154,FIG_00021150,FIG_00021155,2605.28172v1,2605.28172v1,ROBOTICS,ROBOTICS,0.8754626512527466,1,intra_paper
21149,21151,FIG_00021150,FIG_00021152,2605.28172v1,2605.28172v1,ROBOTICS,ROBOTICS,0.861831784248352,2,intra_paper
21149,21152,FIG_00021150,FIG_00021153,2605.28172v1,2605.28172v1,ROBOTICS,ROBOTICS,0.860298216342926,3,intra_paper
21151,21154,FIG_00021152,FIG_00021155,2605.28172v1,2605.28172v1,ROBOTICS,ROBOTICS,0.8182984590530396,2,intra_paper
21152,21154,FIG_00021153,FIG_00021155,2605.28172v1,2605.28172v1,ROBOTICS,ROBOTICS,0.8187941312789917,1,intra_paper
21156,21157,FIG_00021157,FIG_00021158,2605.28154v1,2605.28154v1,ROBOTICS,ROBOTICS,0.7980302572250366,1,intra_paper
21156,21160,FIG_00021157,FIG_00021161,2605.28154v1,2605.28154v1,ROBOTICS,ROBOTICS,0.7530097365379333,2,intra_paper
21223,21227,FIG_00021224,FIG_00021228,2605.27948v1,2605.27948v1,ROBOTICS,ROBOTICS,0.8058248162269592,1,intra_paper
21306,21318,FIG_00021307,FIG_00021319,2605.27491v1,2605.27491v1,ROBOTICS,ROBOTICS,0.7543667554855347,1,intra_paper
21306,21317,FIG_00021307,FIG_00021318,2605.27491v1,2605.27491v1,ROBOTICS,ROBOTICS,0.7543667554855347,2,intra_paper
21308,21310,FIG_00021309,FIG_00021311,2605.27491v1,2605.27491v1,ROBOTICS,ROBOTICS,0.8194931745529175,2,intra_paper
21314,21321,FIG_00021315,FIG_00021322,2605.27491v1,2605.27491v1,ROBOTICS,ROBOTICS,0.7791987657546997,1,intra_paper
21314,21320,FIG_00021315,FIG_00021321,2605.27491v1,2605.27491v1,ROBOTICS,ROBOTICS,0.7750198841094971,2,intra_paper
21317,21320,FIG_00021318,FIG_00021321,2605.27491v1,2605.27491v1,ROBOTICS,ROBOTICS,0.7659340500831604,1,intra_paper
21317,21321,FIG_00021318,FIG_00021322,2605.27491v1,2605.27491v1,ROBOTICS,ROBOTICS,0.765010416507721,2,intra_paper
21318,21320,FIG_00021319,FIG_00021321,2605.27491v1,2605.27491v1,ROBOTICS,ROBOTICS,0.7659340500831604,1,intra_paper
21318,21321,FIG_00021319,FIG_00021322,2605.27491v1,2605.27491v1,ROBOTICS,ROBOTICS,0.765010416507721,2,intra_paper
21332,21335,FIG_00021333,FIG_00021336,2605.27167v1,2605.27167v1,ROBOTICS,ROBOTICS,0.7821362018585205,1,intra_paper
21337,21340,FIG_00021338,FIG_00021341,2605.27167v1,2605.27167v1,ROBOTICS,ROBOTICS,0.8885616064071655,2,intra_paper
21337,21339,FIG_00021338,FIG_00021340,2605.27167v1,2605.27167v1,ROBOTICS,ROBOTICS,0.8885616064071655,3,intra_paper
21360,21361,FIG_00021361,FIG_00021362,2605.27038v1,2605.27038v1,ROBOTICS,ROBOTICS,0.8401148915290833,1,intra_paper
21363,21368,FIG_00021364,FIG_00021369,2605.26991v1,2605.26991v1,ROBOTICS,ROBOTICS,0.7641044855117798,1,intra_paper
21373,21375,FIG_00021374,FIG_00021376,2605.26974v2,2605.26974v2,ROBOTICS,ROBOTICS,0.8137598037719727,1,intra_paper
21383,21388,FIG_00021384,FIG_00021389,2605.26856v1,2605.26856v1,ROBOTICS,ROBOTICS,0.872136652469635,4,intra_paper
21383,21387,FIG_00021384,FIG_00021388,2605.26856v1,2605.26856v1,ROBOTICS,ROBOTICS,0.8654614090919495,6,intra_paper
21383,21389,FIG_00021384,FIG_00021390,2605.26856v1,2605.26856v1,ROBOTICS,ROBOTICS,0.8614232540130615,7,intra_paper
21386,21390,FIG_00021387,FIG_00021391,2605.26856v1,2605.26856v1,ROBOTICS,ROBOTICS,0.8588621616363525,3,intra_paper
21387,21388,FIG_00021388,FIG_00021389,2605.26856v1,2605.26856v1,ROBOTICS,ROBOTICS,0.8869551420211792,5,intra_paper
21394,21403,FIG_00021395,FIG_00021404,2605.26856v1,2605.26856v1,ROBOTICS,ROBOTICS,0.7538267374038696,9,intra_paper
21395,21396,FIG_00021396,FIG_00021397,2605.26856v1,2605.26856v1,ROBOTICS,ROBOTICS,0.8976362347602844,5,intra_paper
21397,21403,FIG_00021398,FIG_00021404,2605.26856v1,2605.26856v1,ROBOTICS,ROBOTICS,0.8748970031738281,4,intra_paper
21398,21402,FIG_00021399,FIG_00021403,2605.26856v1,2605.26856v1,ROBOTICS,ROBOTICS,0.8739637732505798,2,intra_paper
21400,21403,FIG_00021401,FIG_00021404,2605.26856v1,2605.26856v1,ROBOTICS,ROBOTICS,0.8982351422309875,1,intra_paper
21460,21464,FIG_00021461,FIG_00021465,2605.26637v1,2605.26637v1,ROBOTICS,ROBOTICS,0.8362383842468262,2,intra_paper
21463,21464,FIG_00021464,FIG_00021465,2605.26637v1,2605.26637v1,ROBOTICS,ROBOTICS,0.825043797492981,1,intra_paper
21469,21471,FIG_00021470,FIG_00021472,2605.26637v1,2605.26637v1,ROBOTICS,ROBOTICS,0.7586024403572083,1,intra_paper
21477,21478,FIG_00021478,FIG_00021479,2605.26625v1,2605.26625v1,ROBOTICS,ROBOTICS,0.8050593137741089,1,intra_paper
21480,21482,FIG_00021481,FIG_00021483,2605.26625v1,2605.26625v1,ROBOTICS,ROBOTICS,0.8767993450164795,1,intra_paper
21525,21527,FIG_00021526,FIG_00021528,2605.26304v2,2605.26304v2,ROBOTICS,ROBOTICS,0.7698694467544556,1,intra_paper
21540,21541,FIG_00021541,FIG_00021542,2605.25851v1,2605.25851v1,ROBOTICS,ROBOTICS,0.855057418346405,1,intra_paper
21556,21557,FIG_00021557,FIG_00021558,2605.25829v1,2605.25829v1,ROBOTICS,ROBOTICS,0.775165319442749,1,intra_paper
21567,21578,FIG_00021568,FIG_00021579,2605.25790v1,2605.25790v1,ROBOTICS,ROBOTICS,0.7794878482818604,1,intra_paper
21573,21574,FIG_00021574,FIG_00021575,2605.25790v1,2605.25790v1,ROBOTICS,ROBOTICS,0.7752400040626526,1,intra_paper
21580,21581,FIG_00021581,FIG_00021582,2605.25782v2,2605.25782v2,ROBOTICS,ROBOTICS,0.8172985315322876,1,intra_paper
21590,21591,FIG_00021591,FIG_00021592,2605.25770v2,2605.25770v2,ROBOTICS,ROBOTICS,0.894416093826294,1,intra_paper
21601,21605,FIG_00021602,FIG_00021606,2605.25672v1,2605.25672v1,ROBOTICS,ROBOTICS,0.891076385974884,3,intra_paper
21601,21606,FIG_00021602,FIG_00021607,2605.25672v1,2605.25672v1,ROBOTICS,ROBOTICS,0.8672679662704468,6,intra_paper
21609,21611,FIG_00021610,FIG_00021612,2605.25672v1,2605.25672v1,ROBOTICS,ROBOTICS,0.862831175327301,1,intra_paper
21622,21630,FIG_00021623,FIG_00021631,2605.25584v1,2605.25584v1,ROBOTICS,ROBOTICS,0.8991507291793823,3,intra_paper
21635,21636,FIG_00021636,FIG_00021637,2605.25546v1,2605.25546v1,ROBOTICS,ROBOTICS,0.8480868339538574,1,intra_paper
21646,21650,FIG_00021647,FIG_00021651,2605.25477v1,2605.25477v1,ROBOTICS,ROBOTICS,0.8765039443969727,1,intra_paper
21713,21718,FIG_00021714,FIG_00021719,2605.25279v1,2605.25279v1,ROBOTICS,ROBOTICS,0.8077890872955322,1,intra_paper
21716,21719,FIG_00021717,FIG_00021720,2605.25279v1,2605.25279v1,ROBOTICS,ROBOTICS,0.8124172687530518,1,intra_paper
21717,21719,FIG_00021718,FIG_00021720,2605.25279v1,2605.25279v1,ROBOTICS,ROBOTICS,0.7690765857696533,1,intra_paper
21751,21753,FIG_00021752,FIG_00021754,2605.25044v1,2605.25044v1,ROBOTICS,ROBOTICS,0.7885250449180603,1,intra_paper
21752,21753,FIG_00021753,FIG_00021754,2605.25044v1,2605.25044v1,ROBOTICS,ROBOTICS,0.828740119934082,1,intra_paper
21775,21777,FIG_00021776,FIG_00021778,2605.25006v1,2605.25006v1,ROBOTICS,ROBOTICS,0.862775444984436,2,intra_paper
21797,21798,FIG_00021798,FIG_00021799,2605.24985v1,2605.24985v1,ROBOTICS,ROBOTICS,0.8985931873321533,1,intra_paper
21799,21800,FIG_00021800,FIG_00021801,2605.24985v1,2605.24985v1,ROBOTICS,ROBOTICS,0.760303795337677,1,intra_paper
21844,21845,FIG_00021845,FIG_00021846,2605.24860v1,2605.24860v1,ROBOTICS,ROBOTICS,0.8468177318572998,1,intra_paper
21851,21853,FIG_00021852,FIG_00021854,2605.24860v1,2605.24860v1,ROBOTICS,ROBOTICS,0.7618212699890137,1,intra_paper
21948,21950,FIG_00021949,FIG_00021951,2605.24436v1,2605.24436v1,ROBOTICS,ROBOTICS,0.8215409517288208,1,intra_paper
21948,21951,FIG_00021949,FIG_00021952,2605.24436v1,2605.24436v1,ROBOTICS,ROBOTICS,0.8210992813110352,2,intra_paper
21948,21949,FIG_00021949,FIG_00021950,2605.24436v1,2605.24436v1,ROBOTICS,ROBOTICS,0.787272572517395,11,intra_paper
21969,21972,FIG_00021970,FIG_00021973,2605.24350v1,2605.24350v1,ROBOTICS,ROBOTICS,0.894395649433136,3,intra_paper
22014,22018,FIG_00022015,FIG_00022019,2605.24311v1,2605.24311v1,ROBOTICS,ROBOTICS,0.7912513017654419,1,intra_paper
22025,22030,FIG_00022026,FIG_00022031,2605.24301v1,2605.24301v1,ROBOTICS,ROBOTICS,0.8794469833374023,2,intra_paper
22028,22031,FIG_00022029,FIG_00022032,2605.24301v1,2605.24301v1,ROBOTICS,ROBOTICS,0.8953487873077393,2,intra_paper
22029,22031,FIG_00022030,FIG_00022032,2605.24301v1,2605.24301v1,ROBOTICS,ROBOTICS,0.8802787065505981,1,intra_paper
22037,22044,FIG_00022038,FIG_00022045,2605.24225v1,2605.24225v1,ROBOTICS,ROBOTICS,0.7549142241477966,2,intra_paper
22038,22044,FIG_00022039,FIG_00022045,2605.24225v1,2605.24225v1,ROBOTICS,ROBOTICS,0.7632708549499512,1,intra_paper
22042,22050,FIG_00022043,FIG_00022051,2605.24225v1,2605.24225v1,ROBOTICS,ROBOTICS,0.8052713871002197,1,intra_paper
22070,22073,FIG_00022071,FIG_00022074,2605.24111v1,2605.24111v1,ROBOTICS,ROBOTICS,0.7505572438240051,1,intra_paper
22078,22079,FIG_00022079,FIG_00022080,2605.23863v1,2605.23863v1,ROBOTICS,ROBOTICS,0.8636997938156128,1,intra_paper
22088,22095,FIG_00022089,FIG_00022096,2605.23847v1,2605.23847v1,ROBOTICS,ROBOTICS,0.7593498229980469,1,intra_paper
22094,22096,FIG_00022095,FIG_00022097,2605.23847v1,2605.23847v1,ROBOTICS,ROBOTICS,0.8969097137451172,1,intra_paper
22094,22095,FIG_00022095,FIG_00022096,2605.23847v1,2605.23847v1,ROBOTICS,ROBOTICS,0.7742264866828918,2,intra_paper
22095,22096,FIG_00022096,FIG_00022097,2605.23847v1,2605.23847v1,ROBOTICS,ROBOTICS,0.7792773246765137,1,intra_paper
22120,22121,FIG_00022121,FIG_00022122,2605.23733v1,2605.23733v1,ROBOTICS,ROBOTICS,0.8434342741966248,3,intra_paper
22133,22134,FIG_00022134,FIG_00022135,2605.23583v1,2605.23583v1,ROBOTICS,ROBOTICS,0.8442936539649963,1,intra_paper
22165,22166,FIG_00022166,FIG_00022167,2605.23341v1,2605.23341v1,ROBOTICS,ROBOTICS,0.8635626435279846,4,intra_paper
22174,22180,FIG_00022175,FIG_00022181,2605.23240v1,2605.23240v1,ROBOTICS,ROBOTICS,0.8607735633850098,2,intra_paper
22174,22175,FIG_00022175,FIG_00022176,2605.23240v1,2605.23240v1,ROBOTICS,ROBOTICS,0.8177297115325928,10,intra_paper
22175,22180,FIG_00022176,FIG_00022181,2605.23240v1,2605.23240v1,ROBOTICS,ROBOTICS,0.8892523646354675,3,intra_paper
22176,22177,FIG_00022177,FIG_00022178,2605.23240v1,2605.23240v1,ROBOTICS,ROBOTICS,0.8833744525909424,1,intra_paper
22194,22195,FIG_00022195,FIG_00022196,2605.23100v1,2605.23100v1,ROBOTICS,ROBOTICS,0.8701260089874268,1,intra_paper
22194,22196,FIG_00022195,FIG_00022197,2605.23100v1,2605.23100v1,ROBOTICS,ROBOTICS,0.8531115055084229,3,intra_paper
22195,22196,FIG_00022196,FIG_00022197,2605.23100v1,2605.23100v1,ROBOTICS,ROBOTICS,0.8740122318267822,1,intra_paper
22203,22204,FIG_00022204,FIG_00022205,2605.23098v1,2605.23098v1,ROBOTICS,ROBOTICS,0.7521570324897766,1,intra_paper
22205,22211,FIG_00022206,FIG_00022212,2605.23098v1,2605.23098v1,ROBOTICS,ROBOTICS,0.850366473197937,5,intra_paper
22207,22209,FIG_00022208,FIG_00022210,2605.23098v1,2605.23098v1,ROBOTICS,ROBOTICS,0.8969610929489136,3,intra_paper
22232,22233,FIG_00022233,FIG_00022234,2605.24044v1,2605.24044v1,ROBOTICS,ROBOTICS,0.8304027915000916,2,intra_paper
22248,22252,FIG_00022249,FIG_00022253,2605.22986v1,2605.22986v1,ROBOTICS,ROBOTICS,0.8507195115089417,2,intra_paper
22280,22281,FIG_00022281,FIG_00022282,2605.22693v1,2605.22693v1,ROBOTICS,ROBOTICS,0.8250378966331482,11,intra_paper
22282,22284,FIG_00022283,FIG_00022285,2605.22693v1,2605.22693v1,ROBOTICS,ROBOTICS,0.8980547189712524,1,intra_paper
22312,22314,FIG_00022313,FIG_00022315,2605.22597v1,2605.22597v1,ROBOTICS,ROBOTICS,0.8877516984939575,1,intra_paper
22328,22330,FIG_00022329,FIG_00022331,2605.22894v2,2605.22894v2,ROBOTICS,ROBOTICS,0.8769928216934204,1,intra_paper
22328,22329,FIG_00022329,FIG_00022330,2605.22894v2,2605.22894v2,ROBOTICS,ROBOTICS,0.7646350860595703,2,intra_paper
22329,22330,FIG_00022330,FIG_00022331,2605.22894v2,2605.22894v2,ROBOTICS,ROBOTICS,0.8596233129501343,1,intra_paper
22345,22346,FIG_00022346,FIG_00022347,2605.22493v1,2605.22493v1,ROBOTICS,ROBOTICS,0.7802295684814453,1,intra_paper
22353,22355,FIG_00022354,FIG_00022356,2605.22446v1,2605.22446v1,ROBOTICS,ROBOTICS,0.8331778049468994,1,intra_paper
22366,22368,FIG_00022367,FIG_00022369,2605.22420v1,2605.22420v1,ROBOTICS,ROBOTICS,0.8271717429161072,1,intra_paper
22384,22390,FIG_00022385,FIG_00022391,2605.22283v1,2605.22283v1,ROBOTICS,ROBOTICS,0.8174042701721191,1,intra_paper
22388,22392,FIG_00022389,FIG_00022393,2605.22283v1,2605.22283v1,ROBOTICS,ROBOTICS,0.814839243888855,1,intra_paper
22412,22413,FIG_00022413,FIG_00022414,2605.22189v1,2605.22189v1,ROBOTICS,ROBOTICS,0.8142716884613037,1,intra_paper
22458,22462,FIG_00022459,FIG_00022463,2605.22021v1,2605.22021v1,ROBOTICS,ROBOTICS,0.8441438674926758,3,intra_paper
22461,22462,FIG_00022462,FIG_00022463,2605.22021v1,2605.22021v1,ROBOTICS,ROBOTICS,0.8448737859725952,1,intra_paper
22471,22479,FIG_00022472,FIG_00022480,2605.22018v1,2605.22018v1,ROBOTICS,ROBOTICS,0.8379157185554504,1,intra_paper
22471,22483,FIG_00022472,FIG_00022484,2605.22018v1,2605.22018v1,ROBOTICS,ROBOTICS,0.8358417749404907,2,intra_paper
22471,22486,FIG_00022472,FIG_00022487,2605.22018v1,2605.22018v1,ROBOTICS,ROBOTICS,0.8355204463005066,3,intra_paper
22471,22482,FIG_00022472,FIG_00022483,2605.22018v1,2605.22018v1,ROBOTICS,ROBOTICS,0.7920107245445251,4,intra_paper
22474,22480,FIG_00022475,FIG_00022481,2605.22018v1,2605.22018v1,ROBOTICS,ROBOTICS,0.7648826837539673,1,intra_paper
22479,22480,FIG_00022480,FIG_00022481,2605.22018v1,2605.22018v1,ROBOTICS,ROBOTICS,0.8057191371917725,3,intra_paper
22479,22482,FIG_00022480,FIG_00022483,2605.22018v1,2605.22018v1,ROBOTICS,ROBOTICS,0.7774121761322021,4,intra_paper
22480,22483,FIG_00022481,FIG_00022484,2605.22018v1,2605.22018v1,ROBOTICS,ROBOTICS,0.7706890106201172,1,intra_paper
22480,22486,FIG_00022481,FIG_00022487,2605.22018v1,2605.22018v1,ROBOTICS,ROBOTICS,0.7577509880065918,2,intra_paper
22482,22483,FIG_00022483,FIG_00022484,2605.22018v1,2605.22018v1,ROBOTICS,ROBOTICS,0.815563976764679,1,intra_paper
22482,22486,FIG_00022483,FIG_00022487,2605.22018v1,2605.22018v1,ROBOTICS,ROBOTICS,0.7979923486709595,2,intra_paper
22483,22486,FIG_00022484,FIG_00022487,2605.22018v1,2605.22018v1,ROBOTICS,ROBOTICS,0.8807536959648132,1,intra_paper
22484,22485,FIG_00022485,FIG_00022486,2605.22018v1,2605.22018v1,ROBOTICS,ROBOTICS,0.811231255531311,1,intra_paper
22531,22533,FIG_00022532,FIG_00022534,2605.21901v1,2605.21901v1,ROBOTICS,ROBOTICS,0.826355516910553,1,intra_paper
22531,22532,FIG_00022532,FIG_00022533,2605.21901v1,2605.21901v1,ROBOTICS,ROBOTICS,0.7541281580924988,5,intra_paper
22532,22533,FIG_00022533,FIG_00022534,2605.21901v1,2605.21901v1,ROBOTICS,ROBOTICS,0.8457565307617188,2,intra_paper
22556,22564,FIG_00022557,FIG_00022565,2605.21811v1,2605.21811v1,ROBOTICS,ROBOTICS,0.824497401714325,4,intra_paper
22597,22598,FIG_00022598,FIG_00022599,2605.21723v1,2605.21723v1,ROBOTICS,ROBOTICS,0.8170334696769714,9,intra_paper
22602,22604,FIG_00022603,FIG_00022605,2605.21723v1,2605.21723v1,ROBOTICS,ROBOTICS,0.8353039026260376,1,intra_paper
22602,22603,FIG_00022603,FIG_00022604,2605.21723v1,2605.21723v1,ROBOTICS,ROBOTICS,0.8244009613990784,2,intra_paper
22620,22628,FIG_00022621,FIG_00022629,2605.21710v1,2605.21710v1,ROBOTICS,ROBOTICS,0.8409268260002136,1,intra_paper
22622,22623,FIG_00022623,FIG_00022624,2605.21710v1,2605.21710v1,ROBOTICS,ROBOTICS,0.8921501040458679,1,intra_paper
22673,22675,FIG_00022674,FIG_00022676,2605.21439v1,2605.21439v1,ROBOTICS,ROBOTICS,0.878052294254303,1,intra_paper
22673,22681,FIG_00022674,FIG_00022682,2605.21439v1,2605.21439v1,ROBOTICS,ROBOTICS,0.8284001350402832,2,intra_paper
22675,22681,FIG_00022676,FIG_00022682,2605.21439v1,2605.21439v1,ROBOTICS,ROBOTICS,0.8786439895629883,1,intra_paper
22675,22676,FIG_00022676,FIG_00022677,2605.21439v1,2605.21439v1,ROBOTICS,ROBOTICS,0.8145160675048828,2,intra_paper
22676,22681,FIG_00022677,FIG_00022682,2605.21439v1,2605.21439v1,ROBOTICS,ROBOTICS,0.7667551636695862,1,intra_paper
22711,22717,FIG_00022712,FIG_00022718,2605.21372v1,2605.21372v1,ROBOTICS,ROBOTICS,0.7924912571907043,1,intra_paper
22712,22713,FIG_00022713,FIG_00022714,2605.21372v1,2605.21372v1,ROBOTICS,ROBOTICS,0.8981915712356567,2,intra_paper
22714,22717,FIG_00022715,FIG_00022718,2605.21372v1,2605.21372v1,ROBOTICS,ROBOTICS,0.7937049865722656,9,intra_paper
22715,22716,FIG_00022716,FIG_00022717,2605.21372v1,2605.21372v1,ROBOTICS,ROBOTICS,0.807327151298523,3,intra_paper
22715,22717,FIG_00022716,FIG_00022718,2605.21372v1,2605.21372v1,ROBOTICS,ROBOTICS,0.7699764966964722,10,intra_paper
22716,22717,FIG_00022717,FIG_00022718,2605.21372v1,2605.21372v1,ROBOTICS,ROBOTICS,0.7718412280082703,4,intra_paper
22788,22790,FIG_00022789,FIG_00022791,2605.21061v1,2605.21061v1,ROBOTICS,ROBOTICS,0.8708568215370178,1,intra_paper
22796,22799,FIG_00022797,FIG_00022800,2605.21053v1,2605.21053v1,ROBOTICS,ROBOTICS,0.8874558210372925,2,intra_paper
22797,22799,FIG_00022798,FIG_00022800,2605.21053v1,2605.21053v1,ROBOTICS,ROBOTICS,0.8591715097427368,3,intra_paper
22812,22815,FIG_00022813,FIG_00022816,2605.21031v2,2605.21031v2,ROBOTICS,ROBOTICS,0.8074955344200134,1,intra_paper
22817,22819,FIG_00022818,FIG_00022820,2605.21031v2,2605.21031v2,ROBOTICS,ROBOTICS,0.8771911859512329,1,intra_paper
22837,22838,FIG_00022838,FIG_00022839,2605.20932v1,2605.20932v1,ROBOTICS,ROBOTICS,0.7587822675704956,1,intra_paper
22838,22845,FIG_00022839,FIG_00022846,2605.20932v1,2605.20932v1,ROBOTICS,ROBOTICS,0.8077391386032104,1,intra_paper
22842,22845,FIG_00022843,FIG_00022846,2605.20932v1,2605.20932v1,ROBOTICS,ROBOTICS,0.7707030177116394,1,intra_paper
22843,22845,FIG_00022844,FIG_00022846,2605.20932v1,2605.20932v1,ROBOTICS,ROBOTICS,0.8090305328369141,1,intra_paper
22850,22853,FIG_00022851,FIG_00022854,2605.20932v1,2605.20932v1,ROBOTICS,ROBOTICS,0.753850519657135,8,intra_paper
22856,22859,FIG_00022857,FIG_00022860,2605.20917v1,2605.20917v1,ROBOTICS,ROBOTICS,0.7718798518180847,1,intra_paper
22857,22870,FIG_00022858,FIG_00022871,2605.20917v1,2605.20917v1,ROBOTICS,ROBOTICS,0.8502856492996216,1,intra_paper
22867,22871,FIG_00022868,FIG_00022872,2605.20917v1,2605.20917v1,ROBOTICS,ROBOTICS,0.8933537602424622,1,intra_paper
22869,22872,FIG_00022870,FIG_00022873,2605.20917v1,2605.20917v1,ROBOTICS,ROBOTICS,0.7992347478866577,1,intra_paper
22878,22879,FIG_00022879,FIG_00022880,2605.20894v1,2605.20894v1,ROBOTICS,ROBOTICS,0.8706345558166504,1,intra_paper
22878,22880,FIG_00022879,FIG_00022881,2605.20894v1,2605.20894v1,ROBOTICS,ROBOTICS,0.8004170060157776,2,intra_paper
22879,22880,FIG_00022880,FIG_00022881,2605.20894v1,2605.20894v1,ROBOTICS,ROBOTICS,0.84046870470047,1,intra_paper
22904,22905,FIG_00022905,FIG_00022906,2605.20811v1,2605.20811v1,ROBOTICS,ROBOTICS,0.768334150314331,2,intra_paper
22926,22928,FIG_00022927,FIG_00022929,2605.20774v1,2605.20774v1,ROBOTICS,ROBOTICS,0.8031559586524963,1,intra_paper
22927,22928,FIG_00022928,FIG_00022929,2605.20774v1,2605.20774v1,ROBOTICS,ROBOTICS,0.7637647986412048,1,intra_paper
22936,22938,FIG_00022937,FIG_00022939,2605.20774v1,2605.20774v1,ROBOTICS,ROBOTICS,0.8744397163391113,2,intra_paper
22936,22947,FIG_00022937,FIG_00022948,2605.20774v1,2605.20774v1,ROBOTICS,ROBOTICS,0.8716490268707275,3,intra_paper
22936,22942,FIG_00022937,FIG_00022943,2605.20774v1,2605.20774v1,ROBOTICS,ROBOTICS,0.831118106842041,4,intra_paper
22936,22939,FIG_00022937,FIG_00022940,2605.20774v1,2605.20774v1,ROBOTICS,ROBOTICS,0.7819581031799316,5,intra_paper
22936,22940,FIG_00022937,FIG_00022941,2605.20774v1,2605.20774v1,ROBOTICS,ROBOTICS,0.7792694568634033,6,intra_paper
22938,22939,FIG_00022939,FIG_00022940,2605.20774v1,2605.20774v1,ROBOTICS,ROBOTICS,0.8930779099464417,2,intra_paper
22938,22940,FIG_00022939,FIG_00022941,2605.20774v1,2605.20774v1,ROBOTICS,ROBOTICS,0.8926385641098022,3,intra_paper
22938,22947,FIG_00022939,FIG_00022948,2605.20774v1,2605.20774v1,ROBOTICS,ROBOTICS,0.8603641986846924,4,intra_paper
22938,22946,FIG_00022939,FIG_00022947,2605.20774v1,2605.20774v1,ROBOTICS,ROBOTICS,0.8565739393234253,5,intra_paper
22938,22943,FIG_00022939,FIG_00022944,2605.20774v1,2605.20774v1,ROBOTICS,ROBOTICS,0.8252019882202148,6,intra_paper
22939,22942,FIG_00022940,FIG_00022943,2605.20774v1,2605.20774v1,ROBOTICS,ROBOTICS,0.8449243903160095,2,intra_paper
22939,22943,FIG_00022940,FIG_00022944,2605.20774v1,2605.20774v1,ROBOTICS,ROBOTICS,0.8347181081771851,3,intra_paper
22939,22946,FIG_00022940,FIG_00022947,2605.20774v1,2605.20774v1,ROBOTICS,ROBOTICS,0.8228458166122437,4,intra_paper
22939,22947,FIG_00022940,FIG_00022948,2605.20774v1,2605.20774v1,ROBOTICS,ROBOTICS,0.808495283126831,5,intra_paper
22940,22942,FIG_00022941,FIG_00022943,2605.20774v1,2605.20774v1,ROBOTICS,ROBOTICS,0.8410013914108276,1,intra_paper
22940,22943,FIG_00022941,FIG_00022944,2605.20774v1,2605.20774v1,ROBOTICS,ROBOTICS,0.8322698473930359,2,intra_paper
22940,22946,FIG_00022941,FIG_00022947,2605.20774v1,2605.20774v1,ROBOTICS,ROBOTICS,0.8200480341911316,3,intra_paper
22940,22947,FIG_00022941,FIG_00022948,2605.20774v1,2605.20774v1,ROBOTICS,ROBOTICS,0.805622935295105,4,intra_paper
22941,22946,FIG_00022942,FIG_00022947,2605.20774v1,2605.20774v1,ROBOTICS,ROBOTICS,0.754936933517456,1,intra_paper
22941,22947,FIG_00022942,FIG_00022948,2605.20774v1,2605.20774v1,ROBOTICS,ROBOTICS,0.7530326247215271,2,intra_paper
22942,22947,FIG_00022943,FIG_00022948,2605.20774v1,2605.20774v1,ROBOTICS,ROBOTICS,0.8282053470611572,1,intra_paper
22942,22946,FIG_00022943,FIG_00022947,2605.20774v1,2605.20774v1,ROBOTICS,ROBOTICS,0.822737991809845,2,intra_paper
22942,22943,FIG_00022943,FIG_00022944,2605.20774v1,2605.20774v1,ROBOTICS,ROBOTICS,0.7785422801971436,3,intra_paper
22951,22954,FIG_00022952,FIG_00022955,2605.20758v1,2605.20758v1,ROBOTICS,ROBOTICS,0.7679557800292969,3,intra_paper
22951,22959,FIG_00022952,FIG_00022960,2605.20758v1,2605.20758v1,ROBOTICS,ROBOTICS,0.763103723526001,4,intra_paper
22954,22959,FIG_00022955,FIG_00022960,2605.20758v1,2605.20758v1,ROBOTICS,ROBOTICS,0.7779030799865723,4,intra_paper
22956,22959,FIG_00022957,FIG_00022960,2605.20758v1,2605.20758v1,ROBOTICS,ROBOTICS,0.7591259479522705,1,intra_paper
22988,22997,FIG_00022989,FIG_00022998,2605.20644v1,2605.20644v1,ROBOTICS,ROBOTICS,0.8035086989402771,1,intra_paper
22989,22991,FIG_00022990,FIG_00022992,2605.20644v1,2605.20644v1,ROBOTICS,ROBOTICS,0.8875646591186523,1,intra_paper
22989,22994,FIG_00022990,FIG_00022995,2605.20644v1,2605.20644v1,ROBOTICS,ROBOTICS,0.8851208686828613,2,intra_paper
22991,22994,FIG_00022992,FIG_00022995,2605.20644v1,2605.20644v1,ROBOTICS,ROBOTICS,0.7723644971847534,1,intra_paper
23004,23006,FIG_00023005,FIG_00023007,2605.20607v1,2605.20607v1,ROBOTICS,ROBOTICS,0.8496190309524536,1,intra_paper
23025,23029,FIG_00023026,FIG_00023030,2605.20561v1,2605.20561v1,ROBOTICS,ROBOTICS,0.8568729162216187,1,intra_paper
23025,23027,FIG_00023026,FIG_00023028,2605.20561v1,2605.20561v1,ROBOTICS,ROBOTICS,0.8350597620010376,5,intra_paper
23027,23029,FIG_00023028,FIG_00023030,2605.20561v1,2605.20561v1,ROBOTICS,ROBOTICS,0.8908642530441284,1,intra_paper
23028,23029,FIG_00023029,FIG_00023030,2605.20561v1,2605.20561v1,ROBOTICS,ROBOTICS,0.8243167400360107,1,intra_paper
23036,23040,FIG_00023037,FIG_00023041,2605.20551v1,2605.20551v1,ROBOTICS,ROBOTICS,0.8395469188690186,3,intra_paper
23088,23089,FIG_00023089,FIG_00023090,2605.20390v1,2605.20390v1,ROBOTICS,ROBOTICS,0.7939962148666382,1,intra_paper
23091,23093,FIG_00023092,FIG_00023094,2605.20390v1,2605.20390v1,ROBOTICS,ROBOTICS,0.7510449290275574,2,intra_paper
23092,23093,FIG_00023093,FIG_00023094,2605.20390v1,2605.20390v1,ROBOTICS,ROBOTICS,0.754663348197937,1,intra_paper
23118,23119,FIG_00023119,FIG_00023120,2605.20101v1,2605.20101v1,ROBOTICS,ROBOTICS,0.800463080406189,1,intra_paper
23126,23127,FIG_00023127,FIG_00023128,2605.20072v1,2605.20072v1,ROBOTICS,ROBOTICS,0.875304102897644,2,intra_paper
23144,23145,FIG_00023145,FIG_00023146,2605.19986v1,2605.19986v1,ROBOTICS,ROBOTICS,0.8424452543258667,1,intra_paper
23194,23196,FIG_00023195,FIG_00023197,2605.19919v1,2605.19919v1,ROBOTICS,ROBOTICS,0.867943286895752,1,intra_paper
23196,23197,FIG_00023197,FIG_00023198,2605.19919v1,2605.19919v1,ROBOTICS,ROBOTICS,0.7586441040039062,1,intra_paper
23240,23247,FIG_00023241,FIG_00023248,2605.19771v1,2605.19771v1,ROBOTICS,ROBOTICS,0.8328039646148682,1,intra_paper
23240,23248,FIG_00023241,FIG_00023249,2605.19771v1,2605.19771v1,ROBOTICS,ROBOTICS,0.8066017627716064,2,intra_paper
23247,23248,FIG_00023248,FIG_00023249,2605.19771v1,2605.19771v1,ROBOTICS,ROBOTICS,0.8683770298957825,1,intra_paper
23247,23249,FIG_00023248,FIG_00023250,2605.19771v1,2605.19771v1,ROBOTICS,ROBOTICS,0.8000519275665283,2,intra_paper
23248,23249,FIG_00023249,FIG_00023250,2605.19771v1,2605.19771v1,ROBOTICS,ROBOTICS,0.8155953884124756,1,intra_paper
23253,23254,FIG_00023254,FIG_00023255,2605.20299v1,2605.20299v1,ROBOTICS,ROBOTICS,0.8684391975402832,1,intra_paper
23276,23277,FIG_00023277,FIG_00023278,2605.19690v1,2605.19690v1,ROBOTICS,ROBOTICS,0.7675297260284424,1,intra_paper
23279,23281,FIG_00023280,FIG_00023282,2605.19690v1,2605.19690v1,ROBOTICS,ROBOTICS,0.7754523754119873,1,intra_paper
23288,23289,FIG_00023289,FIG_00023290,2605.19631v1,2605.19631v1,ROBOTICS,ROBOTICS,0.8222959041595459,1,intra_paper
23292,23297,FIG_00023293,FIG_00023298,2605.19600v1,2605.19600v1,ROBOTICS,ROBOTICS,0.7630482912063599,1,intra_paper
23301,23302,FIG_00023302,FIG_00023303,2605.19594v1,2605.19594v1,ROBOTICS,ROBOTICS,0.7739259004592896,2,intra_paper
23305,23312,FIG_00023306,FIG_00023313,2605.19592v1,2605.19592v1,ROBOTICS,ROBOTICS,0.8916513919830322,2,intra_paper
23316,23319,FIG_00023317,FIG_00023320,2605.19592v1,2605.19592v1,ROBOTICS,ROBOTICS,0.818276584148407,1,intra_paper
23325,23326,FIG_00023326,FIG_00023327,2605.19562v1,2605.19562v1,ROBOTICS,ROBOTICS,0.8023916482925415,3,intra_paper
23329,23332,FIG_00023330,FIG_00023333,2605.19524v1,2605.19524v1,ROBOTICS,ROBOTICS,0.7610614895820618,1,intra_paper
23388,23390,FIG_00023389,FIG_00023391,2605.19420v1,2605.19420v1,ROBOTICS,ROBOTICS,0.8006468415260315,1,intra_paper
23398,23401,FIG_00023399,FIG_00023402,2605.19314v1,2605.19314v1,ROBOTICS,ROBOTICS,0.8102240562438965,1,intra_paper
23398,23402,FIG_00023399,FIG_00023403,2605.19314v1,2605.19314v1,ROBOTICS,ROBOTICS,0.8084973096847534,2,intra_paper
23398,23400,FIG_00023399,FIG_00023401,2605.19314v1,2605.19314v1,ROBOTICS,ROBOTICS,0.805386483669281,3,intra_paper
23400,23402,FIG_00023401,FIG_00023403,2605.19314v1,2605.19314v1,ROBOTICS,ROBOTICS,0.822231113910675,2,intra_paper
23401,23402,FIG_00023402,FIG_00023403,2605.19314v1,2605.19314v1,ROBOTICS,ROBOTICS,0.8240289688110352,1,intra_paper
23443,23447,FIG_00023444,FIG_00023448,2605.19255v1,2605.19255v1,ROBOTICS,ROBOTICS,0.7780784368515015,1,intra_paper
23472,23474,FIG_00023473,FIG_00023475,2605.19202v1,2605.19202v1,ROBOTICS,ROBOTICS,0.8931113481521606,1,intra_paper
23472,23473,FIG_00023473,FIG_00023474,2605.19202v1,2605.19202v1,ROBOTICS,ROBOTICS,0.8534116148948669,3,intra_paper
23480,23481,FIG_00023481,FIG_00023482,2605.19166v1,2605.19166v1,ROBOTICS,ROBOTICS,0.777092695236206,8,intra_paper
23505,23507,FIG_00023506,FIG_00023508,2605.19120v1,2605.19120v1,ROBOTICS,ROBOTICS,0.8271267414093018,1,intra_paper
23525,23531,FIG_00023526,FIG_00023532,2605.19120v1,2605.19120v1,ROBOTICS,ROBOTICS,0.8973062038421631,2,intra_paper
23531,23532,FIG_00023532,FIG_00023533,2605.19120v1,2605.19120v1,ROBOTICS,ROBOTICS,0.886262834072113,4,intra_paper
23539,23540,FIG_00023540,FIG_00023541,2605.19120v1,2605.19120v1,ROBOTICS,ROBOTICS,0.7978524565696716,1,intra_paper
23546,23548,FIG_00023547,FIG_00023549,2605.19120v1,2605.19120v1,ROBOTICS,ROBOTICS,0.8716788291931152,1,intra_paper
23547,23548,FIG_00023548,FIG_00023549,2605.19120v1,2605.19120v1,ROBOTICS,ROBOTICS,0.8921560645103455,1,intra_paper
23558,23559,FIG_00023559,FIG_00023560,2605.19104v1,2605.19104v1,ROBOTICS,ROBOTICS,0.761720597743988,6,intra_paper
23568,23570,FIG_00023569,FIG_00023571,2605.19033v1,2605.19033v1,ROBOTICS,ROBOTICS,0.7966848015785217,1,intra_paper
23570,23572,FIG_00023571,FIG_00023573,2605.19033v1,2605.19033v1,ROBOTICS,ROBOTICS,0.7552403807640076,3,intra_paper
23580,23581,FIG_00023581,FIG_00023582,2605.19029v1,2605.19029v1,ROBOTICS,ROBOTICS,0.7597728967666626,1,intra_paper
23620,23629,FIG_00023621,FIG_00023630,2605.18746v2,2605.18746v2,ROBOTICS,ROBOTICS,0.8151724338531494,1,intra_paper
23674,23683,FIG_00023675,FIG_00023684,2605.18617v1,2605.18617v1,ROBOTICS,ROBOTICS,0.8957284688949585,1,intra_paper
23674,23675,FIG_00023675,FIG_00023676,2605.18617v1,2605.18617v1,ROBOTICS,ROBOTICS,0.860431969165802,2,intra_paper
23674,23684,FIG_00023675,FIG_00023685,2605.18617v1,2605.18617v1,ROBOTICS,ROBOTICS,0.8555304408073425,3,intra_paper
23674,23686,FIG_00023675,FIG_00023687,2605.18617v1,2605.18617v1,ROBOTICS,ROBOTICS,0.8135420083999634,4,intra_paper
23674,23676,FIG_00023675,FIG_00023677,2605.18617v1,2605.18617v1,ROBOTICS,ROBOTICS,0.8077226281166077,5,intra_paper
23674,23678,FIG_00023675,FIG_00023679,2605.18617v1,2605.18617v1,ROBOTICS,ROBOTICS,0.8049031496047974,6,intra_paper
23674,23681,FIG_00023675,FIG_00023682,2605.18617v1,2605.18617v1,ROBOTICS,ROBOTICS,0.8006309270858765,7,intra_paper
23674,23685,FIG_00023675,FIG_00023686,2605.18617v1,2605.18617v1,ROBOTICS,ROBOTICS,0.7915536165237427,8,intra_paper
23674,23680,FIG_00023675,FIG_00023681,2605.18617v1,2605.18617v1,ROBOTICS,ROBOTICS,0.7863301038742065,9,intra_paper
23675,23680,FIG_00023676,FIG_00023681,2605.18617v1,2605.18617v1,ROBOTICS,ROBOTICS,0.8878459930419922,1,intra_paper
23675,23678,FIG_00023676,FIG_00023679,2605.18617v1,2605.18617v1,ROBOTICS,ROBOTICS,0.8765354156494141,2,intra_paper
23675,23684,FIG_00023676,FIG_00023685,2605.18617v1,2605.18617v1,ROBOTICS,ROBOTICS,0.8760834336280823,3,intra_paper
23675,23681,FIG_00023676,FIG_00023682,2605.18617v1,2605.18617v1,ROBOTICS,ROBOTICS,0.8428987264633179,4,intra_paper
23675,23685,FIG_00023676,FIG_00023686,2605.18617v1,2605.18617v1,ROBOTICS,ROBOTICS,0.835342526435852,5,intra_paper
23675,23686,FIG_00023676,FIG_00023687,2605.18617v1,2605.18617v1,ROBOTICS,ROBOTICS,0.8305900692939758,6,intra_paper
23675,23676,FIG_00023676,FIG_00023677,2605.18617v1,2605.18617v1,ROBOTICS,ROBOTICS,0.8234667778015137,7,intra_paper
23675,23683,FIG_00023676,FIG_00023684,2605.18617v1,2605.18617v1,ROBOTICS,ROBOTICS,0.815726637840271,8,intra_paper
23676,23686,FIG_00023677,FIG_00023687,2605.18617v1,2605.18617v1,ROBOTICS,ROBOTICS,0.8865602016448975,1,intra_paper
23676,23679,FIG_00023677,FIG_00023680,2605.18617v1,2605.18617v1,ROBOTICS,ROBOTICS,0.8782710433006287,2,intra_paper
23676,23684,FIG_00023677,FIG_00023685,2605.18617v1,2605.18617v1,ROBOTICS,ROBOTICS,0.8669395446777344,3,intra_paper
23676,23678,FIG_00023677,FIG_00023679,2605.18617v1,2605.18617v1,ROBOTICS,ROBOTICS,0.8474154472351074,4,intra_paper
23676,23685,FIG_00023677,FIG_00023686,2605.18617v1,2605.18617v1,ROBOTICS,ROBOTICS,0.8443361520767212,5,intra_paper
23676,23677,FIG_00023677,FIG_00023678,2605.18617v1,2605.18617v1,ROBOTICS,ROBOTICS,0.8360544443130493,6,intra_paper
23676,23681,FIG_00023677,FIG_00023682,2605.18617v1,2605.18617v1,ROBOTICS,ROBOTICS,0.8337909579277039,7,intra_paper
23676,23680,FIG_00023677,FIG_00023681,2605.18617v1,2605.18617v1,ROBOTICS,ROBOTICS,0.7622530460357666,8,intra_paper
23677,23685,FIG_00023678,FIG_00023686,2605.18617v1,2605.18617v1,ROBOTICS,ROBOTICS,0.846993088722229,1,intra_paper
23677,23679,FIG_00023678,FIG_00023680,2605.18617v1,2605.18617v1,ROBOTICS,ROBOTICS,0.8031319379806519,2,intra_paper
23677,23678,FIG_00023678,FIG_00023679,2605.18617v1,2605.18617v1,ROBOTICS,ROBOTICS,0.7947384119033813,3,intra_paper
23677,23684,FIG_00023678,FIG_00023685,2605.18617v1,2605.18617v1,ROBOTICS,ROBOTICS,0.7923290133476257,4,intra_paper
23677,23686,FIG_00023678,FIG_00023687,2605.18617v1,2605.18617v1,ROBOTICS,ROBOTICS,0.7888523936271667,5,intra_paper
23677,23681,FIG_00023678,FIG_00023682,2605.18617v1,2605.18617v1,ROBOTICS,ROBOTICS,0.7787351608276367,6,intra_paper
23678,23680,FIG_00023679,FIG_00023681,2605.18617v1,2605.18617v1,ROBOTICS,ROBOTICS,0.8799792528152466,2,intra_paper
23678,23684,FIG_00023679,FIG_00023685,2605.18617v1,2605.18617v1,ROBOTICS,ROBOTICS,0.8545339703559875,3,intra_paper
23678,23686,FIG_00023679,FIG_00023687,2605.18617v1,2605.18617v1,ROBOTICS,ROBOTICS,0.8310378789901733,4,intra_paper
23678,23681,FIG_00023679,FIG_00023682,2605.18617v1,2605.18617v1,ROBOTICS,ROBOTICS,0.8016712665557861,5,intra_paper
23678,23683,FIG_00023679,FIG_00023684,2605.18617v1,2605.18617v1,ROBOTICS,ROBOTICS,0.7982205152511597,6,intra_paper
23678,23679,FIG_00023679,FIG_00023680,2605.18617v1,2605.18617v1,ROBOTICS,ROBOTICS,0.795784592628479,7,intra_paper
23679,23686,FIG_00023680,FIG_00023687,2605.18617v1,2605.18617v1,ROBOTICS,ROBOTICS,0.8691065907478333,1,intra_paper
23679,23681,FIG_00023680,FIG_00023682,2605.18617v1,2605.18617v1,ROBOTICS,ROBOTICS,0.8322678208351135,2,intra_paper
23679,23685,FIG_00023680,FIG_00023686,2605.18617v1,2605.18617v1,ROBOTICS,ROBOTICS,0.7999649047851562,3,intra_paper
23679,23684,FIG_00023680,FIG_00023685,2605.18617v1,2605.18617v1,ROBOTICS,ROBOTICS,0.7793973684310913,4,intra_paper
23680,23681,FIG_00023681,FIG_00023682,2605.18617v1,2605.18617v1,ROBOTICS,ROBOTICS,0.8597820997238159,1,intra_paper
23680,23685,FIG_00023681,FIG_00023686,2605.18617v1,2605.18617v1,ROBOTICS,ROBOTICS,0.8428861498832703,2,intra_paper
23680,23684,FIG_00023681,FIG_00023685,2605.18617v1,2605.18617v1,ROBOTICS,ROBOTICS,0.8278608918190002,3,intra_paper
23680,23683,FIG_00023681,FIG_00023684,2605.18617v1,2605.18617v1,ROBOTICS,ROBOTICS,0.7965735197067261,4,intra_paper
23681,23684,FIG_00023682,FIG_00023685,2605.18617v1,2605.18617v1,ROBOTICS,ROBOTICS,0.8402973413467407,1,intra_paper
23681,23685,FIG_00023682,FIG_00023686,2605.18617v1,2605.18617v1,ROBOTICS,ROBOTICS,0.8071045875549316,2,intra_paper
23681,23686,FIG_00023682,FIG_00023687,2605.18617v1,2605.18617v1,ROBOTICS,ROBOTICS,0.7868540287017822,3,intra_paper
23681,23683,FIG_00023682,FIG_00023684,2605.18617v1,2605.18617v1,ROBOTICS,ROBOTICS,0.7545554041862488,4,intra_paper
23683,23684,FIG_00023684,FIG_00023685,2605.18617v1,2605.18617v1,ROBOTICS,ROBOTICS,0.820130467414856,1,intra_paper
23683,23685,FIG_00023684,FIG_00023686,2605.18617v1,2605.18617v1,ROBOTICS,ROBOTICS,0.7656113505363464,2,intra_paper
23684,23685,FIG_00023685,FIG_00023686,2605.18617v1,2605.18617v1,ROBOTICS,ROBOTICS,0.8714307546615601,1,intra_paper
23684,23686,FIG_00023685,FIG_00023687,2605.18617v1,2605.18617v1,ROBOTICS,ROBOTICS,0.8567375540733337,2,intra_paper
23685,23686,FIG_00023686,FIG_00023687,2605.18617v1,2605.18617v1,ROBOTICS,ROBOTICS,0.8363867998123169,1,intra_paper
23699,23700,FIG_00023700,FIG_00023701,2605.18556v1,2605.18556v1,ROBOTICS,ROBOTICS,0.8421823382377625,1,intra_paper
23723,23724,FIG_00023724,FIG_00023725,2605.18441v1,2605.18441v1,ROBOTICS,ROBOTICS,0.7886370420455933,1,intra_paper
23731,23737,FIG_00023732,FIG_00023738,2605.18407v1,2605.18407v1,ROBOTICS,ROBOTICS,0.8515791893005371,1,intra_paper
23744,23749,FIG_00023745,FIG_00023750,2605.18373v1,2605.18373v1,ROBOTICS,ROBOTICS,0.8934077024459839,3,intra_paper
23867,23872,FIG_00023868,FIG_00023873,2605.17815v1,2605.17815v1,ROBOTICS,ROBOTICS,0.7865852117538452,2,intra_paper
23867,23873,FIG_00023868,FIG_00023874,2605.17815v1,2605.17815v1,ROBOTICS,ROBOTICS,0.7657225131988525,3,intra_paper
23868,23872,FIG_00023869,FIG_00023873,2605.17815v1,2605.17815v1,ROBOTICS,ROBOTICS,0.7865852117538452,2,intra_paper
23868,23873,FIG_00023869,FIG_00023874,2605.17815v1,2605.17815v1,ROBOTICS,ROBOTICS,0.7657225131988525,3,intra_paper
23878,23879,FIG_00023879,FIG_00023880,2605.17800v1,2605.17800v1,ROBOTICS,ROBOTICS,0.8346297740936279,5,intra_paper
23883,23889,FIG_00023884,FIG_00023890,2605.17681v1,2605.17681v1,ROBOTICS,ROBOTICS,0.808163583278656,1,intra_paper
23905,23906,FIG_00023906,FIG_00023907,2605.17661v1,2605.17661v1,ROBOTICS,ROBOTICS,0.865401566028595,3,intra_paper
23907,23911,FIG_00023908,FIG_00023912,2605.17661v1,2605.17661v1,ROBOTICS,ROBOTICS,0.7847615480422974,6,intra_paper
23908,23911,FIG_00023909,FIG_00023912,2605.17661v1,2605.17661v1,ROBOTICS,ROBOTICS,0.879635214805603,2,intra_paper
23909,23911,FIG_00023910,FIG_00023912,2605.17661v1,2605.17661v1,ROBOTICS,ROBOTICS,0.8906956315040588,1,intra_paper
23924,23927,FIG_00023925,FIG_00023928,2605.17601v1,2605.17601v1,ROBOTICS,ROBOTICS,0.8100776672363281,1,intra_paper
23972,23973,FIG_00023973,FIG_00023974,2605.17522v1,2605.17522v1,ROBOTICS,ROBOTICS,0.8024599552154541,1,intra_paper
23976,23979,FIG_00023977,FIG_00023980,2605.17522v1,2605.17522v1,ROBOTICS,ROBOTICS,0.7957378029823303,1,intra_paper
24001,24004,FIG_00024002,FIG_00024005,2605.17421v1,2605.17421v1,ROBOTICS,ROBOTICS,0.835978627204895,1,intra_paper
24012,24014,FIG_00024013,FIG_00024015,2605.17336v1,2605.17336v1,ROBOTICS,ROBOTICS,0.7640325427055359,1,intra_paper
24013,24014,FIG_00024014,FIG_00024015,2605.17336v1,2605.17336v1,ROBOTICS,ROBOTICS,0.8237953186035156,1,intra_paper
24013,24015,FIG_00024014,FIG_00024016,2605.17336v1,2605.17336v1,ROBOTICS,ROBOTICS,0.7525296211242676,2,intra_paper
24016,24018,FIG_00024017,FIG_00024019,2605.18895v1,2605.18895v1,ROBOTICS,ROBOTICS,0.8168694972991943,2,intra_paper
24020,24023,FIG_00024021,FIG_00024024,2605.18895v1,2605.18895v1,ROBOTICS,ROBOTICS,0.772871732711792,1,intra_paper
24030,24033,FIG_00024031,FIG_00024034,2605.17327v1,2605.17327v1,ROBOTICS,ROBOTICS,0.7527104616165161,1,intra_paper
24037,24045,FIG_00024038,FIG_00024046,2605.17300v1,2605.17300v1,ROBOTICS,ROBOTICS,0.8167763352394104,1,intra_paper
24053,24054,FIG_00024054,FIG_00024055,2605.23987v1,2605.23987v1,ROBOTICS,ROBOTICS,0.8976167440414429,2,intra_paper
24053,24055,FIG_00024054,FIG_00024056,2605.23987v1,2605.23987v1,ROBOTICS,ROBOTICS,0.8937366008758545,3,intra_paper
24062,24063,FIG_00024063,FIG_00024064,2605.17284v1,2605.17284v1,ROBOTICS,ROBOTICS,0.7611158490180969,1,intra_paper
24098,24102,FIG_00024099,FIG_00024103,2605.17229v1,2605.17229v1,ROBOTICS,ROBOTICS,0.860563337802887,1,intra_paper
24098,24101,FIG_00024099,FIG_00024102,2605.17229v1,2605.17229v1,ROBOTICS,ROBOTICS,0.8574773669242859,2,intra_paper
24138,24139,FIG_00024139,FIG_00024140,2605.17077v1,2605.17077v1,ROBOTICS,ROBOTICS,0.8329324126243591,1,intra_paper
24152,24153,FIG_00024153,FIG_00024154,2605.16979v1,2605.16979v1,ROBOTICS,ROBOTICS,0.888264536857605,1,intra_paper
24168,24172,FIG_00024169,FIG_00024173,2605.16894v1,2605.16894v1,ROBOTICS,ROBOTICS,0.8743519186973572,1,intra_paper
24170,24171,FIG_00024171,FIG_00024172,2605.16894v1,2605.16894v1,ROBOTICS,ROBOTICS,0.8835756778717041,1,intra_paper
24177,24178,FIG_00024178,FIG_00024179,2605.16871v1,2605.16871v1,ROBOTICS,ROBOTICS,0.86429762840271,1,intra_paper
24189,24190,FIG_00024190,FIG_00024191,2605.16863v1,2605.16863v1,ROBOTICS,ROBOTICS,0.8411800861358643,1,intra_paper
24191,24192,FIG_00024192,FIG_00024193,2605.16863v1,2605.16863v1,ROBOTICS,ROBOTICS,0.8893405795097351,2,intra_paper
24191,24193,FIG_00024192,FIG_00024194,2605.16863v1,2605.16863v1,ROBOTICS,ROBOTICS,0.8889716863632202,3,intra_paper
24191,24195,FIG_00024192,FIG_00024196,2605.16863v1,2605.16863v1,ROBOTICS,ROBOTICS,0.8864352703094482,4,intra_paper
24191,24196,FIG_00024192,FIG_00024197,2605.16863v1,2605.16863v1,ROBOTICS,ROBOTICS,0.7642555236816406,5,intra_paper
24192,24193,FIG_00024193,FIG_00024194,2605.16863v1,2605.16863v1,ROBOTICS,ROBOTICS,0.8492343425750732,2,intra_paper
24192,24194,FIG_00024193,FIG_00024195,2605.16863v1,2605.16863v1,ROBOTICS,ROBOTICS,0.8365768194198608,3,intra_paper
24193,24195,FIG_00024194,FIG_00024196,2605.16863v1,2605.16863v1,ROBOTICS,ROBOTICS,0.8651275038719177,1,intra_paper
24193,24194,FIG_00024194,FIG_00024195,2605.16863v1,2605.16863v1,ROBOTICS,ROBOTICS,0.8380886912345886,2,intra_paper
24194,24195,FIG_00024195,FIG_00024196,2605.16863v1,2605.16863v1,ROBOTICS,ROBOTICS,0.8686434030532837,1,intra_paper
24208,24209,FIG_00024209,FIG_00024210,2605.16816v1,2605.16816v1,ROBOTICS,ROBOTICS,0.8813724517822266,1,intra_paper
24251,24252,FIG_00024252,FIG_00024253,2605.16692v2,2605.16692v2,ROBOTICS,ROBOTICS,0.8998304605484009,2,intra_paper
24286,24288,FIG_00024287,FIG_00024289,2605.16522v1,2605.16522v1,ROBOTICS,ROBOTICS,0.833365797996521,1,intra_paper
24286,24287,FIG_00024287,FIG_00024288,2605.16522v1,2605.16522v1,ROBOTICS,ROBOTICS,0.8012745380401611,2,intra_paper
24287,24288,FIG_00024288,FIG_00024289,2605.16522v1,2605.16522v1,ROBOTICS,ROBOTICS,0.847936749458313,1,intra_paper
24322,24323,FIG_00024323,FIG_00024324,2605.16137v2,2605.16137v2,ROBOTICS,ROBOTICS,0.7562097907066345,1,intra_paper
24324,24331,FIG_00024325,FIG_00024332,2605.16137v2,2605.16137v2,ROBOTICS,ROBOTICS,0.8168355226516724,1,intra_paper
24324,24329,FIG_00024325,FIG_00024330,2605.16137v2,2605.16137v2,ROBOTICS,ROBOTICS,0.7641050815582275,2,intra_paper
24328,24329,FIG_00024329,FIG_00024330,2605.16137v2,2605.16137v2,ROBOTICS,ROBOTICS,0.7960127592086792,1,intra_paper
24332,24333,FIG_00024333,FIG_00024334,2605.16115v1,2605.16115v1,ROBOTICS,ROBOTICS,0.8760533332824707,1,intra_paper
24372,24383,FIG_00024373,FIG_00024384,2605.15999v1,2605.15999v1,ROBOTICS,ROBOTICS,0.7768712043762207,1,intra_paper
24375,24382,FIG_00024376,FIG_00024383,2605.15999v1,2605.15999v1,ROBOTICS,ROBOTICS,0.7927347421646118,1,intra_paper
24376,24377,FIG_00024377,FIG_00024378,2605.15999v1,2605.15999v1,ROBOTICS,ROBOTICS,0.8015803098678589,1,intra_paper
24379,24380,FIG_00024380,FIG_00024381,2605.15999v1,2605.15999v1,ROBOTICS,ROBOTICS,0.7579320669174194,1,intra_paper
24428,24433,FIG_00024429,FIG_00024434,2605.15944v2,2605.15944v2,ROBOTICS,ROBOTICS,0.7633756399154663,1,intra_paper
24435,24437,FIG_00024436,FIG_00024438,2605.15935v1,2605.15935v1,ROBOTICS,ROBOTICS,0.752338171005249,1,intra_paper
24454,24458,FIG_00024455,FIG_00024459,2605.15845v1,2605.15845v1,ROBOTICS,ROBOTICS,0.8986160159111023,2,intra_paper
24459,24461,FIG_00024460,FIG_00024462,2605.15845v1,2605.15845v1,ROBOTICS,ROBOTICS,0.8814412355422974,1,intra_paper
24462,24463,FIG_00024463,FIG_00024464,2605.15836v1,2605.15836v1,ROBOTICS,ROBOTICS,0.774574875831604,1,intra_paper
24475,24477,FIG_00024476,FIG_00024478,2605.15782v1,2605.15782v1,ROBOTICS,ROBOTICS,0.7808597683906555,1,intra_paper
24501,24513,FIG_00024502,FIG_00024514,2605.15765v1,2605.15765v1,ROBOTICS,ROBOTICS,0.8993072509765625,2,intra_paper
24501,24504,FIG_00024502,FIG_00024505,2605.15765v1,2605.15765v1,ROBOTICS,ROBOTICS,0.8859163522720337,3,intra_paper
24501,24503,FIG_00024502,FIG_00024504,2605.15765v1,2605.15765v1,ROBOTICS,ROBOTICS,0.8609659671783447,4,intra_paper
24501,24502,FIG_00024502,FIG_00024503,2605.15765v1,2605.15765v1,ROBOTICS,ROBOTICS,0.8420565128326416,5,intra_paper
24502,24513,FIG_00024503,FIG_00024514,2605.15765v1,2605.15765v1,ROBOTICS,ROBOTICS,0.8927631378173828,3,intra_paper
24503,24504,FIG_00024504,FIG_00024505,2605.15765v1,2605.15765v1,ROBOTICS,ROBOTICS,0.8844486474990845,2,intra_paper
24504,24505,FIG_00024505,FIG_00024506,2605.15765v1,2605.15765v1,ROBOTICS,ROBOTICS,0.8090410828590393,8,intra_paper
24505,24513,FIG_00024506,FIG_00024514,2605.15765v1,2605.15765v1,ROBOTICS,ROBOTICS,0.8697956800460815,1,intra_paper
24508,24512,FIG_00024509,FIG_00024513,2605.15765v1,2605.15765v1,ROBOTICS,ROBOTICS,0.8844336867332458,6,intra_paper
24539,24541,FIG_00024540,FIG_00024542,2605.15705v1,2605.15705v1,ROBOTICS,ROBOTICS,0.7721771597862244,1,intra_paper
24552,24554,FIG_00024553,FIG_00024555,2605.15650v1,2605.15650v1,ROBOTICS,ROBOTICS,0.7670348882675171,1,intra_paper
24575,24577,FIG_00024576,FIG_00024578,2605.15597v1,2605.15597v1,ROBOTICS,ROBOTICS,0.7872617244720459,1,intra_paper
24581,24583,FIG_00024582,FIG_00024584,2605.15597v1,2605.15597v1,ROBOTICS,ROBOTICS,0.8688879013061523,1,intra_paper
24589,24605,FIG_00024590,FIG_00024606,2605.15559v1,2605.15559v1,ROBOTICS,ROBOTICS,0.754473090171814,1,intra_paper
24696,24697,FIG_00024697,FIG_00024698,2605.16432v1,2605.16432v1,ROBOTICS,ROBOTICS,0.8205038905143738,1,intra_paper
24711,24712,FIG_00024712,FIG_00024713,2605.15336v2,2605.15336v2,ROBOTICS,ROBOTICS,0.8699442148208618,1,intra_paper
24742,24743,FIG_00024743,FIG_00024744,2605.15157v2,2605.15157v2,ROBOTICS,ROBOTICS,0.8923532962799072,1,intra_paper
24879,24885,FIG_00024880,FIG_00024886,2605.14571v1,2605.14571v1,ROBOTICS,ROBOTICS,0.8071973919868469,1,intra_paper
24910,24911,FIG_00024911,FIG_00024912,2605.14417v2,2605.14417v2,ROBOTICS,ROBOTICS,0.7933847904205322,1,intra_paper
24910,24913,FIG_00024911,FIG_00024914,2605.14417v2,2605.14417v2,ROBOTICS,ROBOTICS,0.7922378778457642,2,intra_paper
24931,24935,FIG_00024932,FIG_00024936,2605.14396v1,2605.14396v1,ROBOTICS,ROBOTICS,0.8296602964401245,1,intra_paper
24938,24939,FIG_00024939,FIG_00024940,2605.14262v1,2605.14262v1,ROBOTICS,ROBOTICS,0.8762860298156738,1,intra_paper
24952,24953,FIG_00024953,FIG_00024954,2605.14201v2,2605.14201v2,ROBOTICS,ROBOTICS,0.8945860862731934,1,intra_paper
24955,24957,FIG_00024956,FIG_00024958,2605.14201v2,2605.14201v2,ROBOTICS,ROBOTICS,0.8611697554588318,1,intra_paper
24961,24963,FIG_00024962,FIG_00024964,2605.14199v1,2605.14199v1,ROBOTICS,ROBOTICS,0.8930699825286865,2,intra_paper
24999,25000,FIG_00025000,FIG_00025001,2605.13822v1,2605.13822v1,ROBOTICS,ROBOTICS,0.8773579597473145,1,intra_paper
25014,25015,FIG_00025015,FIG_00025016,2605.13782v1,2605.13782v1,ROBOTICS,ROBOTICS,0.8254513144493103,3,intra_paper
25026,25027,FIG_00025027,FIG_00025028,2605.13775v1,2605.13775v1,ROBOTICS,ROBOTICS,0.7537647485733032,1,intra_paper
25034,25038,FIG_00025035,FIG_00025039,2605.13775v1,2605.13775v1,ROBOTICS,ROBOTICS,0.8292531371116638,1,intra_paper
25034,25037,FIG_00025035,FIG_00025038,2605.13775v1,2605.13775v1,ROBOTICS,ROBOTICS,0.7642040252685547,2,intra_paper
25036,25037,FIG_00025037,FIG_00025038,2605.13775v1,2605.13775v1,ROBOTICS,ROBOTICS,0.7795836925506592,1,intra_paper
25037,25038,FIG_00025038,FIG_00025039,2605.13775v1,2605.13775v1,ROBOTICS,ROBOTICS,0.7765623927116394,1,intra_paper
25046,25047,FIG_00025047,FIG_00025048,2605.13751v1,2605.13751v1,ROBOTICS,ROBOTICS,0.8687757849693298,1,intra_paper
25057,25058,FIG_00025058,FIG_00025059,2605.13748v1,2605.13748v1,ROBOTICS,ROBOTICS,0.773517370223999,1,intra_paper
25081,25085,FIG_00025082,FIG_00025086,2605.13925v2,2605.13925v2,ROBOTICS,ROBOTICS,0.8605261445045471,3,intra_paper
25083,25084,FIG_00025084,FIG_00025085,2605.13925v2,2605.13925v2,ROBOTICS,ROBOTICS,0.7858664989471436,6,intra_paper
25107,25108,FIG_00025108,FIG_00025109,2605.13632v1,2605.13632v1,ROBOTICS,ROBOTICS,0.7623581886291504,1,intra_paper
25133,25134,FIG_00025134,FIG_00025135,2605.13548v2,2605.13548v2,ROBOTICS,ROBOTICS,0.862962007522583,1,intra_paper
25145,25146,FIG_00025146,FIG_00025147,2605.13539v1,2605.13539v1,ROBOTICS,ROBOTICS,0.8641635179519653,1,intra_paper
25149,25152,FIG_00025150,FIG_00025153,2605.13539v1,2605.13539v1,ROBOTICS,ROBOTICS,0.874914288520813,11,intra_paper
25183,25185,FIG_00025184,FIG_00025186,2605.13428v1,2605.13428v1,ROBOTICS,ROBOTICS,0.8972998857498169,1,intra_paper
25183,25184,FIG_00025184,FIG_00025185,2605.13428v1,2605.13428v1,ROBOTICS,ROBOTICS,0.8953796029090881,2,intra_paper
25186,25191,FIG_00025187,FIG_00025192,2605.13428v1,2605.13428v1,ROBOTICS,ROBOTICS,0.7575241327285767,2,intra_paper
25191,25192,FIG_00025192,FIG_00025193,2605.13428v1,2605.13428v1,ROBOTICS,ROBOTICS,0.7500337362289429,1,intra_paper
25209,25239,FIG_00025210,FIG_00025240,2605.13401v1,2605.13401v1,ROBOTICS,ROBOTICS,0.8715909719467163,2,intra_paper
25209,25237,FIG_00025210,FIG_00025238,2605.13401v1,2605.13401v1,ROBOTICS,ROBOTICS,0.8565124869346619,3,intra_paper
25210,25237,FIG_00025211,FIG_00025238,2605.13401v1,2605.13401v1,ROBOTICS,ROBOTICS,0.8599535226821899,7,intra_paper
25214,25219,FIG_00025215,FIG_00025220,2605.13401v1,2605.13401v1,ROBOTICS,ROBOTICS,0.8387874364852905,6,intra_paper
25215,25217,FIG_00025216,FIG_00025218,2605.13401v1,2605.13401v1,ROBOTICS,ROBOTICS,0.89117431640625,4,intra_paper
25215,25222,FIG_00025216,FIG_00025223,2605.13401v1,2605.13401v1,ROBOTICS,ROBOTICS,0.8754554986953735,5,intra_paper
25215,25220,FIG_00025216,FIG_00025221,2605.13401v1,2605.13401v1,ROBOTICS,ROBOTICS,0.8663285970687866,6,intra_paper
25215,25219,FIG_00025216,FIG_00025220,2605.13401v1,2605.13401v1,ROBOTICS,ROBOTICS,0.8581978678703308,7,intra_paper
25215,25223,FIG_00025216,FIG_00025224,2605.13401v1,2605.13401v1,ROBOTICS,ROBOTICS,0.8308961391448975,8,intra_paper
25216,25217,FIG_00025217,FIG_00025218,2605.13401v1,2605.13401v1,ROBOTICS,ROBOTICS,0.8931521773338318,4,intra_paper
25216,25218,FIG_00025217,FIG_00025219,2605.13401v1,2605.13401v1,ROBOTICS,ROBOTICS,0.8741572499275208,5,intra_paper
25216,25222,FIG_00025217,FIG_00025223,2605.13401v1,2605.13401v1,ROBOTICS,ROBOTICS,0.8603233098983765,6,intra_paper
25217,25218,FIG_00025218,FIG_00025219,2605.13401v1,2605.13401v1,ROBOTICS,ROBOTICS,0.8998045921325684,4,intra_paper
25217,25219,FIG_00025218,FIG_00025220,2605.13401v1,2605.13401v1,ROBOTICS,ROBOTICS,0.8823919892311096,5,intra_paper
25217,25221,FIG_00025218,FIG_00025222,2605.13401v1,2605.13401v1,ROBOTICS,ROBOTICS,0.8786858320236206,6,intra_paper
25218,25222,FIG_00025219,FIG_00025223,2605.13401v1,2605.13401v1,ROBOTICS,ROBOTICS,0.893814742565155,2,intra_paper
25218,25220,FIG_00025219,FIG_00025221,2605.13401v1,2605.13401v1,ROBOTICS,ROBOTICS,0.8908593058586121,3,intra_paper
25218,25223,FIG_00025219,FIG_00025224,2605.13401v1,2605.13401v1,ROBOTICS,ROBOTICS,0.8801852464675903,4,intra_paper
25218,25219,FIG_00025219,FIG_00025220,2605.13401v1,2605.13401v1,ROBOTICS,ROBOTICS,0.8143934011459351,5,intra_paper
25219,25220,FIG_00025220,FIG_00025221,2605.13401v1,2605.13401v1,ROBOTICS,ROBOTICS,0.8842408657073975,1,intra_paper
25219,25221,FIG_00025220,FIG_00025222,2605.13401v1,2605.13401v1,ROBOTICS,ROBOTICS,0.8820729851722717,2,intra_paper
25219,25222,FIG_00025220,FIG_00025223,2605.13401v1,2605.13401v1,ROBOTICS,ROBOTICS,0.8589507341384888,9,intra_paper
25220,25221,FIG_00025221,FIG_00025222,2605.13401v1,2605.13401v1,ROBOTICS,ROBOTICS,0.8893262147903442,2,intra_paper
25220,25223,FIG_00025221,FIG_00025224,2605.13401v1,2605.13401v1,ROBOTICS,ROBOTICS,0.8858984708786011,3,intra_paper
25220,25231,FIG_00025221,FIG_00025232,2605.13401v1,2605.13401v1,ROBOTICS,ROBOTICS,0.7510141730308533,4,intra_paper
25221,25222,FIG_00025222,FIG_00025223,2605.13401v1,2605.13401v1,ROBOTICS,ROBOTICS,0.8540799617767334,1,intra_paper
25221,25223,FIG_00025222,FIG_00025224,2605.13401v1,2605.13401v1,ROBOTICS,ROBOTICS,0.8222854137420654,2,intra_paper
25224,25237,FIG_00025225,FIG_00025238,2605.13401v1,2605.13401v1,ROBOTICS,ROBOTICS,0.8983198404312134,3,intra_paper
25224,25227,FIG_00025225,FIG_00025228,2605.13401v1,2605.13401v1,ROBOTICS,ROBOTICS,0.8906233906745911,4,intra_paper
25224,25233,FIG_00025225,FIG_00025234,2605.13401v1,2605.13401v1,ROBOTICS,ROBOTICS,0.8798243999481201,5,intra_paper
25224,25236,FIG_00025225,FIG_00025237,2605.13401v1,2605.13401v1,ROBOTICS,ROBOTICS,0.8663109540939331,7,intra_paper
25224,25235,FIG_00025225,FIG_00025236,2605.13401v1,2605.13401v1,ROBOTICS,ROBOTICS,0.8661258220672607,8,intra_paper
25224,25239,FIG_00025225,FIG_00025240,2605.13401v1,2605.13401v1,ROBOTICS,ROBOTICS,0.8635807633399963,9,intra_paper
25227,25237,FIG_00025228,FIG_00025238,2605.13401v1,2605.13401v1,ROBOTICS,ROBOTICS,0.8944332599639893,4,intra_paper
25230,25237,FIG_00025231,FIG_00025238,2605.13401v1,2605.13401v1,ROBOTICS,ROBOTICS,0.8956454396247864,5,intra_paper
25230,25231,FIG_00025231,FIG_00025232,2605.13401v1,2605.13401v1,ROBOTICS,ROBOTICS,0.895241916179657,6,intra_paper
25231,25239,FIG_00025232,FIG_00025240,2605.13401v1,2605.13401v1,ROBOTICS,ROBOTICS,0.8889623284339905,3,intra_paper
25242,25243,FIG_00025243,FIG_00025244,2605.13382v1,2605.13382v1,ROBOTICS,ROBOTICS,0.8732188940048218,1,intra_paper
25251,25253,FIG_00025252,FIG_00025254,2605.13380v1,2605.13380v1,ROBOTICS,ROBOTICS,0.836626410484314,1,intra_paper
25267,25268,FIG_00025268,FIG_00025269,2605.13321v1,2605.13321v1,ROBOTICS,ROBOTICS,0.8118374347686768,1,intra_paper
25281,25283,FIG_00025282,FIG_00025284,2605.13266v1,2605.13266v1,ROBOTICS,ROBOTICS,0.880476713180542,2,intra_paper
25282,25283,FIG_00025283,FIG_00025284,2605.13266v1,2605.13266v1,ROBOTICS,ROBOTICS,0.8704228401184082,1,intra_paper
25287,25288,FIG_00025288,FIG_00025289,2605.13208v1,2605.13208v1,ROBOTICS,ROBOTICS,0.8492119312286377,1,intra_paper
25304,25306,FIG_00025305,FIG_00025307,2605.13192v1,2605.13192v1,ROBOTICS,ROBOTICS,0.8646045923233032,1,intra_paper
25316,25322,FIG_00025317,FIG_00025323,2605.13152v1,2605.13152v1,ROBOTICS,ROBOTICS,0.7670676112174988,1,intra_paper
25317,25323,FIG_00025318,FIG_00025324,2605.13152v1,2605.13152v1,ROBOTICS,ROBOTICS,0.7961909770965576,1,intra_paper
25318,25325,FIG_00025319,FIG_00025326,2605.13152v1,2605.13152v1,ROBOTICS,ROBOTICS,0.8180739879608154,1,intra_paper
25336,25337,FIG_00025337,FIG_00025338,2605.13125v1,2605.13125v1,ROBOTICS,ROBOTICS,0.8817012310028076,1,intra_paper
25367,25369,FIG_00025368,FIG_00025370,2605.13094v1,2605.13094v1,ROBOTICS,ROBOTICS,0.8639799356460571,1,intra_paper
25370,25371,FIG_00025371,FIG_00025372,2605.13094v1,2605.13094v1,ROBOTICS,ROBOTICS,0.7793693542480469,1,intra_paper
25372,25378,FIG_00025373,FIG_00025379,2605.13086v1,2605.13086v1,ROBOTICS,ROBOTICS,0.7957944869995117,1,intra_paper
25372,25380,FIG_00025373,FIG_00025381,2605.13086v1,2605.13086v1,ROBOTICS,ROBOTICS,0.7538840770721436,2,intra_paper
25394,25396,FIG_00025395,FIG_00025397,2605.13083v1,2605.13083v1,ROBOTICS,ROBOTICS,0.8523690700531006,1,intra_paper
25394,25397,FIG_00025395,FIG_00025398,2605.13083v1,2605.13083v1,ROBOTICS,ROBOTICS,0.8404396772384644,2,intra_paper
25394,25395,FIG_00025395,FIG_00025396,2605.13083v1,2605.13083v1,ROBOTICS,ROBOTICS,0.8176558017730713,3,intra_paper
25395,25396,FIG_00025396,FIG_00025397,2605.13083v1,2605.13083v1,ROBOTICS,ROBOTICS,0.7905367612838745,1,intra_paper
25395,25397,FIG_00025396,FIG_00025398,2605.13083v1,2605.13083v1,ROBOTICS,ROBOTICS,0.7606794238090515,2,intra_paper
25396,25397,FIG_00025397,FIG_00025398,2605.13083v1,2605.13083v1,ROBOTICS,ROBOTICS,0.8034049272537231,1,intra_paper
25479,25480,FIG_00025480,FIG_00025481,2605.12786v1,2605.12786v1,ROBOTICS,ROBOTICS,0.855907678604126,1,intra_paper
25493,25497,FIG_00025494,FIG_00025498,2605.12771v1,2605.12771v1,ROBOTICS,ROBOTICS,0.8808133006095886,2,intra_paper
25494,25500,FIG_00025495,FIG_00025501,2605.12771v1,2605.12771v1,ROBOTICS,ROBOTICS,0.8877110481262207,3,intra_paper
25494,25498,FIG_00025495,FIG_00025499,2605.12771v1,2605.12771v1,ROBOTICS,ROBOTICS,0.8632650971412659,5,intra_paper
25518,25519,FIG_00025519,FIG_00025520,2605.12735v1,2605.12735v1,ROBOTICS,ROBOTICS,0.8741700649261475,1,intra_paper
25518,25520,FIG_00025519,FIG_00025521,2605.12735v1,2605.12735v1,ROBOTICS,ROBOTICS,0.8723652362823486,2,intra_paper
25531,25532,FIG_00025532,FIG_00025533,2605.12710v1,2605.12710v1,ROBOTICS,ROBOTICS,0.8841814398765564,1,intra_paper
25549,25557,FIG_00025550,FIG_00025558,2605.12674v1,2605.12674v1,ROBOTICS,ROBOTICS,0.8651971817016602,1,intra_paper
25562,25570,FIG_00025563,FIG_00025571,2605.12654v1,2605.12654v1,ROBOTICS,ROBOTICS,0.8930326700210571,1,intra_paper
25562,25567,FIG_00025563,FIG_00025568,2605.12654v1,2605.12654v1,ROBOTICS,ROBOTICS,0.855005145072937,2,intra_paper
25562,25568,FIG_00025563,FIG_00025569,2605.12654v1,2605.12654v1,ROBOTICS,ROBOTICS,0.8512586355209351,3,intra_paper
25562,25566,FIG_00025563,FIG_00025567,2605.12654v1,2605.12654v1,ROBOTICS,ROBOTICS,0.8017808198928833,6,intra_paper
25562,25563,FIG_00025563,FIG_00025564,2605.12654v1,2605.12654v1,ROBOTICS,ROBOTICS,0.7908413410186768,9,intra_paper
25563,25566,FIG_00025564,FIG_00025567,2605.12654v1,2605.12654v1,ROBOTICS,ROBOTICS,0.8653749227523804,3,intra_paper
25566,25570,FIG_00025567,FIG_00025571,2605.12654v1,2605.12654v1,ROBOTICS,ROBOTICS,0.8497402667999268,4,intra_paper
25567,25568,FIG_00025568,FIG_00025569,2605.12654v1,2605.12654v1,ROBOTICS,ROBOTICS,0.881850004196167,1,intra_paper
25567,25570,FIG_00025568,FIG_00025571,2605.12654v1,2605.12654v1,ROBOTICS,ROBOTICS,0.8375179767608643,2,intra_paper
25568,25570,FIG_00025569,FIG_00025571,2605.12654v1,2605.12654v1,ROBOTICS,ROBOTICS,0.8285478949546814,1,intra_paper
25585,25586,FIG_00025586,FIG_00025587,2605.12628v1,2605.12628v1,ROBOTICS,ROBOTICS,0.879906952381134,1,intra_paper
25589,25592,FIG_00025590,FIG_00025593,2605.12628v1,2605.12628v1,ROBOTICS,ROBOTICS,0.8072007298469543,1,intra_paper
25600,25609,FIG_00025601,FIG_00025610,2605.12628v1,2605.12628v1,ROBOTICS,ROBOTICS,0.8994624614715576,3,intra_paper
25600,25610,FIG_00025601,FIG_00025611,2605.12628v1,2605.12628v1,ROBOTICS,ROBOTICS,0.8955506086349487,4,intra_paper
25600,25605,FIG_00025601,FIG_00025606,2605.12628v1,2605.12628v1,ROBOTICS,ROBOTICS,0.8750268220901489,5,intra_paper
25600,25602,FIG_00025601,FIG_00025603,2605.12628v1,2605.12628v1,ROBOTICS,ROBOTICS,0.8718476295471191,6,intra_paper
25600,25608,FIG_00025601,FIG_00025609,2605.12628v1,2605.12628v1,ROBOTICS,ROBOTICS,0.8684514760971069,7,intra_paper
25600,25607,FIG_00025601,FIG_00025608,2605.12628v1,2605.12628v1,ROBOTICS,ROBOTICS,0.8576745986938477,8,intra_paper
25600,25611,FIG_00025601,FIG_00025612,2605.12628v1,2605.12628v1,ROBOTICS,ROBOTICS,0.8418675661087036,9,intra_paper
25600,25612,FIG_00025601,FIG_00025613,2605.12628v1,2605.12628v1,ROBOTICS,ROBOTICS,0.8285746574401855,10,intra_paper
25600,25603,FIG_00025601,FIG_00025604,2605.12628v1,2605.12628v1,ROBOTICS,ROBOTICS,0.8033183813095093,11,intra_paper
25600,25606,FIG_00025601,FIG_00025607,2605.12628v1,2605.12628v1,ROBOTICS,ROBOTICS,0.79988694190979,12,intra_paper
25600,25614,FIG_00025601,FIG_00025615,2605.12628v1,2605.12628v1,ROBOTICS,ROBOTICS,0.7976205348968506,13,intra_paper
25600,25613,FIG_00025601,FIG_00025614,2605.12628v1,2605.12628v1,ROBOTICS,ROBOTICS,0.7596219778060913,14,intra_paper
25601,25609,FIG_00025602,FIG_00025610,2605.12628v1,2605.12628v1,ROBOTICS,ROBOTICS,0.8927304744720459,1,intra_paper
25601,25610,FIG_00025602,FIG_00025611,2605.12628v1,2605.12628v1,ROBOTICS,ROBOTICS,0.8854503035545349,2,intra_paper
25601,25608,FIG_00025602,FIG_00025609,2605.12628v1,2605.12628v1,ROBOTICS,ROBOTICS,0.879521906375885,3,intra_paper
25601,25604,FIG_00025602,FIG_00025605,2605.12628v1,2605.12628v1,ROBOTICS,ROBOTICS,0.8589267730712891,4,intra_paper
25601,25611,FIG_00025602,FIG_00025612,2605.12628v1,2605.12628v1,ROBOTICS,ROBOTICS,0.8508034348487854,5,intra_paper
25601,25605,FIG_00025602,FIG_00025606,2605.12628v1,2605.12628v1,ROBOTICS,ROBOTICS,0.8447355031967163,6,intra_paper
25601,25602,FIG_00025602,FIG_00025603,2605.12628v1,2605.12628v1,ROBOTICS,ROBOTICS,0.8345553874969482,7,intra_paper
25601,25607,FIG_00025602,FIG_00025608,2605.12628v1,2605.12628v1,ROBOTICS,ROBOTICS,0.8186730146408081,8,intra_paper
25601,25614,FIG_00025602,FIG_00025615,2605.12628v1,2605.12628v1,ROBOTICS,ROBOTICS,0.8146628737449646,9,intra_paper
25601,25603,FIG_00025602,FIG_00025604,2605.12628v1,2605.12628v1,ROBOTICS,ROBOTICS,0.8124324679374695,10,intra_paper
25601,25612,FIG_00025602,FIG_00025613,2605.12628v1,2605.12628v1,ROBOTICS,ROBOTICS,0.7909660935401917,11,intra_paper
25601,25613,FIG_00025602,FIG_00025614,2605.12628v1,2605.12628v1,ROBOTICS,ROBOTICS,0.7647931575775146,12,intra_paper
25602,25607,FIG_00025603,FIG_00025608,2605.12628v1,2605.12628v1,ROBOTICS,ROBOTICS,0.896459698677063,2,intra_paper
25602,25610,FIG_00025603,FIG_00025611,2605.12628v1,2605.12628v1,ROBOTICS,ROBOTICS,0.8885093331336975,3,intra_paper
25602,25609,FIG_00025603,FIG_00025610,2605.12628v1,2605.12628v1,ROBOTICS,ROBOTICS,0.883422315120697,4,intra_paper
25602,25605,FIG_00025603,FIG_00025606,2605.12628v1,2605.12628v1,ROBOTICS,ROBOTICS,0.8588127493858337,5,intra_paper
25602,25611,FIG_00025603,FIG_00025612,2605.12628v1,2605.12628v1,ROBOTICS,ROBOTICS,0.8481873869895935,6,intra_paper
25602,25612,FIG_00025603,FIG_00025613,2605.12628v1,2605.12628v1,ROBOTICS,ROBOTICS,0.8410825133323669,7,intra_paper
25602,25608,FIG_00025603,FIG_00025609,2605.12628v1,2605.12628v1,ROBOTICS,ROBOTICS,0.8360401391983032,8,intra_paper
25602,25614,FIG_00025603,FIG_00025615,2605.12628v1,2605.12628v1,ROBOTICS,ROBOTICS,0.8113489747047424,9,intra_paper
25602,25606,FIG_00025603,FIG_00025607,2605.12628v1,2605.12628v1,ROBOTICS,ROBOTICS,0.8000704050064087,10,intra_paper
25602,25613,FIG_00025603,FIG_00025614,2605.12628v1,2605.12628v1,ROBOTICS,ROBOTICS,0.7639246582984924,11,intra_paper
25602,25603,FIG_00025603,FIG_00025604,2605.12628v1,2605.12628v1,ROBOTICS,ROBOTICS,0.7599216103553772,12,intra_paper
25603,25614,FIG_00025604,FIG_00025615,2605.12628v1,2605.12628v1,ROBOTICS,ROBOTICS,0.8705403208732605,1,intra_paper
25603,25615,FIG_00025604,FIG_00025616,2605.12628v1,2605.12628v1,ROBOTICS,ROBOTICS,0.8497962355613708,2,intra_paper
25603,25609,FIG_00025604,FIG_00025610,2605.12628v1,2605.12628v1,ROBOTICS,ROBOTICS,0.8489831686019897,3,intra_paper
25603,25605,FIG_00025604,FIG_00025606,2605.12628v1,2605.12628v1,ROBOTICS,ROBOTICS,0.834384560585022,4,intra_paper
25603,25608,FIG_00025604,FIG_00025609,2605.12628v1,2605.12628v1,ROBOTICS,ROBOTICS,0.8291398286819458,5,intra_paper
25603,25613,FIG_00025604,FIG_00025614,2605.12628v1,2605.12628v1,ROBOTICS,ROBOTICS,0.8249672055244446,6,intra_paper
25603,25610,FIG_00025604,FIG_00025611,2605.12628v1,2605.12628v1,ROBOTICS,ROBOTICS,0.8216761350631714,7,intra_paper
25603,25616,FIG_00025604,FIG_00025617,2605.12628v1,2605.12628v1,ROBOTICS,ROBOTICS,0.8194994926452637,8,intra_paper
25603,25612,FIG_00025604,FIG_00025613,2605.12628v1,2605.12628v1,ROBOTICS,ROBOTICS,0.8123791813850403,9,intra_paper
25603,25611,FIG_00025604,FIG_00025612,2605.12628v1,2605.12628v1,ROBOTICS,ROBOTICS,0.8115167617797852,10,intra_paper
25603,25607,FIG_00025604,FIG_00025608,2605.12628v1,2605.12628v1,ROBOTICS,ROBOTICS,0.8048334717750549,11,intra_paper
25604,25610,FIG_00025605,FIG_00025611,2605.12628v1,2605.12628v1,ROBOTICS,ROBOTICS,0.8768799901008606,1,intra_paper
25604,25609,FIG_00025605,FIG_00025610,2605.12628v1,2605.12628v1,ROBOTICS,ROBOTICS,0.8697424530982971,2,intra_paper
25604,25607,FIG_00025605,FIG_00025608,2605.12628v1,2605.12628v1,ROBOTICS,ROBOTICS,0.8594783544540405,3,intra_paper
25604,25605,FIG_00025605,FIG_00025606,2605.12628v1,2605.12628v1,ROBOTICS,ROBOTICS,0.8376764059066772,4,intra_paper
25604,25608,FIG_00025605,FIG_00025609,2605.12628v1,2605.12628v1,ROBOTICS,ROBOTICS,0.83507239818573,5,intra_paper
25604,25611,FIG_00025605,FIG_00025612,2605.12628v1,2605.12628v1,ROBOTICS,ROBOTICS,0.8291231393814087,6,intra_paper
25604,25612,FIG_00025605,FIG_00025613,2605.12628v1,2605.12628v1,ROBOTICS,ROBOTICS,0.8182241916656494,7,intra_paper
25604,25606,FIG_00025605,FIG_00025607,2605.12628v1,2605.12628v1,ROBOTICS,ROBOTICS,0.7954447269439697,8,intra_paper
25604,25614,FIG_00025605,FIG_00025615,2605.12628v1,2605.12628v1,ROBOTICS,ROBOTICS,0.7768542766571045,9,intra_paper
25605,25610,FIG_00025606,FIG_00025611,2605.12628v1,2605.12628v1,ROBOTICS,ROBOTICS,0.8756570816040039,1,intra_paper
25605,25609,FIG_00025606,FIG_00025610,2605.12628v1,2605.12628v1,ROBOTICS,ROBOTICS,0.8711288571357727,2,intra_paper
25605,25608,FIG_00025606,FIG_00025609,2605.12628v1,2605.12628v1,ROBOTICS,ROBOTICS,0.8610109686851501,3,intra_paper
25605,25611,FIG_00025606,FIG_00025612,2605.12628v1,2605.12628v1,ROBOTICS,ROBOTICS,0.8569490909576416,4,intra_paper
25605,25614,FIG_00025606,FIG_00025615,2605.12628v1,2605.12628v1,ROBOTICS,ROBOTICS,0.8500332832336426,5,intra_paper
25605,25607,FIG_00025606,FIG_00025608,2605.12628v1,2605.12628v1,ROBOTICS,ROBOTICS,0.849732518196106,6,intra_paper
25605,25612,FIG_00025606,FIG_00025613,2605.12628v1,2605.12628v1,ROBOTICS,ROBOTICS,0.8323819637298584,7,intra_paper
25605,25615,FIG_00025606,FIG_00025616,2605.12628v1,2605.12628v1,ROBOTICS,ROBOTICS,0.8183505535125732,8,intra_paper
25605,25613,FIG_00025606,FIG_00025614,2605.12628v1,2605.12628v1,ROBOTICS,ROBOTICS,0.7921484708786011,9,intra_paper
25605,25606,FIG_00025606,FIG_00025607,2605.12628v1,2605.12628v1,ROBOTICS,ROBOTICS,0.7686692476272583,10,intra_paper
25606,25607,FIG_00025607,FIG_00025608,2605.12628v1,2605.12628v1,ROBOTICS,ROBOTICS,0.8823473453521729,1,intra_paper
25606,25612,FIG_00025607,FIG_00025613,2605.12628v1,2605.12628v1,ROBOTICS,ROBOTICS,0.8502792119979858,2,intra_paper
25606,25613,FIG_00025607,FIG_00025614,2605.12628v1,2605.12628v1,ROBOTICS,ROBOTICS,0.8248323202133179,3,intra_paper
25606,25610,FIG_00025607,FIG_00025611,2605.12628v1,2605.12628v1,ROBOTICS,ROBOTICS,0.8143481016159058,4,intra_paper
25606,25611,FIG_00025607,FIG_00025612,2605.12628v1,2605.12628v1,ROBOTICS,ROBOTICS,0.812761664390564,5,intra_paper
25606,25609,FIG_00025607,FIG_00025610,2605.12628v1,2605.12628v1,ROBOTICS,ROBOTICS,0.7946062088012695,6,intra_paper
25606,25614,FIG_00025607,FIG_00025615,2605.12628v1,2605.12628v1,ROBOTICS,ROBOTICS,0.7674261331558228,7,intra_paper
25606,25608,FIG_00025607,FIG_00025609,2605.12628v1,2605.12628v1,ROBOTICS,ROBOTICS,0.7586207985877991,8,intra_paper
25607,25610,FIG_00025608,FIG_00025611,2605.12628v1,2605.12628v1,ROBOTICS,ROBOTICS,0.880818247795105,1,intra_paper
25607,25612,FIG_00025608,FIG_00025613,2605.12628v1,2605.12628v1,ROBOTICS,ROBOTICS,0.8763586282730103,2,intra_paper
25607,25609,FIG_00025608,FIG_00025610,2605.12628v1,2605.12628v1,ROBOTICS,ROBOTICS,0.8754398226737976,3,intra_paper
25607,25611,FIG_00025608,FIG_00025612,2605.12628v1,2605.12628v1,ROBOTICS,ROBOTICS,0.8750790953636169,4,intra_paper
25607,25614,FIG_00025608,FIG_00025615,2605.12628v1,2605.12628v1,ROBOTICS,ROBOTICS,0.8675286769866943,5,intra_paper
25607,25608,FIG_00025608,FIG_00025609,2605.12628v1,2605.12628v1,ROBOTICS,ROBOTICS,0.8473601937294006,6,intra_paper
25607,25613,FIG_00025608,FIG_00025614,2605.12628v1,2605.12628v1,ROBOTICS,ROBOTICS,0.8412322402000427,7,intra_paper
25607,25615,FIG_00025608,FIG_00025616,2605.12628v1,2605.12628v1,ROBOTICS,ROBOTICS,0.7544583082199097,8,intra_paper
25608,25610,FIG_00025609,FIG_00025611,2605.12628v1,2605.12628v1,ROBOTICS,ROBOTICS,0.8733745217323303,2,intra_paper
25608,25614,FIG_00025609,FIG_00025615,2605.12628v1,2605.12628v1,ROBOTICS,ROBOTICS,0.8463508486747742,3,intra_paper
25608,25611,FIG_00025609,FIG_00025612,2605.12628v1,2605.12628v1,ROBOTICS,ROBOTICS,0.8248809576034546,4,intra_paper
25608,25615,FIG_00025609,FIG_00025616,2605.12628v1,2605.12628v1,ROBOTICS,ROBOTICS,0.8219188451766968,5,intra_paper
25608,25612,FIG_00025609,FIG_00025613,2605.12628v1,2605.12628v1,ROBOTICS,ROBOTICS,0.7944625020027161,6,intra_paper
25608,25613,FIG_00025609,FIG_00025614,2605.12628v1,2605.12628v1,ROBOTICS,ROBOTICS,0.7655336856842041,7,intra_paper
25609,25610,FIG_00025610,FIG_00025611,2605.12628v1,2605.12628v1,ROBOTICS,ROBOTICS,0.8978328704833984,1,intra_paper
25609,25614,FIG_00025610,FIG_00025615,2605.12628v1,2605.12628v1,ROBOTICS,ROBOTICS,0.8504706025123596,2,intra_paper
25609,25611,FIG_00025610,FIG_00025612,2605.12628v1,2605.12628v1,ROBOTICS,ROBOTICS,0.8473582863807678,3,intra_paper
25609,25612,FIG_00025610,FIG_00025613,2605.12628v1,2605.12628v1,ROBOTICS,ROBOTICS,0.8342654705047607,4,intra_paper
25609,25613,FIG_00025610,FIG_00025614,2605.12628v1,2605.12628v1,ROBOTICS,ROBOTICS,0.8042229413986206,5,intra_paper
25609,25615,FIG_00025610,FIG_00025616,2605.12628v1,2605.12628v1,ROBOTICS,ROBOTICS,0.7624861598014832,6,intra_paper
25610,25614,FIG_00025611,FIG_00025615,2605.12628v1,2605.12628v1,ROBOTICS,ROBOTICS,0.8915860652923584,3,intra_paper
25610,25613,FIG_00025611,FIG_00025614,2605.12628v1,2605.12628v1,ROBOTICS,ROBOTICS,0.8418525457382202,4,intra_paper
25610,25615,FIG_00025611,FIG_00025616,2605.12628v1,2605.12628v1,ROBOTICS,ROBOTICS,0.7897544503211975,5,intra_paper
25611,25612,FIG_00025612,FIG_00025613,2605.12628v1,2605.12628v1,ROBOTICS,ROBOTICS,0.8992345333099365,1,intra_paper
25611,25614,FIG_00025612,FIG_00025615,2605.12628v1,2605.12628v1,ROBOTICS,ROBOTICS,0.8950122594833374,2,intra_paper
25611,25613,FIG_00025612,FIG_00025614,2605.12628v1,2605.12628v1,ROBOTICS,ROBOTICS,0.8935080766677856,3,intra_paper
25612,25613,FIG_00025613,FIG_00025614,2605.12628v1,2605.12628v1,ROBOTICS,ROBOTICS,0.8938219547271729,1,intra_paper
25612,25614,FIG_00025613,FIG_00025615,2605.12628v1,2605.12628v1,ROBOTICS,ROBOTICS,0.8878843188285828,2,intra_paper
25612,25615,FIG_00025613,FIG_00025616,2605.12628v1,2605.12628v1,ROBOTICS,ROBOTICS,0.7551383972167969,3,intra_paper
25613,25616,FIG_00025614,FIG_00025617,2605.12628v1,2605.12628v1,ROBOTICS,ROBOTICS,0.7669210433959961,2,intra_paper
25614,25615,FIG_00025615,FIG_00025616,2605.12628v1,2605.12628v1,ROBOTICS,ROBOTICS,0.8073849678039551,1,intra_paper
25614,25616,FIG_00025615,FIG_00025617,2605.12628v1,2605.12628v1,ROBOTICS,ROBOTICS,0.7693915367126465,2,intra_paper
25615,25616,FIG_00025616,FIG_00025617,2605.12628v1,2605.12628v1,ROBOTICS,ROBOTICS,0.7839468717575073,1,intra_paper
25626,25628,FIG_00025627,FIG_00025629,2605.12624v2,2605.12624v2,ROBOTICS,ROBOTICS,0.8866694569587708,1,intra_paper
25626,25627,FIG_00025627,FIG_00025628,2605.12624v2,2605.12624v2,ROBOTICS,ROBOTICS,0.8655982613563538,2,intra_paper
25626,25637,FIG_00025627,FIG_00025638,2605.12624v2,2605.12624v2,ROBOTICS,ROBOTICS,0.769231915473938,3,intra_paper
25627,25628,FIG_00025628,FIG_00025629,2605.12624v2,2605.12624v2,ROBOTICS,ROBOTICS,0.8818732500076294,1,intra_paper
25627,25637,FIG_00025628,FIG_00025638,2605.12624v2,2605.12624v2,ROBOTICS,ROBOTICS,0.8171427249908447,2,intra_paper
25628,25637,FIG_00025629,FIG_00025638,2605.12624v2,2605.12624v2,ROBOTICS,ROBOTICS,0.8117808699607849,1,intra_paper
25631,25632,FIG_00025632,FIG_00025633,2605.12624v2,2605.12624v2,ROBOTICS,ROBOTICS,0.7968980073928833,1,intra_paper
25664,25665,FIG_00025665,FIG_00025666,2605.12369v1,2605.12369v1,ROBOTICS,ROBOTICS,0.8297950029373169,1,intra_paper
25665,25667,FIG_00025666,FIG_00025668,2605.12369v1,2605.12369v1,ROBOTICS,ROBOTICS,0.7903624773025513,1,intra_paper
25672,25681,FIG_00025673,FIG_00025682,2605.12369v1,2605.12369v1,ROBOTICS,ROBOTICS,0.884453535079956,1,intra_paper
25672,25673,FIG_00025673,FIG_00025674,2605.12369v1,2605.12369v1,ROBOTICS,ROBOTICS,0.8210105895996094,2,intra_paper
25672,25679,FIG_00025673,FIG_00025680,2605.12369v1,2605.12369v1,ROBOTICS,ROBOTICS,0.7975480556488037,3,intra_paper
25672,25674,FIG_00025673,FIG_00025675,2605.12369v1,2605.12369v1,ROBOTICS,ROBOTICS,0.7583584189414978,4,intra_paper
25673,25681,FIG_00025674,FIG_00025682,2605.12369v1,2605.12369v1,ROBOTICS,ROBOTICS,0.7972825169563293,1,intra_paper
25674,25681,FIG_00025675,FIG_00025682,2605.12369v1,2605.12369v1,ROBOTICS,ROBOTICS,0.7878786325454712,1,intra_paper
25675,25676,FIG_00025676,FIG_00025677,2605.12369v1,2605.12369v1,ROBOTICS,ROBOTICS,0.8765559196472168,1,intra_paper
25675,25682,FIG_00025676,FIG_00025683,2605.12369v1,2605.12369v1,ROBOTICS,ROBOTICS,0.8293875455856323,2,intra_paper
25675,25677,FIG_00025676,FIG_00025678,2605.12369v1,2605.12369v1,ROBOTICS,ROBOTICS,0.7644854784011841,3,intra_paper
25676,25682,FIG_00025677,FIG_00025683,2605.12369v1,2605.12369v1,ROBOTICS,ROBOTICS,0.807062566280365,1,intra_paper
25676,25677,FIG_00025677,FIG_00025678,2605.12369v1,2605.12369v1,ROBOTICS,ROBOTICS,0.7971802949905396,2,intra_paper
25677,25682,FIG_00025678,FIG_00025683,2605.12369v1,2605.12369v1,ROBOTICS,ROBOTICS,0.7550472021102905,1,intra_paper
25679,25681,FIG_00025680,FIG_00025682,2605.12369v1,2605.12369v1,ROBOTICS,ROBOTICS,0.7617125511169434,1,intra_paper
25690,25691,FIG_00025691,FIG_00025692,2605.12247v1,2605.12247v1,ROBOTICS,ROBOTICS,0.811691164970398,1,intra_paper
25740,25741,FIG_00025741,FIG_00025742,2605.12167v1,2605.12167v1,ROBOTICS,ROBOTICS,0.7702120542526245,1,intra_paper
25749,25751,FIG_00025750,FIG_00025752,2605.12167v1,2605.12167v1,ROBOTICS,ROBOTICS,0.7582969665527344,2,intra_paper
25749,25750,FIG_00025750,FIG_00025751,2605.12167v1,2605.12167v1,ROBOTICS,ROBOTICS,0.7532636523246765,3,intra_paper
25750,25751,FIG_00025751,FIG_00025752,2605.12167v1,2605.12167v1,ROBOTICS,ROBOTICS,0.7792080640792847,4,intra_paper
25752,25753,FIG_00025753,FIG_00025754,2605.12167v1,2605.12167v1,ROBOTICS,ROBOTICS,0.8256610035896301,1,intra_paper
25754,25755,FIG_00025755,FIG_00025756,2605.12167v1,2605.12167v1,ROBOTICS,ROBOTICS,0.8766122460365295,1,intra_paper
25754,25756,FIG_00025755,FIG_00025757,2605.12167v1,2605.12167v1,ROBOTICS,ROBOTICS,0.8171033263206482,2,intra_paper
25754,25757,FIG_00025755,FIG_00025758,2605.12167v1,2605.12167v1,ROBOTICS,ROBOTICS,0.7717324495315552,3,intra_paper
25755,25757,FIG_00025756,FIG_00025758,2605.12167v1,2605.12167v1,ROBOTICS,ROBOTICS,0.8145475387573242,2,intra_paper
25756,25757,FIG_00025757,FIG_00025758,2605.12167v1,2605.12167v1,ROBOTICS,ROBOTICS,0.7761610746383667,1,intra_paper
25760,25762,FIG_00025761,FIG_00025763,2605.12162v1,2605.12162v1,ROBOTICS,ROBOTICS,0.8424376249313354,2,intra_paper
25772,25773,FIG_00025773,FIG_00025774,2605.12160v1,2605.12160v1,ROBOTICS,ROBOTICS,0.8208012580871582,3,intra_paper
25776,25782,FIG_00025777,FIG_00025783,2605.16395v1,2605.16395v1,ROBOTICS,ROBOTICS,0.863102912902832,3,intra_paper
25792,25794,FIG_00025793,FIG_00025795,2605.12090v1,2605.12090v1,ROBOTICS,ROBOTICS,0.8462913036346436,1,intra_paper
25792,25795,FIG_00025793,FIG_00025796,2605.12090v1,2605.12090v1,ROBOTICS,ROBOTICS,0.8418037295341492,2,intra_paper
25792,25793,FIG_00025793,FIG_00025794,2605.12090v1,2605.12090v1,ROBOTICS,ROBOTICS,0.825532853603363,3,intra_paper
25830,25832,FIG_00025831,FIG_00025833,2605.11951v1,2605.11951v1,ROBOTICS,ROBOTICS,0.7718943357467651,2,intra_paper
25838,25839,FIG_00025839,FIG_00025840,2605.11859v1,2605.11859v1,ROBOTICS,ROBOTICS,0.861101508140564,2,intra_paper
25838,25840,FIG_00025839,FIG_00025841,2605.11859v1,2605.11859v1,ROBOTICS,ROBOTICS,0.8476717472076416,3,intra_paper
25848,25849,FIG_00025849,FIG_00025850,2605.11832v1,2605.11832v1,ROBOTICS,ROBOTICS,0.7572951316833496,1,intra_paper
25850,25852,FIG_00025851,FIG_00025853,2605.11832v1,2605.11832v1,ROBOTICS,ROBOTICS,0.7838008999824524,1,intra_paper
25874,25876,FIG_00025875,FIG_00025877,2605.11817v2,2605.11817v2,ROBOTICS,ROBOTICS,0.854576587677002,2,intra_paper
25875,25876,FIG_00025876,FIG_00025877,2605.11817v2,2605.11817v2,ROBOTICS,ROBOTICS,0.8016810417175293,5,intra_paper
25898,25899,FIG_00025899,FIG_00025900,2605.11714v1,2605.11714v1,ROBOTICS,ROBOTICS,0.857460618019104,1,intra_paper
25926,25931,FIG_00025927,FIG_00025932,2605.11654v2,2605.11654v2,ROBOTICS,ROBOTICS,0.8632645010948181,1,intra_paper
25926,25932,FIG_00025927,FIG_00025933,2605.11654v2,2605.11654v2,ROBOTICS,ROBOTICS,0.8284190893173218,2,intra_paper
25949,25951,FIG_00025950,FIG_00025952,2605.11564v1,2605.11564v1,ROBOTICS,ROBOTICS,0.8916038274765015,3,intra_paper
25961,25962,FIG_00025962,FIG_00025963,2605.11534v1,2605.11534v1,ROBOTICS,ROBOTICS,0.7501038908958435,1,intra_paper
25965,25967,FIG_00025966,FIG_00025968,2605.11485v2,2605.11485v2,ROBOTICS,ROBOTICS,0.752470850944519,1,intra_paper
25979,25988,FIG_00025980,FIG_00025989,2605.11473v1,2605.11473v1,ROBOTICS,ROBOTICS,0.8925150632858276,3,intra_paper
25983,25985,FIG_00025984,FIG_00025986,2605.11473v1,2605.11473v1,ROBOTICS,ROBOTICS,0.8907271027565002,1,intra_paper
26009,26010,FIG_00026010,FIG_00026011,2605.11387v1,2605.11387v1,ROBOTICS,ROBOTICS,0.810428261756897,1,intra_paper
26010,26011,FIG_00026011,FIG_00026012,2605.11387v1,2605.11387v1,ROBOTICS,ROBOTICS,0.8649617433547974,1,intra_paper
26010,26012,FIG_00026011,FIG_00026013,2605.11387v1,2605.11387v1,ROBOTICS,ROBOTICS,0.8327383399009705,2,intra_paper
26020,26025,FIG_00026021,FIG_00026026,2605.11385v1,2605.11385v1,ROBOTICS,ROBOTICS,0.8703585863113403,1,intra_paper
26027,26034,FIG_00026028,FIG_00026035,2605.11381v1,2605.11381v1,ROBOTICS,ROBOTICS,0.8788145184516907,4,intra_paper
26031,26037,FIG_00026032,FIG_00026038,2605.11381v1,2605.11381v1,ROBOTICS,ROBOTICS,0.8615444302558899,6,intra_paper
26032,26037,FIG_00026033,FIG_00026038,2605.11381v1,2605.11381v1,ROBOTICS,ROBOTICS,0.848821759223938,4,intra_paper
26033,26035,FIG_00026034,FIG_00026036,2605.11381v1,2605.11381v1,ROBOTICS,ROBOTICS,0.8501719832420349,2,intra_paper
26052,26053,FIG_00026053,FIG_00026054,2605.11296v1,2605.11296v1,ROBOTICS,ROBOTICS,0.794533371925354,2,intra_paper
26071,26072,FIG_00026072,FIG_00026073,2605.11151v2,2605.11151v2,ROBOTICS,ROBOTICS,0.854892373085022,1,intra_paper
26103,26104,FIG_00026104,FIG_00026105,2605.10942v1,2605.10942v1,ROBOTICS,ROBOTICS,0.758569598197937,1,intra_paper
26127,26142,FIG_00026128,FIG_00026143,2605.10917v1,2605.10917v1,ROBOTICS,ROBOTICS,0.8825454711914062,1,intra_paper
26127,26138,FIG_00026128,FIG_00026139,2605.10917v1,2605.10917v1,ROBOTICS,ROBOTICS,0.8812766075134277,2,intra_paper
26127,26139,FIG_00026128,FIG_00026140,2605.10917v1,2605.10917v1,ROBOTICS,ROBOTICS,0.8769978284835815,3,intra_paper
26127,26140,FIG_00026128,FIG_00026141,2605.10917v1,2605.10917v1,ROBOTICS,ROBOTICS,0.8678840398788452,4,intra_paper
26127,26141,FIG_00026128,FIG_00026142,2605.10917v1,2605.10917v1,ROBOTICS,ROBOTICS,0.86673504114151,5,intra_paper
26128,26136,FIG_00026129,FIG_00026137,2605.10917v1,2605.10917v1,ROBOTICS,ROBOTICS,0.823810338973999,4,intra_paper
26135,26136,FIG_00026136,FIG_00026137,2605.10917v1,2605.10917v1,ROBOTICS,ROBOTICS,0.7889701128005981,1,intra_paper
26136,26137,FIG_00026137,FIG_00026138,2605.10917v1,2605.10917v1,ROBOTICS,ROBOTICS,0.8477669954299927,1,intra_paper
26136,26143,FIG_00026137,FIG_00026144,2605.10917v1,2605.10917v1,ROBOTICS,ROBOTICS,0.8445190787315369,2,intra_paper
26136,26144,FIG_00026137,FIG_00026145,2605.10917v1,2605.10917v1,ROBOTICS,ROBOTICS,0.8412292003631592,3,intra_paper
26136,26145,FIG_00026137,FIG_00026146,2605.10917v1,2605.10917v1,ROBOTICS,ROBOTICS,0.8407657146453857,4,intra_paper
26137,26143,FIG_00026138,FIG_00026144,2605.10917v1,2605.10917v1,ROBOTICS,ROBOTICS,0.796935498714447,2,intra_paper
26137,26144,FIG_00026138,FIG_00026145,2605.10917v1,2605.10917v1,ROBOTICS,ROBOTICS,0.796031653881073,3,intra_paper
26137,26145,FIG_00026138,FIG_00026146,2605.10917v1,2605.10917v1,ROBOTICS,ROBOTICS,0.7928434610366821,4,intra_paper
26146,26148,FIG_00026147,FIG_00026149,2605.10904v1,2605.10904v1,ROBOTICS,ROBOTICS,0.8219752311706543,1,intra_paper
26180,26182,FIG_00026181,FIG_00026183,2605.10821v1,2605.10821v1,ROBOTICS,ROBOTICS,0.8151707053184509,2,intra_paper
26181,26182,FIG_00026182,FIG_00026183,2605.10821v1,2605.10821v1,ROBOTICS,ROBOTICS,0.8316168785095215,1,intra_paper
26206,26207,FIG_00026207,FIG_00026208,2605.10738v1,2605.10738v1,ROBOTICS,ROBOTICS,0.8154495358467102,1,intra_paper
26209,26213,FIG_00026210,FIG_00026214,2605.10738v1,2605.10738v1,ROBOTICS,ROBOTICS,0.8733430504798889,1,intra_paper
26209,26211,FIG_00026210,FIG_00026212,2605.10738v1,2605.10738v1,ROBOTICS,ROBOTICS,0.7596063017845154,4,intra_paper
26211,26213,FIG_00026212,FIG_00026214,2605.10738v1,2605.10738v1,ROBOTICS,ROBOTICS,0.7782547473907471,1,intra_paper
26261,26265,FIG_00026262,FIG_00026266,2605.10485v1,2605.10485v1,ROBOTICS,ROBOTICS,0.8216862678527832,1,intra_paper
26266,26276,FIG_00026267,FIG_00026277,2605.10484v1,2605.10484v1,ROBOTICS,ROBOTICS,0.7668642997741699,1,intra_paper
26285,26304,FIG_00026286,FIG_00026305,2605.10457v1,2605.10457v1,ROBOTICS,ROBOTICS,0.8869436979293823,2,intra_paper
26285,26303,FIG_00026286,FIG_00026304,2605.10457v1,2605.10457v1,ROBOTICS,ROBOTICS,0.8807402849197388,3,intra_paper
26285,26290,FIG_00026286,FIG_00026291,2605.10457v1,2605.10457v1,ROBOTICS,ROBOTICS,0.8709704875946045,4,intra_paper
26285,26288,FIG_00026286,FIG_00026289,2605.10457v1,2605.10457v1,ROBOTICS,ROBOTICS,0.8029199838638306,5,intra_paper
26285,26305,FIG_00026286,FIG_00026306,2605.10457v1,2605.10457v1,ROBOTICS,ROBOTICS,0.7941988110542297,6,intra_paper
26286,26290,FIG_00026287,FIG_00026291,2605.10457v1,2605.10457v1,ROBOTICS,ROBOTICS,0.8522001504898071,1,intra_paper
26286,26288,FIG_00026287,FIG_00026289,2605.10457v1,2605.10457v1,ROBOTICS,ROBOTICS,0.8230080604553223,3,intra_paper
26287,26290,FIG_00026288,FIG_00026291,2605.10457v1,2605.10457v1,ROBOTICS,ROBOTICS,0.8522001504898071,1,intra_paper
26287,26288,FIG_00026288,FIG_00026289,2605.10457v1,2605.10457v1,ROBOTICS,ROBOTICS,0.8230080604553223,3,intra_paper
26288,26290,FIG_00026289,FIG_00026291,2605.10457v1,2605.10457v1,ROBOTICS,ROBOTICS,0.8578142523765564,1,intra_paper
26288,26303,FIG_00026289,FIG_00026304,2605.10457v1,2605.10457v1,ROBOTICS,ROBOTICS,0.8403276205062866,3,intra_paper
26288,26289,FIG_00026289,FIG_00026290,2605.10457v1,2605.10457v1,ROBOTICS,ROBOTICS,0.8127415180206299,5,intra_paper
26289,26304,FIG_00026290,FIG_00026305,2605.10457v1,2605.10457v1,ROBOTICS,ROBOTICS,0.8979751467704773,2,intra_paper
26289,26290,FIG_00026290,FIG_00026291,2605.10457v1,2605.10457v1,ROBOTICS,ROBOTICS,0.8698194026947021,3,intra_paper
26289,26305,FIG_00026290,FIG_00026306,2605.10457v1,2605.10457v1,ROBOTICS,ROBOTICS,0.7968224287033081,5,intra_paper
26290,26304,FIG_00026291,FIG_00026305,2605.10457v1,2605.10457v1,ROBOTICS,ROBOTICS,0.8601984977722168,1,intra_paper
26290,26303,FIG_00026291,FIG_00026304,2605.10457v1,2605.10457v1,ROBOTICS,ROBOTICS,0.8215698003768921,4,intra_paper
26303,26304,FIG_00026304,FIG_00026305,2605.10457v1,2605.10457v1,ROBOTICS,ROBOTICS,0.8176662921905518,1,intra_paper
26303,26305,FIG_00026304,FIG_00026306,2605.10457v1,2605.10457v1,ROBOTICS,ROBOTICS,0.7790940999984741,4,intra_paper
26304,26305,FIG_00026305,FIG_00026306,2605.10457v1,2605.10457v1,ROBOTICS,ROBOTICS,0.8325625061988831,1,intra_paper
26324,26325,FIG_00026325,FIG_00026326,2605.10456v1,2605.10456v1,ROBOTICS,ROBOTICS,0.7950527667999268,1,intra_paper
26325,26326,FIG_00026326,FIG_00026327,2605.10456v1,2605.10456v1,ROBOTICS,ROBOTICS,0.8899074792861938,1,intra_paper
26371,26373,FIG_00026372,FIG_00026374,2605.10201v2,2605.10201v2,ROBOTICS,ROBOTICS,0.7662304043769836,1,intra_paper
26405,26407,FIG_00026406,FIG_00026408,2605.10063v1,2605.10063v1,ROBOTICS,ROBOTICS,0.8608492612838745,1,intra_paper
26406,26407,FIG_00026407,FIG_00026408,2605.10063v1,2605.10063v1,ROBOTICS,ROBOTICS,0.8409349322319031,4,intra_paper
26417,26425,FIG_00026418,FIG_00026426,2605.10034v1,2605.10034v1,ROBOTICS,ROBOTICS,0.8788118362426758,1,intra_paper
26417,26426,FIG_00026418,FIG_00026427,2605.10034v1,2605.10034v1,ROBOTICS,ROBOTICS,0.8481900691986084,2,intra_paper
26425,26426,FIG_00026426,FIG_00026427,2605.10034v1,2605.10034v1,ROBOTICS,ROBOTICS,0.8954803943634033,1,intra_paper
26427,26432,FIG_00026428,FIG_00026433,2605.10034v1,2605.10034v1,ROBOTICS,ROBOTICS,0.7701503038406372,1,intra_paper
26428,26437,FIG_00026429,FIG_00026438,2605.10034v1,2605.10034v1,ROBOTICS,ROBOTICS,0.818446695804596,2,intra_paper
26428,26430,FIG_00026429,FIG_00026431,2605.10034v1,2605.10034v1,ROBOTICS,ROBOTICS,0.7616012096405029,3,intra_paper
26429,26437,FIG_00026430,FIG_00026438,2605.10034v1,2605.10034v1,ROBOTICS,ROBOTICS,0.8168545961380005,1,intra_paper
26429,26430,FIG_00026430,FIG_00026431,2605.10034v1,2605.10034v1,ROBOTICS,ROBOTICS,0.7549253702163696,2,intra_paper
26430,26432,FIG_00026431,FIG_00026433,2605.10034v1,2605.10034v1,ROBOTICS,ROBOTICS,0.8477946519851685,1,intra_paper
26430,26435,FIG_00026431,FIG_00026436,2605.10034v1,2605.10034v1,ROBOTICS,ROBOTICS,0.8461557626724243,2,intra_paper
26430,26433,FIG_00026431,FIG_00026434,2605.10034v1,2605.10034v1,ROBOTICS,ROBOTICS,0.8153811693191528,3,intra_paper
26430,26437,FIG_00026431,FIG_00026438,2605.10034v1,2605.10034v1,ROBOTICS,ROBOTICS,0.8018760681152344,4,intra_paper
26430,26434,FIG_00026431,FIG_00026435,2605.10034v1,2605.10034v1,ROBOTICS,ROBOTICS,0.7757833003997803,5,intra_paper
26433,26434,FIG_00026434,FIG_00026435,2605.10034v1,2605.10034v1,ROBOTICS,ROBOTICS,0.8189367055892944,1,intra_paper
26433,26435,FIG_00026434,FIG_00026436,2605.10034v1,2605.10034v1,ROBOTICS,ROBOTICS,0.7936276793479919,2,intra_paper
26434,26435,FIG_00026435,FIG_00026436,2605.10034v1,2605.10034v1,ROBOTICS,ROBOTICS,0.7881346344947815,1,intra_paper
26435,26437,FIG_00026436,FIG_00026438,2605.10034v1,2605.10034v1,ROBOTICS,ROBOTICS,0.7532006502151489,2,intra_paper
26441,26442,FIG_00026442,FIG_00026443,2605.09999v1,2605.09999v1,ROBOTICS,ROBOTICS,0.8447020053863525,3,intra_paper
26445,26450,FIG_00026446,FIG_00026451,2605.09999v1,2605.09999v1,ROBOTICS,ROBOTICS,0.8665153980255127,5,intra_paper
26447,26448,FIG_00026448,FIG_00026449,2605.09999v1,2605.09999v1,ROBOTICS,ROBOTICS,0.7816041707992554,1,intra_paper
26531,26538,FIG_00026532,FIG_00026539,2605.09789v1,2605.09789v1,ROBOTICS,ROBOTICS,0.8106306791305542,1,intra_paper
26541,26542,FIG_00026542,FIG_00026543,2605.09772v1,2605.09772v1,ROBOTICS,ROBOTICS,0.8047095537185669,1,intra_paper
26566,26572,FIG_00026567,FIG_00026573,2605.09659v1,2605.09659v1,ROBOTICS,ROBOTICS,0.7509186267852783,2,intra_paper
26584,26589,FIG_00026585,FIG_00026590,2605.09613v1,2605.09613v1,ROBOTICS,ROBOTICS,0.8118854761123657,1,intra_paper
26584,26586,FIG_00026585,FIG_00026587,2605.09613v1,2605.09613v1,ROBOTICS,ROBOTICS,0.7652279138565063,2,intra_paper
26587,26589,FIG_00026588,FIG_00026590,2605.09613v1,2605.09613v1,ROBOTICS,ROBOTICS,0.7635133266448975,1,intra_paper
26594,26596,FIG_00026595,FIG_00026597,2605.09613v1,2605.09613v1,ROBOTICS,ROBOTICS,0.8906362056732178,5,intra_paper
26657,26661,FIG_00026658,FIG_00026662,2605.09494v1,2605.09494v1,ROBOTICS,ROBOTICS,0.8795987367630005,2,intra_paper
26658,26661,FIG_00026659,FIG_00026662,2605.09494v1,2605.09494v1,ROBOTICS,ROBOTICS,0.8825902938842773,1,intra_paper
26658,26659,FIG_00026659,FIG_00026660,2605.09494v1,2605.09494v1,ROBOTICS,ROBOTICS,0.8548411130905151,2,intra_paper
26658,26660,FIG_00026659,FIG_00026661,2605.09494v1,2605.09494v1,ROBOTICS,ROBOTICS,0.8525351285934448,3,intra_paper
26659,26661,FIG_00026660,FIG_00026662,2605.09494v1,2605.09494v1,ROBOTICS,ROBOTICS,0.8537018299102783,2,intra_paper
26659,26664,FIG_00026660,FIG_00026665,2605.09494v1,2605.09494v1,ROBOTICS,ROBOTICS,0.845381498336792,3,intra_paper
26659,26665,FIG_00026660,FIG_00026666,2605.09494v1,2605.09494v1,ROBOTICS,ROBOTICS,0.7823832631111145,4,intra_paper
26659,26663,FIG_00026660,FIG_00026664,2605.09494v1,2605.09494v1,ROBOTICS,ROBOTICS,0.7729268670082092,7,intra_paper
26660,26661,FIG_00026661,FIG_00026662,2605.09494v1,2605.09494v1,ROBOTICS,ROBOTICS,0.855665385723114,1,intra_paper
26660,26664,FIG_00026661,FIG_00026665,2605.09494v1,2605.09494v1,ROBOTICS,ROBOTICS,0.846406102180481,2,intra_paper
26660,26665,FIG_00026661,FIG_00026666,2605.09494v1,2605.09494v1,ROBOTICS,ROBOTICS,0.7868797779083252,3,intra_paper
26660,26663,FIG_00026661,FIG_00026664,2605.09494v1,2605.09494v1,ROBOTICS,ROBOTICS,0.7772182822227478,7,intra_paper
26661,26665,FIG_00026662,FIG_00026666,2605.09494v1,2605.09494v1,ROBOTICS,ROBOTICS,0.8761674165725708,1,intra_paper
26661,26663,FIG_00026662,FIG_00026664,2605.09494v1,2605.09494v1,ROBOTICS,ROBOTICS,0.8570070266723633,5,intra_paper
26673,26679,FIG_00026674,FIG_00026680,2605.09465v1,2605.09465v1,ROBOTICS,ROBOTICS,0.8858250379562378,4,intra_paper
26673,26678,FIG_00026674,FIG_00026679,2605.09465v1,2605.09465v1,ROBOTICS,ROBOTICS,0.8841570019721985,7,intra_paper
26676,26684,FIG_00026677,FIG_00026685,2605.09465v1,2605.09465v1,ROBOTICS,ROBOTICS,0.8341578841209412,1,intra_paper
26681,26682,FIG_00026682,FIG_00026683,2605.09465v1,2605.09465v1,ROBOTICS,ROBOTICS,0.8830016851425171,2,intra_paper
26705,26706,FIG_00026706,FIG_00026707,2605.09410v1,2605.09410v1,ROBOTICS,ROBOTICS,0.7814801335334778,1,intra_paper
26712,26716,FIG_00026713,FIG_00026717,2605.09410v1,2605.09410v1,ROBOTICS,ROBOTICS,0.7943887710571289,2,intra_paper
26712,26714,FIG_00026713,FIG_00026715,2605.09410v1,2605.09410v1,ROBOTICS,ROBOTICS,0.7882305979728699,3,intra_paper
26713,26717,FIG_00026714,FIG_00026718,2605.09410v1,2605.09410v1,ROBOTICS,ROBOTICS,0.8067348003387451,1,intra_paper
26713,26720,FIG_00026714,FIG_00026721,2605.09410v1,2605.09410v1,ROBOTICS,ROBOTICS,0.7747620344161987,2,intra_paper
26714,26716,FIG_00026715,FIG_00026717,2605.09410v1,2605.09410v1,ROBOTICS,ROBOTICS,0.7602677345275879,1,intra_paper
26714,26718,FIG_00026715,FIG_00026719,2605.09410v1,2605.09410v1,ROBOTICS,ROBOTICS,0.7574865221977234,2,intra_paper
26715,26720,FIG_00026716,FIG_00026721,2605.09410v1,2605.09410v1,ROBOTICS,ROBOTICS,0.7870457172393799,1,intra_paper
26717,26720,FIG_00026718,FIG_00026721,2605.09410v1,2605.09410v1,ROBOTICS,ROBOTICS,0.8483691215515137,1,intra_paper
26740,26746,FIG_00026741,FIG_00026747,2605.09376v1,2605.09376v1,ROBOTICS,ROBOTICS,0.8425583839416504,3,intra_paper
26780,26781,FIG_00026781,FIG_00026782,2605.09196v1,2605.09196v1,ROBOTICS,ROBOTICS,0.801810622215271,1,intra_paper
26780,26784,FIG_00026781,FIG_00026785,2605.09196v1,2605.09196v1,ROBOTICS,ROBOTICS,0.7749273777008057,2,intra_paper
26784,26785,FIG_00026785,FIG_00026786,2605.09196v1,2605.09196v1,ROBOTICS,ROBOTICS,0.7735035419464111,1,intra_paper
26785,26786,FIG_00026786,FIG_00026787,2605.09196v1,2605.09196v1,ROBOTICS,ROBOTICS,0.8389455080032349,1,intra_paper
26801,26803,FIG_00026802,FIG_00026804,2605.09127v2,2605.09127v2,ROBOTICS,ROBOTICS,0.7826136350631714,1,intra_paper
26801,26802,FIG_00026802,FIG_00026803,2605.09127v2,2605.09127v2,ROBOTICS,ROBOTICS,0.7757801413536072,2,intra_paper
26802,26803,FIG_00026803,FIG_00026804,2605.09127v2,2605.09127v2,ROBOTICS,ROBOTICS,0.7931294441223145,1,intra_paper
26805,26807,FIG_00026806,FIG_00026808,2605.09127v2,2605.09127v2,ROBOTICS,ROBOTICS,0.8650846481323242,1,intra_paper
26805,26806,FIG_00026806,FIG_00026807,2605.09127v2,2605.09127v2,ROBOTICS,ROBOTICS,0.860071063041687,2,intra_paper
26806,26807,FIG_00026807,FIG_00026808,2605.09127v2,2605.09127v2,ROBOTICS,ROBOTICS,0.8543321490287781,1,intra_paper
26807,26808,FIG_00026808,FIG_00026809,2605.09127v2,2605.09127v2,ROBOTICS,ROBOTICS,0.794434666633606,1,intra_paper
26821,26829,FIG_00026822,FIG_00026830,2605.09073v1,2605.09073v1,ROBOTICS,ROBOTICS,0.7605420351028442,5,intra_paper
26822,26828,FIG_00026823,FIG_00026829,2605.09073v1,2605.09073v1,ROBOTICS,ROBOTICS,0.8965571522712708,8,intra_paper
26822,26850,FIG_00026823,FIG_00026851,2605.09073v1,2605.09073v1,ROBOTICS,ROBOTICS,0.8939977288246155,9,intra_paper
26822,26852,FIG_00026823,FIG_00026853,2605.09073v1,2605.09073v1,ROBOTICS,ROBOTICS,0.8864600658416748,10,intra_paper
26822,26857,FIG_00026823,FIG_00026858,2605.09073v1,2605.09073v1,ROBOTICS,ROBOTICS,0.8795808553695679,11,intra_paper
26822,26831,FIG_00026823,FIG_00026832,2605.09073v1,2605.09073v1,ROBOTICS,ROBOTICS,0.8744933605194092,12,intra_paper
26822,26859,FIG_00026823,FIG_00026860,2605.09073v1,2605.09073v1,ROBOTICS,ROBOTICS,0.8658396005630493,13,intra_paper
26824,26857,FIG_00026825,FIG_00026858,2605.09073v1,2605.09073v1,ROBOTICS,ROBOTICS,0.8924185037612915,2,intra_paper
26824,26851,FIG_00026825,FIG_00026852,2605.09073v1,2605.09073v1,ROBOTICS,ROBOTICS,0.8919713497161865,3,intra_paper
26824,26828,FIG_00026825,FIG_00026829,2605.09073v1,2605.09073v1,ROBOTICS,ROBOTICS,0.8827763199806213,4,intra_paper
26824,26858,FIG_00026825,FIG_00026859,2605.09073v1,2605.09073v1,ROBOTICS,ROBOTICS,0.87787264585495,5,intra_paper
26824,26855,FIG_00026825,FIG_00026856,2605.09073v1,2605.09073v1,ROBOTICS,ROBOTICS,0.8764482736587524,6,intra_paper
26824,26853,FIG_00026825,FIG_00026854,2605.09073v1,2605.09073v1,ROBOTICS,ROBOTICS,0.8659893274307251,7,intra_paper
26824,26852,FIG_00026825,FIG_00026853,2605.09073v1,2605.09073v1,ROBOTICS,ROBOTICS,0.8655017614364624,8,intra_paper
26824,26850,FIG_00026825,FIG_00026851,2605.09073v1,2605.09073v1,ROBOTICS,ROBOTICS,0.8604035377502441,9,intra_paper
26824,26831,FIG_00026825,FIG_00026832,2605.09073v1,2605.09073v1,ROBOTICS,ROBOTICS,0.8548362255096436,10,intra_paper
26825,26850,FIG_00026826,FIG_00026851,2605.09073v1,2605.09073v1,ROBOTICS,ROBOTICS,0.890593409538269,3,intra_paper
26825,26849,FIG_00026826,FIG_00026850,2605.09073v1,2605.09073v1,ROBOTICS,ROBOTICS,0.8806233406066895,4,intra_paper
26825,26859,FIG_00026826,FIG_00026860,2605.09073v1,2605.09073v1,ROBOTICS,ROBOTICS,0.8708926439285278,5,intra_paper
26825,26853,FIG_00026826,FIG_00026854,2605.09073v1,2605.09073v1,ROBOTICS,ROBOTICS,0.8708291053771973,6,intra_paper
26825,26857,FIG_00026826,FIG_00026858,2605.09073v1,2605.09073v1,ROBOTICS,ROBOTICS,0.8706628084182739,7,intra_paper
26825,26851,FIG_00026826,FIG_00026852,2605.09073v1,2605.09073v1,ROBOTICS,ROBOTICS,0.8682584166526794,8,intra_paper
26826,26850,FIG_00026827,FIG_00026851,2605.09073v1,2605.09073v1,ROBOTICS,ROBOTICS,0.895084023475647,5,intra_paper
26826,26828,FIG_00026827,FIG_00026829,2605.09073v1,2605.09073v1,ROBOTICS,ROBOTICS,0.8884216547012329,6,intra_paper
26826,26830,FIG_00026827,FIG_00026831,2605.09073v1,2605.09073v1,ROBOTICS,ROBOTICS,0.8872948884963989,7,intra_paper
26826,26852,FIG_00026827,FIG_00026853,2605.09073v1,2605.09073v1,ROBOTICS,ROBOTICS,0.8782451152801514,8,intra_paper
26826,26831,FIG_00026827,FIG_00026832,2605.09073v1,2605.09073v1,ROBOTICS,ROBOTICS,0.8767852783203125,9,intra_paper
26826,26855,FIG_00026827,FIG_00026856,2605.09073v1,2605.09073v1,ROBOTICS,ROBOTICS,0.8754161596298218,10,intra_paper
26826,26858,FIG_00026827,FIG_00026859,2605.09073v1,2605.09073v1,ROBOTICS,ROBOTICS,0.8733207583427429,11,intra_paper
26826,26849,FIG_00026827,FIG_00026850,2605.09073v1,2605.09073v1,ROBOTICS,ROBOTICS,0.8412489891052246,12,intra_paper
26828,26853,FIG_00026829,FIG_00026854,2605.09073v1,2605.09073v1,ROBOTICS,ROBOTICS,0.897704005241394,6,intra_paper
26828,26833,FIG_00026829,FIG_00026834,2605.09073v1,2605.09073v1,ROBOTICS,ROBOTICS,0.8965295553207397,7,intra_paper
26828,26852,FIG_00026829,FIG_00026853,2605.09073v1,2605.09073v1,ROBOTICS,ROBOTICS,0.8887330293655396,8,intra_paper
26828,26831,FIG_00026829,FIG_00026832,2605.09073v1,2605.09073v1,ROBOTICS,ROBOTICS,0.8839829564094543,9,intra_paper
26828,26855,FIG_00026829,FIG_00026856,2605.09073v1,2605.09073v1,ROBOTICS,ROBOTICS,0.8811118602752686,11,intra_paper
26830,26855,FIG_00026831,FIG_00026856,2605.09073v1,2605.09073v1,ROBOTICS,ROBOTICS,0.8904910087585449,4,intra_paper
26830,26833,FIG_00026831,FIG_00026834,2605.09073v1,2605.09073v1,ROBOTICS,ROBOTICS,0.8879576921463013,5,intra_paper
26830,26852,FIG_00026831,FIG_00026853,2605.09073v1,2605.09073v1,ROBOTICS,ROBOTICS,0.8853403329849243,6,intra_paper
26830,26831,FIG_00026831,FIG_00026832,2605.09073v1,2605.09073v1,ROBOTICS,ROBOTICS,0.8834095001220703,7,intra_paper
26830,26850,FIG_00026831,FIG_00026851,2605.09073v1,2605.09073v1,ROBOTICS,ROBOTICS,0.8019013404846191,11,intra_paper
26831,26858,FIG_00026832,FIG_00026859,2605.09073v1,2605.09073v1,ROBOTICS,ROBOTICS,0.8900313377380371,6,intra_paper
26831,26832,FIG_00026832,FIG_00026833,2605.09073v1,2605.09073v1,ROBOTICS,ROBOTICS,0.8876138925552368,7,intra_paper
26831,26850,FIG_00026832,FIG_00026851,2605.09073v1,2605.09073v1,ROBOTICS,ROBOTICS,0.8690785765647888,8,intra_paper
26832,26852,FIG_00026833,FIG_00026853,2605.09073v1,2605.09073v1,ROBOTICS,ROBOTICS,0.889070451259613,4,intra_paper
26832,26855,FIG_00026833,FIG_00026856,2605.09073v1,2605.09073v1,ROBOTICS,ROBOTICS,0.8866938352584839,5,intra_paper
26832,26850,FIG_00026833,FIG_00026851,2605.09073v1,2605.09073v1,ROBOTICS,ROBOTICS,0.8544946908950806,6,intra_paper
26832,26858,FIG_00026833,FIG_00026859,2605.09073v1,2605.09073v1,ROBOTICS,ROBOTICS,0.8325098156929016,7,intra_paper
26851,26853,FIG_00026852,FIG_00026854,2605.09073v1,2605.09073v1,ROBOTICS,ROBOTICS,0.8887169361114502,1,intra_paper
26851,26855,FIG_00026852,FIG_00026856,2605.09073v1,2605.09073v1,ROBOTICS,ROBOTICS,0.8826149106025696,2,intra_paper
26851,26858,FIG_00026852,FIG_00026859,2605.09073v1,2605.09073v1,ROBOTICS,ROBOTICS,0.8552007675170898,3,intra_paper
26851,26852,FIG_00026852,FIG_00026853,2605.09073v1,2605.09073v1,ROBOTICS,ROBOTICS,0.8433853387832642,4,intra_paper
26852,26858,FIG_00026853,FIG_00026859,2605.09073v1,2605.09073v1,ROBOTICS,ROBOTICS,0.876717209815979,4,intra_paper
26852,26859,FIG_00026853,FIG_00026860,2605.09073v1,2605.09073v1,ROBOTICS,ROBOTICS,0.8506971597671509,6,intra_paper
26853,26858,FIG_00026854,FIG_00026859,2605.09073v1,2605.09073v1,ROBOTICS,ROBOTICS,0.8999650478363037,3,intra_paper
26853,26859,FIG_00026854,FIG_00026860,2605.09073v1,2605.09073v1,ROBOTICS,ROBOTICS,0.8698732852935791,5,intra_paper
26854,26858,FIG_00026855,FIG_00026859,2605.09073v1,2605.09073v1,ROBOTICS,ROBOTICS,0.8999977111816406,2,intra_paper
26854,26859,FIG_00026855,FIG_00026860,2605.09073v1,2605.09073v1,ROBOTICS,ROBOTICS,0.864281952381134,4,intra_paper
26855,26858,FIG_00026856,FIG_00026859,2605.09073v1,2605.09073v1,ROBOTICS,ROBOTICS,0.8799228072166443,1,intra_paper
26866,26868,FIG_00026867,FIG_00026869,2605.09050v1,2605.09050v1,ROBOTICS,ROBOTICS,0.8758962750434875,1,intra_paper
26867,26870,FIG_00026868,FIG_00026871,2605.09050v1,2605.09050v1,ROBOTICS,ROBOTICS,0.7623834609985352,1,intra_paper
26868,26869,FIG_00026869,FIG_00026870,2605.09050v1,2605.09050v1,ROBOTICS,ROBOTICS,0.7997239828109741,1,intra_paper
26870,26872,FIG_00026871,FIG_00026873,2605.09050v1,2605.09050v1,ROBOTICS,ROBOTICS,0.8985202312469482,1,intra_paper
26892,26893,FIG_00026893,FIG_00026894,2605.09046v2,2605.09046v2,ROBOTICS,ROBOTICS,0.7974247932434082,3,intra_paper
26943,26944,FIG_00026944,FIG_00026945,2605.08830v2,2605.08830v2,ROBOTICS,ROBOTICS,0.8739708662033081,2,intra_paper
26945,26946,FIG_00026946,FIG_00026947,2605.08830v2,2605.08830v2,ROBOTICS,ROBOTICS,0.7736201286315918,1,intra_paper
26946,26947,FIG_00026947,FIG_00026948,2605.08830v2,2605.08830v2,ROBOTICS,ROBOTICS,0.8002380132675171,1,intra_paper
26991,26993,FIG_00026992,FIG_00026994,2605.08722v1,2605.08722v1,ROBOTICS,ROBOTICS,0.8914014101028442,1,intra_paper
26992,26993,FIG_00026993,FIG_00026994,2605.08722v1,2605.08722v1,ROBOTICS,ROBOTICS,0.8031502366065979,1,intra_paper
27003,27005,FIG_00027004,FIG_00027006,2605.08638v1,2605.08638v1,ROBOTICS,ROBOTICS,0.8808438181877136,1,intra_paper
27029,27032,FIG_00027030,FIG_00027033,2605.08515v1,2605.08515v1,ROBOTICS,ROBOTICS,0.8868618011474609,3,intra_paper
27057,27058,FIG_00027058,FIG_00027059,2605.08059v1,2605.08059v1,ROBOTICS,ROBOTICS,0.7747150659561157,1,intra_paper
27069,27074,FIG_00027070,FIG_00027075,2605.07988v1,2605.07988v1,ROBOTICS,ROBOTICS,0.7659367322921753,1,intra_paper
27070,27073,FIG_00027071,FIG_00027074,2605.07988v1,2605.07988v1,ROBOTICS,ROBOTICS,0.8831386566162109,6,intra_paper
27070,27072,FIG_00027071,FIG_00027073,2605.07988v1,2605.07988v1,ROBOTICS,ROBOTICS,0.8734188675880432,8,intra_paper
27070,27075,FIG_00027071,FIG_00027076,2605.07988v1,2605.07988v1,ROBOTICS,ROBOTICS,0.8668608665466309,10,intra_paper
27086,27094,FIG_00027087,FIG_00027095,2605.07877v1,2605.07877v1,ROBOTICS,ROBOTICS,0.8525717854499817,1,intra_paper
27102,27103,FIG_00027103,FIG_00027104,2605.07835v1,2605.07835v1,ROBOTICS,ROBOTICS,0.7538490295410156,1,intra_paper
27106,27117,FIG_00027107,FIG_00027118,2605.07807v1,2605.07807v1,ROBOTICS,ROBOTICS,0.7580968141555786,1,intra_paper
27109,27111,FIG_00027110,FIG_00027112,2605.07807v1,2605.07807v1,ROBOTICS,ROBOTICS,0.7771145105361938,1,intra_paper
27111,27115,FIG_00027112,FIG_00027116,2605.07807v1,2605.07807v1,ROBOTICS,ROBOTICS,0.8177492618560791,3,intra_paper
27162,27168,FIG_00027163,FIG_00027169,2605.07605v1,2605.07605v1,ROBOTICS,ROBOTICS,0.7931298017501831,1,intra_paper
27204,27207,FIG_00027205,FIG_00027208,2605.07496v1,2605.07496v1,ROBOTICS,ROBOTICS,0.7936878800392151,1,intra_paper
27204,27210,FIG_00027205,FIG_00027211,2605.07496v1,2605.07496v1,ROBOTICS,ROBOTICS,0.7515678405761719,2,intra_paper
27206,27207,FIG_00027207,FIG_00027208,2605.07496v1,2605.07496v1,ROBOTICS,ROBOTICS,0.7777824401855469,1,intra_paper
27254,27255,FIG_00027255,FIG_00027256,2605.07275v1,2605.07275v1,ROBOTICS,ROBOTICS,0.8599942922592163,5,intra_paper
27258,27259,FIG_00027259,FIG_00027260,2605.07275v1,2605.07275v1,ROBOTICS,ROBOTICS,0.7959093451499939,1,intra_paper
27276,27285,FIG_00027277,FIG_00027286,2605.07079v1,2605.07079v1,ROBOTICS,ROBOTICS,0.8696750402450562,1,intra_paper
27280,27284,FIG_00027281,FIG_00027285,2605.07079v1,2605.07079v1,ROBOTICS,ROBOTICS,0.7624323964118958,1,intra_paper
27302,27306,FIG_00027303,FIG_00027307,2605.07038v1,2605.07038v1,ROBOTICS,ROBOTICS,0.7577647566795349,1,intra_paper
27319,27320,FIG_00027320,FIG_00027321,2605.07003v1,2605.07003v1,ROBOTICS,ROBOTICS,0.7623492479324341,1,intra_paper
27334,27335,FIG_00027335,FIG_00027336,2605.06966v1,2605.06966v1,ROBOTICS,ROBOTICS,0.8165701627731323,1,intra_paper
27353,27354,FIG_00027354,FIG_00027355,2605.06825v1,2605.06825v1,ROBOTICS,ROBOTICS,0.8779749870300293,5,intra_paper
27360,27362,FIG_00027361,FIG_00027363,2605.06662v1,2605.06662v1,ROBOTICS,ROBOTICS,0.8932188749313354,2,intra_paper
27361,27362,FIG_00027362,FIG_00027363,2605.06662v1,2605.06662v1,ROBOTICS,ROBOTICS,0.8703446388244629,1,intra_paper
27377,27378,FIG_00027378,FIG_00027379,2605.06593v1,2605.06593v1,ROBOTICS,ROBOTICS,0.7824529409408569,1,intra_paper
27380,27382,FIG_00027381,FIG_00027383,2605.06593v1,2605.06593v1,ROBOTICS,ROBOTICS,0.8154172897338867,1,intra_paper
27380,27381,FIG_00027381,FIG_00027382,2605.06593v1,2605.06593v1,ROBOTICS,ROBOTICS,0.8154172897338867,2,intra_paper
27394,27404,FIG_00027395,FIG_00027405,2605.06758v2,2605.06758v2,ROBOTICS,ROBOTICS,0.8427577018737793,2,intra_paper
27404,27408,FIG_00027405,FIG_00027409,2605.06758v2,2605.06758v2,ROBOTICS,ROBOTICS,0.8638948202133179,1,intra_paper
27414,27415,FIG_00027415,FIG_00027416,2605.06483v2,2605.06483v2,ROBOTICS,ROBOTICS,0.8804053068161011,1,intra_paper
27435,27436,FIG_00027436,FIG_00027437,2602.07019v1,2602.07019v1,IMAGING,IMAGING,0.8765498995780945,4,intra_paper
27443,27457,FIG_00027444,FIG_00027458,2602.07019v1,2602.07019v1,IMAGING,IMAGING,0.8836063742637634,4,intra_paper
27444,27457,FIG_00027445,FIG_00027458,2602.07019v1,2602.07019v1,IMAGING,IMAGING,0.8709367513656616,3,intra_paper
27445,27446,FIG_00027446,FIG_00027447,2602.07019v1,2602.07019v1,IMAGING,IMAGING,0.8558249473571777,1,intra_paper
27445,27457,FIG_00027446,FIG_00027458,2602.07019v1,2602.07019v1,IMAGING,IMAGING,0.8499684929847717,3,intra_paper
27446,27457,FIG_00027447,FIG_00027458,2602.07019v1,2602.07019v1,IMAGING,IMAGING,0.8773784041404724,1,intra_paper
27449,27456,FIG_00027450,FIG_00027457,2602.07019v1,2602.07019v1,IMAGING,IMAGING,0.8925027847290039,1,intra_paper
27449,27453,FIG_00027450,FIG_00027454,2602.07019v1,2602.07019v1,IMAGING,IMAGING,0.8024511337280273,2,intra_paper
27449,27450,FIG_00027450,FIG_00027451,2602.07019v1,2602.07019v1,IMAGING,IMAGING,0.8019939661026001,3,intra_paper
27449,27452,FIG_00027450,FIG_00027453,2602.07019v1,2602.07019v1,IMAGING,IMAGING,0.7977539300918579,4,intra_paper
27452,27456,FIG_00027453,FIG_00027457,2602.07019v1,2602.07019v1,IMAGING,IMAGING,0.839234471321106,2,intra_paper
27453,27456,FIG_00027454,FIG_00027457,2602.07019v1,2602.07019v1,IMAGING,IMAGING,0.8452808260917664,1,intra_paper
27462,27463,FIG_00027463,FIG_00027464,2602.01065v1,2602.01065v1,IMAGING,IMAGING,0.7637946605682373,2,intra_paper
27469,27470,FIG_00027470,FIG_00027471,2602.01065v1,2602.01065v1,IMAGING,IMAGING,0.7870755791664124,3,intra_paper
27472,27476,FIG_00027473,FIG_00027477,2602.00863v1,2602.00863v1,IMAGING,IMAGING,0.875106930732727,2,intra_paper
27500,27507,FIG_00027501,FIG_00027508,2602.00483v1,2602.00483v1,IMAGING,IMAGING,0.8829091787338257,4,intra_paper
27500,27505,FIG_00027501,FIG_00027506,2602.00483v1,2602.00483v1,IMAGING,IMAGING,0.8795620203018188,5,intra_paper
27500,27504,FIG_00027501,FIG_00027505,2602.00483v1,2602.00483v1,IMAGING,IMAGING,0.8627510070800781,8,intra_paper
27500,27509,FIG_00027501,FIG_00027510,2602.00483v1,2602.00483v1,IMAGING,IMAGING,0.8591362237930298,10,intra_paper
27501,27505,FIG_00027502,FIG_00027506,2602.00483v1,2602.00483v1,IMAGING,IMAGING,0.8971432447433472,1,intra_paper
27501,27506,FIG_00027502,FIG_00027507,2602.00483v1,2602.00483v1,IMAGING,IMAGING,0.8587479591369629,2,intra_paper
27501,27509,FIG_00027502,FIG_00027510,2602.00483v1,2602.00483v1,IMAGING,IMAGING,0.8572038412094116,4,intra_paper
27501,27504,FIG_00027502,FIG_00027505,2602.00483v1,2602.00483v1,IMAGING,IMAGING,0.8548585176467896,6,intra_paper
27504,27507,FIG_00027505,FIG_00027508,2602.00483v1,2602.00483v1,IMAGING,IMAGING,0.8825246691703796,1,intra_paper
27504,27511,FIG_00027505,FIG_00027512,2602.00483v1,2602.00483v1,IMAGING,IMAGING,0.8758080005645752,2,intra_paper
27506,27509,FIG_00027507,FIG_00027510,2602.00483v1,2602.00483v1,IMAGING,IMAGING,0.7681905031204224,7,intra_paper
27509,27510,FIG_00027510,FIG_00027511,2602.00483v1,2602.00483v1,IMAGING,IMAGING,0.8531434535980225,3,intra_paper
27527,27528,FIG_00027528,FIG_00027529,2602.00368v1,2602.00368v1,IMAGING,IMAGING,0.7882675528526306,1,intra_paper
27531,27533,FIG_00027532,FIG_00027534,2602.00283v1,2602.00283v1,IMAGING,IMAGING,0.8731483221054077,1,intra_paper
27538,27553,FIG_00027539,FIG_00027554,2601.23231v1,2601.23231v1,IMAGING,IMAGING,0.8780131340026855,5,intra_paper
27549,27553,FIG_00027550,FIG_00027554,2601.23231v1,2601.23231v1,IMAGING,IMAGING,0.8770172595977783,4,intra_paper
27552,27553,FIG_00027553,FIG_00027554,2601.23231v1,2601.23231v1,IMAGING,IMAGING,0.8707051873207092,1,intra_paper
27555,27558,FIG_00027556,FIG_00027559,2602.00221v1,2602.00221v1,IMAGING,IMAGING,0.8684189319610596,1,intra_paper
27555,27556,FIG_00027556,FIG_00027557,2602.00221v1,2602.00221v1,IMAGING,IMAGING,0.8030825853347778,4,intra_paper
27557,27558,FIG_00027558,FIG_00027559,2602.00221v1,2602.00221v1,IMAGING,IMAGING,0.8854857087135315,1,intra_paper
27577,27578,FIG_00027578,FIG_00027579,2601.23148v1,2601.23148v1,IMAGING,IMAGING,0.8928499221801758,2,intra_paper
27588,27589,FIG_00027589,FIG_00027590,2601.23103v1,2601.23103v1,IMAGING,IMAGING,0.7970336675643921,2,intra_paper
27597,27600,FIG_00027598,FIG_00027601,2601.23103v1,2601.23103v1,IMAGING,IMAGING,0.7895357012748718,1,intra_paper
27646,27647,FIG_00027647,FIG_00027648,2601.22755v2,2601.22755v2,IMAGING,IMAGING,0.8064592480659485,1,intra_paper
27647,27650,FIG_00027648,FIG_00027651,2601.22755v2,2601.22755v2,IMAGING,IMAGING,0.7713299989700317,2,intra_paper
27647,27648,FIG_00027648,FIG_00027649,2601.22755v2,2601.22755v2,IMAGING,IMAGING,0.7698984146118164,3,intra_paper
27648,27650,FIG_00027649,FIG_00027651,2601.22755v2,2601.22755v2,IMAGING,IMAGING,0.7514526844024658,1,intra_paper
27673,27681,FIG_00027674,FIG_00027682,2602.00186v1,2602.00186v1,IMAGING,IMAGING,0.7653582096099854,1,intra_paper
27678,27686,FIG_00027679,FIG_00027687,2602.00186v1,2602.00186v1,IMAGING,IMAGING,0.8921620845794678,1,intra_paper
27678,27688,FIG_00027679,FIG_00027689,2602.00186v1,2602.00186v1,IMAGING,IMAGING,0.880626380443573,2,intra_paper
27678,27687,FIG_00027679,FIG_00027688,2602.00186v1,2602.00186v1,IMAGING,IMAGING,0.8791283369064331,3,intra_paper
27689,27692,FIG_00027690,FIG_00027693,2602.00184v1,2602.00184v1,IMAGING,IMAGING,0.7580755949020386,1,intra_paper
27692,27698,FIG_00027693,FIG_00027699,2602.00184v1,2602.00184v1,IMAGING,IMAGING,0.7881370782852173,1,intra_paper
27692,27699,FIG_00027693,FIG_00027700,2602.00184v1,2602.00184v1,IMAGING,IMAGING,0.7744406461715698,2,intra_paper
27695,27698,FIG_00027696,FIG_00027699,2602.00184v1,2602.00184v1,IMAGING,IMAGING,0.8586984872817993,1,intra_paper
27695,27699,FIG_00027696,FIG_00027700,2602.00184v1,2602.00184v1,IMAGING,IMAGING,0.7814158201217651,2,intra_paper
27698,27699,FIG_00027699,FIG_00027700,2602.00184v1,2602.00184v1,IMAGING,IMAGING,0.8138769268989563,1,intra_paper
27718,27723,FIG_00027719,FIG_00027724,2601.21856v1,2601.21856v1,IMAGING,IMAGING,0.7825261950492859,2,intra_paper
27723,27732,FIG_00027724,FIG_00027733,2601.21856v1,2601.21856v1,IMAGING,IMAGING,0.8239068388938904,1,intra_paper
27723,27731,FIG_00027724,FIG_00027732,2601.21856v1,2601.21856v1,IMAGING,IMAGING,0.8237257599830627,2,intra_paper
27756,27757,FIG_00027757,FIG_00027758,2601.20769v2,2601.20769v2,IMAGING,IMAGING,0.896099328994751,2,intra_paper
27773,27775,FIG_00027774,FIG_00027776,2601.20575v1,2601.20575v1,IMAGING,IMAGING,0.8917999267578125,1,intra_paper
27773,27776,FIG_00027774,FIG_00027777,2601.20575v1,2601.20575v1,IMAGING,IMAGING,0.8653773069381714,2,intra_paper
27775,27776,FIG_00027776,FIG_00027777,2601.20575v1,2601.20575v1,IMAGING,IMAGING,0.8886347413063049,1,intra_paper
27776,27780,FIG_00027777,FIG_00027781,2601.20575v1,2601.20575v1,IMAGING,IMAGING,0.7680802345275879,2,intra_paper
27828,27829,FIG_00027829,FIG_00027830,2601.19461v1,2601.19461v1,IMAGING,IMAGING,0.792080283164978,1,intra_paper
27837,27839,FIG_00027838,FIG_00027840,2601.19293v2,2601.19293v2,IMAGING,IMAGING,0.8097473382949829,4,intra_paper
27837,27843,FIG_00027838,FIG_00027844,2601.19293v2,2601.19293v2,IMAGING,IMAGING,0.8046717047691345,5,intra_paper
27843,27846,FIG_00027844,FIG_00027847,2601.19293v2,2601.19293v2,IMAGING,IMAGING,0.8252294659614563,1,intra_paper
27856,27858,FIG_00027857,FIG_00027859,2601.19169v1,2601.19169v1,IMAGING,IMAGING,0.8269760012626648,1,intra_paper
27856,27865,FIG_00027857,FIG_00027866,2601.19169v1,2601.19169v1,IMAGING,IMAGING,0.8195482492446899,2,intra_paper
27856,27860,FIG_00027857,FIG_00027861,2601.19169v1,2601.19169v1,IMAGING,IMAGING,0.8153666257858276,3,intra_paper
27856,27861,FIG_00027857,FIG_00027862,2601.19169v1,2601.19169v1,IMAGING,IMAGING,0.8145415186882019,4,intra_paper
27856,27859,FIG_00027857,FIG_00027860,2601.19169v1,2601.19169v1,IMAGING,IMAGING,0.806181788444519,5,intra_paper
27858,27865,FIG_00027859,FIG_00027866,2601.19169v1,2601.19169v1,IMAGING,IMAGING,0.8282480239868164,2,intra_paper
27858,27859,FIG_00027859,FIG_00027860,2601.19169v1,2601.19169v1,IMAGING,IMAGING,0.8172446489334106,3,intra_paper
27858,27861,FIG_00027859,FIG_00027862,2601.19169v1,2601.19169v1,IMAGING,IMAGING,0.8164897561073303,4,intra_paper
27859,27865,FIG_00027860,FIG_00027866,2601.19169v1,2601.19169v1,IMAGING,IMAGING,0.8648501038551331,2,intra_paper
27859,27860,FIG_00027860,FIG_00027861,2601.19169v1,2601.19169v1,IMAGING,IMAGING,0.8277740478515625,5,intra_paper
27860,27861,FIG_00027861,FIG_00027862,2601.19169v1,2601.19169v1,IMAGING,IMAGING,0.8463548421859741,1,intra_paper
27860,27865,FIG_00027861,FIG_00027866,2601.19169v1,2601.19169v1,IMAGING,IMAGING,0.8364250659942627,2,intra_paper
27861,27865,FIG_00027862,FIG_00027866,2601.19169v1,2601.19169v1,IMAGING,IMAGING,0.8749228715896606,1,intra_paper
27877,27878,FIG_00027878,FIG_00027879,2602.00111v1,2602.00111v1,IMAGING,IMAGING,0.8588512539863586,1,intra_paper
27887,27888,FIG_00027888,FIG_00027889,2601.18782v1,2601.18782v1,IMAGING,IMAGING,0.7513213157653809,1,intra_paper
27888,27889,FIG_00027889,FIG_00027890,2601.18782v1,2601.18782v1,IMAGING,IMAGING,0.8017864227294922,7,intra_paper
27904,27905,FIG_00027905,FIG_00027906,2601.18583v1,2601.18583v1,IMAGING,IMAGING,0.8927530646324158,2,intra_paper
27945,27953,FIG_00027946,FIG_00027954,2601.17586v1,2601.17586v1,IMAGING,IMAGING,0.8567591905593872,1,intra_paper
27945,27951,FIG_00027946,FIG_00027952,2601.17586v1,2601.17586v1,IMAGING,IMAGING,0.7896996736526489,2,intra_paper
27945,27946,FIG_00027946,FIG_00027947,2601.17586v1,2601.17586v1,IMAGING,IMAGING,0.7679969668388367,4,intra_paper
27945,27948,FIG_00027946,FIG_00027949,2601.17586v1,2601.17586v1,IMAGING,IMAGING,0.7560195326805115,5,intra_paper
27946,27953,FIG_00027947,FIG_00027954,2601.17586v1,2601.17586v1,IMAGING,IMAGING,0.8233493566513062,1,intra_paper
27946,27951,FIG_00027947,FIG_00027952,2601.17586v1,2601.17586v1,IMAGING,IMAGING,0.7881244421005249,2,intra_paper
27947,27948,FIG_00027948,FIG_00027949,2601.17586v1,2601.17586v1,IMAGING,IMAGING,0.8386833667755127,1,intra_paper
27951,27953,FIG_00027952,FIG_00027954,2601.17586v1,2601.17586v1,IMAGING,IMAGING,0.7730138301849365,1,intra_paper
27970,27974,FIG_00027971,FIG_00027975,2601.17545v1,2601.17545v1,IMAGING,IMAGING,0.8202250003814697,5,intra_paper
27974,27975,FIG_00027975,FIG_00027976,2601.17545v1,2601.17545v1,IMAGING,IMAGING,0.8698776364326477,1,intra_paper
27984,27987,FIG_00027985,FIG_00027988,2601.17262v2,2601.17262v2,IMAGING,IMAGING,0.8527951240539551,1,intra_paper
27984,27990,FIG_00027985,FIG_00027991,2601.17262v2,2601.17262v2,IMAGING,IMAGING,0.8251994848251343,2,intra_paper
27984,27985,FIG_00027985,FIG_00027986,2601.17262v2,2601.17262v2,IMAGING,IMAGING,0.7758108377456665,8,intra_paper
27984,27986,FIG_00027985,FIG_00027987,2601.17262v2,2601.17262v2,IMAGING,IMAGING,0.7605103850364685,10,intra_paper
27985,27986,FIG_00027986,FIG_00027987,2601.17262v2,2601.17262v2,IMAGING,IMAGING,0.8015123605728149,1,intra_paper
27985,27989,FIG_00027986,FIG_00027990,2601.17262v2,2601.17262v2,IMAGING,IMAGING,0.7923771142959595,2,intra_paper
27986,27989,FIG_00027987,FIG_00027990,2601.17262v2,2601.17262v2,IMAGING,IMAGING,0.7577343583106995,5,intra_paper
27987,27991,FIG_00027988,FIG_00027992,2601.17262v2,2601.17262v2,IMAGING,IMAGING,0.7793755531311035,1,intra_paper
27988,27989,FIG_00027989,FIG_00027990,2601.17262v2,2601.17262v2,IMAGING,IMAGING,0.770439863204956,2,intra_paper
27999,28004,FIG_00028000,FIG_00028005,2601.17143v2,2601.17143v2,IMAGING,IMAGING,0.8872266411781311,2,intra_paper
28000,28004,FIG_00028001,FIG_00028005,2601.17143v2,2601.17143v2,IMAGING,IMAGING,0.8900919556617737,1,intra_paper
28007,28008,FIG_00028008,FIG_00028009,2601.16950v1,2601.16950v1,IMAGING,IMAGING,0.8454582691192627,7,intra_paper
28008,28009,FIG_00028009,FIG_00028010,2601.16950v1,2601.16950v1,IMAGING,IMAGING,0.7966148257255554,6,intra_paper
28013,28024,FIG_00028014,FIG_00028025,2601.16904v1,2601.16904v1,IMAGING,IMAGING,0.7767120599746704,2,intra_paper
28018,28023,FIG_00028019,FIG_00028024,2601.16904v1,2601.16904v1,IMAGING,IMAGING,0.8223342895507812,1,intra_paper
28018,28022,FIG_00028019,FIG_00028023,2601.16904v1,2601.16904v1,IMAGING,IMAGING,0.773350715637207,6,intra_paper
28039,28040,FIG_00028040,FIG_00028041,2601.16664v1,2601.16664v1,IMAGING,IMAGING,0.8687677979469299,1,intra_paper
28044,28046,FIG_00028045,FIG_00028047,2601.16660v1,2601.16660v1,IMAGING,IMAGING,0.8749799728393555,1,intra_paper
28044,28048,FIG_00028045,FIG_00028049,2601.16660v1,2601.16660v1,IMAGING,IMAGING,0.8466088175773621,2,intra_paper
28044,28045,FIG_00028045,FIG_00028046,2601.16660v1,2601.16660v1,IMAGING,IMAGING,0.841998815536499,3,intra_paper
28044,28047,FIG_00028045,FIG_00028048,2601.16660v1,2601.16660v1,IMAGING,IMAGING,0.8144516944885254,4,intra_paper
28045,28047,FIG_00028046,FIG_00028048,2601.16660v1,2601.16660v1,IMAGING,IMAGING,0.8800320625305176,2,intra_paper
28045,28046,FIG_00028046,FIG_00028047,2601.16660v1,2601.16660v1,IMAGING,IMAGING,0.8374954462051392,3,intra_paper
28046,28048,FIG_00028047,FIG_00028049,2601.16660v1,2601.16660v1,IMAGING,IMAGING,0.8784181475639343,2,intra_paper
28082,28083,FIG_00028083,FIG_00028084,2601.16064v1,2601.16064v1,IMAGING,IMAGING,0.8878352046012878,3,intra_paper
28136,28137,FIG_00028137,FIG_00028138,2601.15102v1,2601.15102v1,IMAGING,IMAGING,0.7847774028778076,1,intra_paper
28136,28138,FIG_00028137,FIG_00028139,2601.15102v1,2601.15102v1,IMAGING,IMAGING,0.783344566822052,2,intra_paper
28138,28141,FIG_00028139,FIG_00028142,2601.15102v1,2601.15102v1,IMAGING,IMAGING,0.7806805372238159,1,intra_paper
28142,28143,FIG_00028143,FIG_00028144,2601.15102v1,2601.15102v1,IMAGING,IMAGING,0.8606482744216919,2,intra_paper
28146,28147,FIG_00028147,FIG_00028148,2601.14997v1,2601.14997v1,IMAGING,IMAGING,0.8541032075881958,1,intra_paper
28146,28149,FIG_00028147,FIG_00028150,2601.14997v1,2601.14997v1,IMAGING,IMAGING,0.8173964023590088,2,intra_paper
28146,28150,FIG_00028147,FIG_00028151,2601.14997v1,2601.14997v1,IMAGING,IMAGING,0.7741727828979492,3,intra_paper
28155,28160,FIG_00028156,FIG_00028161,2601.14997v1,2601.14997v1,IMAGING,IMAGING,0.8938109874725342,4,intra_paper
28159,28160,FIG_00028160,FIG_00028161,2601.14997v1,2601.14997v1,IMAGING,IMAGING,0.8793957233428955,2,intra_paper
28160,28161,FIG_00028161,FIG_00028162,2601.14997v1,2601.14997v1,IMAGING,IMAGING,0.860458493232727,1,intra_paper
28162,28163,FIG_00028163,FIG_00028164,2601.14997v1,2601.14997v1,IMAGING,IMAGING,0.8848138451576233,1,intra_paper
28165,28167,FIG_00028166,FIG_00028168,2601.15358v1,2601.15358v1,IMAGING,IMAGING,0.8816120028495789,1,intra_paper
28175,28176,FIG_00028176,FIG_00028177,2601.14793v1,2601.14793v1,IMAGING,IMAGING,0.7970818281173706,1,intra_paper
28177,28178,FIG_00028178,FIG_00028179,2601.15356v5,2601.15356v5,IMAGING,IMAGING,0.7771183848381042,1,intra_paper
28197,28198,FIG_00028198,FIG_00028199,2601.14477v2,2601.14477v2,IMAGING,IMAGING,0.8905305862426758,1,intra_paper
28197,28199,FIG_00028198,FIG_00028200,2601.14477v2,2601.14477v2,IMAGING,IMAGING,0.8802393674850464,2,intra_paper
28214,28215,FIG_00028215,FIG_00028216,2601.14053v2,2601.14053v2,IMAGING,IMAGING,0.761279821395874,1,intra_paper
28223,28225,FIG_00028224,FIG_00028226,2601.14053v2,2601.14053v2,IMAGING,IMAGING,0.8244845271110535,4,intra_paper
28231,28241,FIG_00028232,FIG_00028242,2601.13987v1,2601.13987v1,IMAGING,IMAGING,0.7701830267906189,2,intra_paper
28231,28239,FIG_00028232,FIG_00028240,2601.13987v1,2601.13987v1,IMAGING,IMAGING,0.7681459784507751,3,intra_paper
28235,28238,FIG_00028236,FIG_00028239,2601.13987v1,2601.13987v1,IMAGING,IMAGING,0.7805830240249634,2,intra_paper
28239,28240,FIG_00028240,FIG_00028241,2601.13987v1,2601.13987v1,IMAGING,IMAGING,0.7580772638320923,2,intra_paper
28240,28241,FIG_00028241,FIG_00028242,2601.13987v1,2601.13987v1,IMAGING,IMAGING,0.7577016353607178,1,intra_paper
28242,28246,FIG_00028243,FIG_00028247,2601.13987v1,2601.13987v1,IMAGING,IMAGING,0.787563681602478,1,intra_paper
28244,28246,FIG_00028245,FIG_00028247,2601.13987v1,2601.13987v1,IMAGING,IMAGING,0.8043547868728638,2,intra_paper
28245,28246,FIG_00028246,FIG_00028247,2601.13987v1,2601.13987v1,IMAGING,IMAGING,0.8714463710784912,1,intra_paper
28263,28264,FIG_00028264,FIG_00028265,2601.13986v1,2601.13986v1,IMAGING,IMAGING,0.8902581930160522,1,intra_paper
28281,28284,FIG_00028282,FIG_00028285,2601.14337v1,2601.14337v1,IMAGING,IMAGING,0.7819743156433105,4,intra_paper
28320,28321,FIG_00028321,FIG_00028322,2601.13236v2,2601.13236v2,IMAGING,IMAGING,0.831963300704956,1,intra_paper
28323,28325,FIG_00028324,FIG_00028326,2601.13236v2,2601.13236v2,IMAGING,IMAGING,0.893684446811676,1,intra_paper
28333,28335,FIG_00028334,FIG_00028336,2601.13069v1,2601.13069v1,IMAGING,IMAGING,0.818564772605896,1,intra_paper
28336,28338,FIG_00028337,FIG_00028339,2601.13069v1,2601.13069v1,IMAGING,IMAGING,0.7677698135375977,1,intra_paper
28337,28341,FIG_00028338,FIG_00028342,2601.13069v1,2601.13069v1,IMAGING,IMAGING,0.875813364982605,1,intra_paper
28337,28338,FIG_00028338,FIG_00028339,2601.13069v1,2601.13069v1,IMAGING,IMAGING,0.778507649898529,2,intra_paper
28337,28343,FIG_00028338,FIG_00028344,2601.13069v1,2601.13069v1,IMAGING,IMAGING,0.7576920986175537,3,intra_paper
28338,28341,FIG_00028339,FIG_00028342,2601.13069v1,2601.13069v1,IMAGING,IMAGING,0.7775625586509705,1,intra_paper
28338,28339,FIG_00028339,FIG_00028340,2601.13069v1,2601.13069v1,IMAGING,IMAGING,0.7682676315307617,2,intra_paper
28341,28343,FIG_00028342,FIG_00028344,2601.13069v1,2601.13069v1,IMAGING,IMAGING,0.8599004745483398,1,intra_paper
28341,28342,FIG_00028342,FIG_00028343,2601.13069v1,2601.13069v1,IMAGING,IMAGING,0.7589942812919617,2,intra_paper
28342,28343,FIG_00028343,FIG_00028344,2601.13069v1,2601.13069v1,IMAGING,IMAGING,0.8322159051895142,1,intra_paper
28415,28420,FIG_00028416,FIG_00028421,2601.11833v2,2601.11833v2,IMAGING,IMAGING,0.803914487361908,1,intra_paper
28440,28441,FIG_00028441,FIG_00028442,2601.11689v2,2601.11689v2,IMAGING,IMAGING,0.8579888939857483,1,intra_paper
28453,28455,FIG_00028454,FIG_00028456,2601.11075v1,2601.11075v1,IMAGING,IMAGING,0.7834866046905518,1,intra_paper
28457,28458,FIG_00028458,FIG_00028459,2601.11680v2,2601.11680v2,IMAGING,IMAGING,0.8700975775718689,1,intra_paper
28457,28464,FIG_00028458,FIG_00028465,2601.11680v2,2601.11680v2,IMAGING,IMAGING,0.8613402247428894,2,intra_paper
28460,28467,FIG_00028461,FIG_00028468,2601.11680v2,2601.11680v2,IMAGING,IMAGING,0.7645594477653503,1,intra_paper
28462,28469,FIG_00028463,FIG_00028470,2601.11680v2,2601.11680v2,IMAGING,IMAGING,0.8767688274383545,1,intra_paper
28462,28466,FIG_00028463,FIG_00028467,2601.11680v2,2601.11680v2,IMAGING,IMAGING,0.7992392778396606,3,intra_paper
28466,28469,FIG_00028467,FIG_00028470,2601.11680v2,2601.11680v2,IMAGING,IMAGING,0.8328415155410767,1,intra_paper
28477,28492,FIG_00028478,FIG_00028493,2601.11674v1,2601.11674v1,IMAGING,IMAGING,0.7814902067184448,2,intra_paper
28478,28479,FIG_00028479,FIG_00028480,2601.11674v1,2601.11674v1,IMAGING,IMAGING,0.8518081307411194,3,intra_paper
28480,28485,FIG_00028481,FIG_00028486,2601.11674v1,2601.11674v1,IMAGING,IMAGING,0.8311033248901367,3,intra_paper
28480,28481,FIG_00028481,FIG_00028482,2601.11674v1,2601.11674v1,IMAGING,IMAGING,0.7835268378257751,4,intra_paper
28480,28493,FIG_00028481,FIG_00028494,2601.11674v1,2601.11674v1,IMAGING,IMAGING,0.7730218768119812,5,intra_paper
28481,28484,FIG_00028482,FIG_00028485,2601.11674v1,2601.11674v1,IMAGING,IMAGING,0.8919297456741333,2,intra_paper
28481,28483,FIG_00028482,FIG_00028484,2601.11674v1,2601.11674v1,IMAGING,IMAGING,0.8837530612945557,3,intra_paper
28481,28482,FIG_00028482,FIG_00028483,2601.11674v1,2601.11674v1,IMAGING,IMAGING,0.8213858604431152,4,intra_paper
28482,28484,FIG_00028483,FIG_00028485,2601.11674v1,2601.11674v1,IMAGING,IMAGING,0.8118649125099182,1,intra_paper
28482,28483,FIG_00028483,FIG_00028484,2601.11674v1,2601.11674v1,IMAGING,IMAGING,0.8030611276626587,2,intra_paper
28482,28485,FIG_00028483,FIG_00028486,2601.11674v1,2601.11674v1,IMAGING,IMAGING,0.7874888181686401,3,intra_paper
28483,28493,FIG_00028484,FIG_00028494,2601.11674v1,2601.11674v1,IMAGING,IMAGING,0.785578727722168,3,intra_paper
28484,28493,FIG_00028485,FIG_00028494,2601.11674v1,2601.11674v1,IMAGING,IMAGING,0.7839008569717407,2,intra_paper
28486,28489,FIG_00028487,FIG_00028490,2601.11674v1,2601.11674v1,IMAGING,IMAGING,0.7723297476768494,2,intra_paper
28487,28489,FIG_00028488,FIG_00028490,2601.11674v1,2601.11674v1,IMAGING,IMAGING,0.7812416553497314,1,intra_paper
28492,28493,FIG_00028493,FIG_00028494,2601.11674v1,2601.11674v1,IMAGING,IMAGING,0.7918620109558105,1,intra_paper
28493,28494,FIG_00028494,FIG_00028495,2601.11674v1,2601.11674v1,IMAGING,IMAGING,0.8292149901390076,1,intra_paper
28508,28512,FIG_00028509,FIG_00028513,2601.10912v5,2601.10912v5,IMAGING,IMAGING,0.7961632609367371,2,intra_paper
28511,28512,FIG_00028512,FIG_00028513,2601.10912v5,2601.10912v5,IMAGING,IMAGING,0.8990909457206726,1,intra_paper
28524,28525,FIG_00028525,FIG_00028526,2601.10412v1,2601.10412v1,IMAGING,IMAGING,0.869807243347168,1,intra_paper
28534,28535,FIG_00028535,FIG_00028536,2601.10250v1,2601.10250v1,IMAGING,IMAGING,0.8231139779090881,1,intra_paper
28550,28551,FIG_00028551,FIG_00028552,2605.31522v1,2605.31522v1,BIOINFO,BIOINFO,0.8936612606048584,1,intra_paper
28554,28556,FIG_00028555,FIG_00028557,2605.30591v1,2605.30591v1,BIOINFO,BIOINFO,0.8258534073829651,1,intra_paper
28554,28557,FIG_00028555,FIG_00028558,2605.30591v1,2605.30591v1,BIOINFO,BIOINFO,0.8218816518783569,2,intra_paper
28556,28557,FIG_00028557,FIG_00028558,2605.30591v1,2605.30591v1,BIOINFO,BIOINFO,0.8758876323699951,1,intra_paper
28559,28560,FIG_00028560,FIG_00028561,2605.30518v1,2605.30518v1,BIOINFO,BIOINFO,0.849515974521637,1,intra_paper
28561,28562,FIG_00028562,FIG_00028563,2605.30518v1,2605.30518v1,BIOINFO,BIOINFO,0.7600553035736084,2,intra_paper
28581,28589,FIG_00028582,FIG_00028590,2605.29907v1,2605.29907v1,BIOINFO,BIOINFO,0.8879411220550537,2,intra_paper
28582,28589,FIG_00028583,FIG_00028590,2605.29907v1,2605.29907v1,BIOINFO,BIOINFO,0.8435243368148804,1,intra_paper
28586,28587,FIG_00028587,FIG_00028588,2605.29907v1,2605.29907v1,BIOINFO,BIOINFO,0.8648090362548828,1,intra_paper
28591,28596,FIG_00028592,FIG_00028597,2605.29907v1,2605.29907v1,BIOINFO,BIOINFO,0.8969230651855469,3,intra_paper
28591,28594,FIG_00028592,FIG_00028595,2605.29907v1,2605.29907v1,BIOINFO,BIOINFO,0.8917016983032227,4,intra_paper
28591,28593,FIG_00028592,FIG_00028594,2605.29907v1,2605.29907v1,BIOINFO,BIOINFO,0.8854665160179138,5,intra_paper
28592,28593,FIG_00028593,FIG_00028594,2605.29907v1,2605.29907v1,BIOINFO,BIOINFO,0.8996486663818359,4,intra_paper
28592,28594,FIG_00028593,FIG_00028595,2605.29907v1,2605.29907v1,BIOINFO,BIOINFO,0.8956812620162964,5,intra_paper
28633,28636,FIG_00028634,FIG_00028637,2605.25465v1,2605.25465v1,BIOINFO,BIOINFO,0.764112114906311,3,intra_paper
28635,28636,FIG_00028636,FIG_00028637,2605.25465v1,2605.25465v1,BIOINFO,BIOINFO,0.8103412985801697,1,intra_paper
28635,28637,FIG_00028636,FIG_00028638,2605.25465v1,2605.25465v1,BIOINFO,BIOINFO,0.7949968576431274,2,intra_paper
28653,28654,FIG_00028654,FIG_00028655,2605.25295v1,2605.25295v1,BIOINFO,BIOINFO,0.8204663991928101,1,intra_paper
28660,28665,FIG_00028661,FIG_00028666,2605.25155v1,2605.25155v1,BIOINFO,BIOINFO,0.8067753314971924,2,intra_paper
28661,28669,FIG_00028662,FIG_00028670,2605.25155v1,2605.25155v1,BIOINFO,BIOINFO,0.867763340473175,4,intra_paper
28662,28669,FIG_00028663,FIG_00028670,2605.25155v1,2605.25155v1,BIOINFO,BIOINFO,0.8946651220321655,3,intra_paper
28662,28672,FIG_00028663,FIG_00028673,2605.25155v1,2605.25155v1,BIOINFO,BIOINFO,0.8404785394668579,5,intra_paper
28665,28669,FIG_00028666,FIG_00028670,2605.25155v1,2605.25155v1,BIOINFO,BIOINFO,0.8375184535980225,7,intra_paper
28681,28682,FIG_00028682,FIG_00028683,2605.25079v1,2605.25079v1,BIOINFO,BIOINFO,0.877271294593811,1,intra_paper
28681,28683,FIG_00028682,FIG_00028684,2605.25079v1,2605.25079v1,BIOINFO,BIOINFO,0.7949803471565247,12,intra_paper
28695,28702,FIG_00028696,FIG_00028703,2605.24170v1,2605.24170v1,BIOINFO,BIOINFO,0.8565223217010498,3,intra_paper
28695,28701,FIG_00028696,FIG_00028702,2605.24170v1,2605.24170v1,BIOINFO,BIOINFO,0.8512880802154541,6,intra_paper
28698,28700,FIG_00028699,FIG_00028701,2605.24170v1,2605.24170v1,BIOINFO,BIOINFO,0.887137770652771,5,intra_paper
28699,28705,FIG_00028700,FIG_00028706,2605.24170v1,2605.24170v1,BIOINFO,BIOINFO,0.8639277219772339,1,intra_paper
28699,28708,FIG_00028700,FIG_00028709,2605.24170v1,2605.24170v1,BIOINFO,BIOINFO,0.8574211001396179,3,intra_paper
28700,28701,FIG_00028701,FIG_00028702,2605.24170v1,2605.24170v1,BIOINFO,BIOINFO,0.8912780284881592,2,intra_paper
28703,28705,FIG_00028704,FIG_00028706,2605.24170v1,2605.24170v1,BIOINFO,BIOINFO,0.8584293127059937,3,intra_paper
28711,28713,FIG_00028712,FIG_00028714,2605.24135v1,2605.24135v1,BIOINFO,BIOINFO,0.8683803677558899,1,intra_paper
28711,28720,FIG_00028712,FIG_00028721,2605.24135v1,2605.24135v1,BIOINFO,BIOINFO,0.817781925201416,11,intra_paper
28713,28716,FIG_00028714,FIG_00028717,2605.24135v1,2605.24135v1,BIOINFO,BIOINFO,0.7901099920272827,8,intra_paper
28719,28723,FIG_00028720,FIG_00028724,2605.24135v1,2605.24135v1,BIOINFO,BIOINFO,0.8356935977935791,6,intra_paper
28731,28733,FIG_00028732,FIG_00028734,2605.23877v1,2605.23877v1,BIOINFO,BIOINFO,0.8919079303741455,1,intra_paper
28735,28738,FIG_00028736,FIG_00028739,2605.23745v1,2605.23745v1,BIOINFO,BIOINFO,0.8245207071304321,2,intra_paper
28736,28738,FIG_00028737,FIG_00028739,2605.23745v1,2605.23745v1,BIOINFO,BIOINFO,0.8274768590927124,1,intra_paper
28742,28746,FIG_00028743,FIG_00028747,2605.23169v1,2605.23169v1,BIOINFO,BIOINFO,0.8808349370956421,8,intra_paper
28743,28747,FIG_00028744,FIG_00028748,2605.23169v1,2605.23169v1,BIOINFO,BIOINFO,0.891645610332489,2,intra_paper
28743,28748,FIG_00028744,FIG_00028749,2605.23169v1,2605.23169v1,BIOINFO,BIOINFO,0.8913338780403137,3,intra_paper
28743,28751,FIG_00028744,FIG_00028752,2605.23169v1,2605.23169v1,BIOINFO,BIOINFO,0.8889057040214539,4,intra_paper
28743,28746,FIG_00028744,FIG_00028747,2605.23169v1,2605.23169v1,BIOINFO,BIOINFO,0.862317681312561,6,intra_paper
28743,28750,FIG_00028744,FIG_00028751,2605.23169v1,2605.23169v1,BIOINFO,BIOINFO,0.8488478660583496,8,intra_paper
28744,28751,FIG_00028745,FIG_00028752,2605.23169v1,2605.23169v1,BIOINFO,BIOINFO,0.776893675327301,1,intra_paper
28746,28750,FIG_00028747,FIG_00028751,2605.23169v1,2605.23169v1,BIOINFO,BIOINFO,0.895114541053772,2,intra_paper
28746,28748,FIG_00028747,FIG_00028749,2605.23169v1,2605.23169v1,BIOINFO,BIOINFO,0.8892696499824524,3,intra_paper
28747,28748,FIG_00028748,FIG_00028749,2605.23169v1,2605.23169v1,BIOINFO,BIOINFO,0.8903902173042297,2,intra_paper
28748,28750,FIG_00028749,FIG_00028751,2605.23169v1,2605.23169v1,BIOINFO,BIOINFO,0.8645908236503601,6,intra_paper
28752,28753,FIG_00028753,FIG_00028754,2605.23161v1,2605.23161v1,BIOINFO,BIOINFO,0.86881422996521,1,intra_paper
28810,28816,FIG_00028811,FIG_00028817,2605.21617v2,2605.21617v2,BIOINFO,BIOINFO,0.8814189434051514,2,intra_paper
28810,28815,FIG_00028811,FIG_00028816,2605.21617v2,2605.21617v2,BIOINFO,BIOINFO,0.8604259490966797,3,intra_paper
28812,28815,FIG_00028813,FIG_00028816,2605.21617v2,2605.21617v2,BIOINFO,BIOINFO,0.8621406555175781,1,intra_paper
28812,28816,FIG_00028813,FIG_00028817,2605.21617v2,2605.21617v2,BIOINFO,BIOINFO,0.8272212743759155,2,intra_paper
28812,28814,FIG_00028813,FIG_00028815,2605.21617v2,2605.21617v2,BIOINFO,BIOINFO,0.7710509300231934,3,intra_paper
28812,28818,FIG_00028813,FIG_00028819,2605.21617v2,2605.21617v2,BIOINFO,BIOINFO,0.7625166177749634,5,intra_paper
28814,28818,FIG_00028815,FIG_00028819,2605.21617v2,2605.21617v2,BIOINFO,BIOINFO,0.802518904209137,5,intra_paper
28815,28818,FIG_00028816,FIG_00028819,2605.21617v2,2605.21617v2,BIOINFO,BIOINFO,0.8356711864471436,3,intra_paper
28816,28818,FIG_00028817,FIG_00028819,2605.21617v2,2605.21617v2,BIOINFO,BIOINFO,0.8406801223754883,1,intra_paper
28845,28881,FIG_00028846,FIG_00028882,2605.20692v1,2605.20692v1,BIOINFO,BIOINFO,0.8071275949478149,2,intra_paper
28846,28850,FIG_00028847,FIG_00028851,2605.20692v1,2605.20692v1,BIOINFO,BIOINFO,0.8987300395965576,2,intra_paper
28846,28861,FIG_00028847,FIG_00028862,2605.20692v1,2605.20692v1,BIOINFO,BIOINFO,0.8655548095703125,3,intra_paper
28846,28880,FIG_00028847,FIG_00028881,2605.20692v1,2605.20692v1,BIOINFO,BIOINFO,0.8539793491363525,4,intra_paper
28846,28847,FIG_00028847,FIG_00028848,2605.20692v1,2605.20692v1,BIOINFO,BIOINFO,0.8417424559593201,9,intra_paper
28847,28850,FIG_00028848,FIG_00028851,2605.20692v1,2605.20692v1,BIOINFO,BIOINFO,0.8318893313407898,1,intra_paper
28847,28881,FIG_00028848,FIG_00028882,2605.20692v1,2605.20692v1,BIOINFO,BIOINFO,0.8309870362281799,2,intra_paper
28850,28880,FIG_00028851,FIG_00028881,2605.20692v1,2605.20692v1,BIOINFO,BIOINFO,0.8861154317855835,4,intra_paper
28861,28862,FIG_00028862,FIG_00028863,2605.20692v1,2605.20692v1,BIOINFO,BIOINFO,0.871403694152832,2,intra_paper
28862,28864,FIG_00028863,FIG_00028865,2605.20692v1,2605.20692v1,BIOINFO,BIOINFO,0.8490579724311829,1,intra_paper
28862,28865,FIG_00028863,FIG_00028866,2605.20692v1,2605.20692v1,BIOINFO,BIOINFO,0.8404240608215332,2,intra_paper
28864,28880,FIG_00028865,FIG_00028881,2605.20692v1,2605.20692v1,BIOINFO,BIOINFO,0.8550928831100464,2,intra_paper
28867,28869,FIG_00028868,FIG_00028870,2605.20692v1,2605.20692v1,BIOINFO,BIOINFO,0.8707278370857239,3,intra_paper
28868,28869,FIG_00028869,FIG_00028870,2605.20692v1,2605.20692v1,BIOINFO,BIOINFO,0.883743941783905,1,intra_paper
28871,28873,FIG_00028872,FIG_00028874,2605.20692v1,2605.20692v1,BIOINFO,BIOINFO,0.8930684924125671,2,intra_paper
28871,28879,FIG_00028872,FIG_00028880,2605.20692v1,2605.20692v1,BIOINFO,BIOINFO,0.8913634419441223,3,intra_paper
28918,28921,FIG_00028919,FIG_00028922,2605.19071v1,2605.19071v1,BIOINFO,BIOINFO,0.8879159688949585,5,intra_paper
28919,28931,FIG_00028920,FIG_00028932,2605.19071v1,2605.19071v1,BIOINFO,BIOINFO,0.8747678995132446,5,intra_paper
28922,28923,FIG_00028923,FIG_00028924,2605.19071v1,2605.19071v1,BIOINFO,BIOINFO,0.8014694452285767,1,intra_paper
28923,28932,FIG_00028924,FIG_00028933,2605.19071v1,2605.19071v1,BIOINFO,BIOINFO,0.8645692467689514,1,intra_paper
28927,28935,FIG_00028928,FIG_00028936,2605.19071v1,2605.19071v1,BIOINFO,BIOINFO,0.8968791961669922,3,intra_paper
28927,28933,FIG_00028928,FIG_00028934,2605.19071v1,2605.19071v1,BIOINFO,BIOINFO,0.8825555443763733,6,intra_paper
28932,28935,FIG_00028933,FIG_00028936,2605.19071v1,2605.19071v1,BIOINFO,BIOINFO,0.8801405429840088,3,intra_paper
28936,28941,FIG_00028937,FIG_00028942,2605.19050v1,2605.19050v1,BIOINFO,BIOINFO,0.7645086050033569,4,intra_paper
28939,28945,FIG_00028940,FIG_00028946,2605.19050v1,2605.19050v1,BIOINFO,BIOINFO,0.8723200559616089,2,intra_paper
28978,28980,FIG_00028979,FIG_00028981,2605.18685v1,2605.18685v1,BIOINFO,BIOINFO,0.8296323418617249,2,intra_paper
28989,28999,FIG_00028990,FIG_00029000,2605.18571v1,2605.18571v1,BIOINFO,BIOINFO,0.8632190227508545,15,intra_paper
29000,29001,FIG_00029001,FIG_00029002,2605.18571v1,2605.18571v1,BIOINFO,BIOINFO,0.8860571384429932,1,intra_paper
29006,29011,FIG_00029007,FIG_00029012,2605.18552v1,2605.18552v1,BIOINFO,BIOINFO,0.7732610106468201,1,intra_paper
29013,29017,FIG_00029014,FIG_00029018,2605.22853v1,2605.22853v1,BIOINFO,BIOINFO,0.7696458101272583,1,intra_paper
29033,29038,FIG_00029034,FIG_00029039,2605.17186v1,2605.17186v1,BIOINFO,BIOINFO,0.8868328332901001,1,intra_paper
29041,29053,FIG_00029042,FIG_00029054,2605.17129v1,2605.17129v1,BIOINFO,BIOINFO,0.8659908771514893,1,intra_paper
29042,29063,FIG_00029043,FIG_00029064,2605.17129v1,2605.17129v1,BIOINFO,BIOINFO,0.8848785161972046,1,intra_paper
29042,29057,FIG_00029043,FIG_00029058,2605.17129v1,2605.17129v1,BIOINFO,BIOINFO,0.8291493058204651,2,intra_paper
29042,29054,FIG_00029043,FIG_00029055,2605.17129v1,2605.17129v1,BIOINFO,BIOINFO,0.8111506700515747,5,intra_paper
29046,29047,FIG_00029047,FIG_00029048,2605.17129v1,2605.17129v1,BIOINFO,BIOINFO,0.8999671936035156,5,intra_paper
29048,29049,FIG_00029049,FIG_00029050,2605.17129v1,2605.17129v1,BIOINFO,BIOINFO,0.8802303075790405,1,intra_paper
29050,29062,FIG_00029051,FIG_00029063,2605.17129v1,2605.17129v1,BIOINFO,BIOINFO,0.8952953815460205,1,intra_paper
29052,29054,FIG_00029053,FIG_00029055,2605.17129v1,2605.17129v1,BIOINFO,BIOINFO,0.770706057548523,4,intra_paper
29057,29063,FIG_00029058,FIG_00029064,2605.17129v1,2605.17129v1,BIOINFO,BIOINFO,0.8748267889022827,4,intra_paper
29058,29059,FIG_00029059,FIG_00029060,2605.17129v1,2605.17129v1,BIOINFO,BIOINFO,0.8865816593170166,1,intra_paper
29075,29077,FIG_00029076,FIG_00029078,2605.16753v1,2605.16753v1,BIOINFO,BIOINFO,0.8325226902961731,3,intra_paper
29076,29077,FIG_00029077,FIG_00029078,2605.16753v1,2605.16753v1,BIOINFO,BIOINFO,0.836355984210968,2,intra_paper
29083,29088,FIG_00029084,FIG_00029089,2605.16724v1,2605.16724v1,BIOINFO,BIOINFO,0.8517321348190308,1,intra_paper
29085,29087,FIG_00029086,FIG_00029088,2605.16724v1,2605.16724v1,BIOINFO,BIOINFO,0.8761199712753296,1,intra_paper
29087,29090,FIG_00029088,FIG_00029091,2605.16724v1,2605.16724v1,BIOINFO,BIOINFO,0.8299890756607056,6,intra_paper
29089,29090,FIG_00029090,FIG_00029091,2605.16724v1,2605.16724v1,BIOINFO,BIOINFO,0.8916302919387817,1,intra_paper
29120,29123,FIG_00029121,FIG_00029124,2605.15364v1,2605.15364v1,BIOINFO,BIOINFO,0.8597195148468018,1,intra_paper
29152,29154,FIG_00029153,FIG_00029155,2605.14998v2,2605.14998v2,BIOINFO,BIOINFO,0.7803962230682373,1,intra_paper
29154,29156,FIG_00029155,FIG_00029157,2605.14998v2,2605.14998v2,BIOINFO,BIOINFO,0.7502821087837219,2,intra_paper
29157,29158,FIG_00029158,FIG_00029159,2605.14812v1,2605.14812v1,BIOINFO,BIOINFO,0.8134150505065918,5,intra_paper
29179,29180,FIG_00029180,FIG_00029181,2605.13504v1,2605.13504v1,BIOINFO,BIOINFO,0.8140496611595154,2,intra_paper
29180,29181,FIG_00029181,FIG_00029182,2605.13504v1,2605.13504v1,BIOINFO,BIOINFO,0.7982208728790283,4,intra_paper
29232,29233,FIG_00029233,FIG_00029234,2605.16392v1,2605.16392v1,BIOINFO,BIOINFO,0.757279098033905,1,intra_paper
29261,29264,FIG_00029262,FIG_00029265,2605.11197v1,2605.11197v1,BIOINFO,BIOINFO,0.8923198580741882,5,intra_paper
29262,29264,FIG_00029263,FIG_00029265,2605.11197v1,2605.11197v1,BIOINFO,BIOINFO,0.8910514712333679,4,intra_paper
29263,29266,FIG_00029264,FIG_00029267,2605.11197v1,2605.11197v1,BIOINFO,BIOINFO,0.891175389289856,1,intra_paper
29263,29265,FIG_00029264,FIG_00029266,2605.11197v1,2605.11197v1,BIOINFO,BIOINFO,0.891175389289856,2,intra_paper
29263,29264,FIG_00029264,FIG_00029265,2605.11197v1,2605.11197v1,BIOINFO,BIOINFO,0.8580865263938904,3,intra_paper
29280,29286,FIG_00029281,FIG_00029287,2605.09964v2,2605.09964v2,BIOINFO,BIOINFO,0.8918386697769165,1,intra_paper
29280,29283,FIG_00029281,FIG_00029284,2605.09964v2,2605.09964v2,BIOINFO,BIOINFO,0.8855538368225098,2,intra_paper
29281,29284,FIG_00029282,FIG_00029285,2605.09964v2,2605.09964v2,BIOINFO,BIOINFO,0.8784404397010803,3,intra_paper
29283,29286,FIG_00029284,FIG_00029287,2605.09964v2,2605.09964v2,BIOINFO,BIOINFO,0.8574305772781372,3,intra_paper
29321,29323,FIG_00029322,FIG_00029324,2605.08566v1,2605.08566v1,BIOINFO,BIOINFO,0.8731284141540527,2,intra_paper
29321,29326,FIG_00029322,FIG_00029327,2605.08566v1,2605.08566v1,BIOINFO,BIOINFO,0.8394104242324829,3,intra_paper
29321,29325,FIG_00029322,FIG_00029326,2605.08566v1,2605.08566v1,BIOINFO,BIOINFO,0.793874204158783,6,intra_paper
29322,29323,FIG_00029323,FIG_00029324,2605.08566v1,2605.08566v1,BIOINFO,BIOINFO,0.8232918977737427,1,intra_paper
29322,29326,FIG_00029323,FIG_00029327,2605.08566v1,2605.08566v1,BIOINFO,BIOINFO,0.8071917295455933,2,intra_paper
29323,29326,FIG_00029324,FIG_00029327,2605.08566v1,2605.08566v1,BIOINFO,BIOINFO,0.8337502479553223,1,intra_paper
29325,29326,FIG_00029326,FIG_00029327,2605.08566v1,2605.08566v1,BIOINFO,BIOINFO,0.8073917627334595,1,intra_paper
29327,29331,FIG_00029328,FIG_00029332,2605.08566v1,2605.08566v1,BIOINFO,BIOINFO,0.7885692119598389,6,intra_paper
29328,29331,FIG_00029329,FIG_00029332,2605.08566v1,2605.08566v1,BIOINFO,BIOINFO,0.7755109071731567,9,intra_paper
29343,29350,FIG_00029344,FIG_00029351,2605.07746v1,2605.07746v1,BIOINFO,BIOINFO,0.8675042390823364,2,intra_paper
29349,29350,FIG_00029350,FIG_00029351,2605.07746v1,2605.07746v1,BIOINFO,BIOINFO,0.8740719556808472,1,intra_paper
29356,29358,FIG_00029357,FIG_00029359,2605.07608v1,2605.07608v1,BIOINFO,BIOINFO,0.7700561285018921,1,intra_paper
29370,29376,FIG_00029371,FIG_00029377,2605.06879v1,2605.06879v1,BIOINFO,BIOINFO,0.8987741470336914,9,intra_paper
29370,29378,FIG_00029371,FIG_00029379,2605.06879v1,2605.06879v1,BIOINFO,BIOINFO,0.8948459625244141,10,intra_paper
29370,29379,FIG_00029371,FIG_00029380,2605.06879v1,2605.06879v1,BIOINFO,BIOINFO,0.8776878118515015,11,intra_paper
29371,29376,FIG_00029372,FIG_00029377,2605.06879v1,2605.06879v1,BIOINFO,BIOINFO,0.8980221152305603,10,intra_paper
29376,29381,FIG_00029377,FIG_00029382,2605.06879v1,2605.06879v1,BIOINFO,BIOINFO,0.8988704681396484,5,intra_paper
29382,29384,FIG_00029383,FIG_00029385,2605.06598v1,2605.06598v1,BIOINFO,BIOINFO,0.8057728409767151,1,intra_paper
29394,29395,FIG_00029395,FIG_00029396,2605.05985v1,2605.05985v1,BIOINFO,BIOINFO,0.768046498298645,3,intra_paper
29404,29405,FIG_00029405,FIG_00029406,2605.05778v2,2605.05778v2,BIOINFO,BIOINFO,0.776628315448761,1,intra_paper
29414,29423,FIG_00029415,FIG_00029424,2605.05706v1,2605.05706v1,BIOINFO,BIOINFO,0.889710545539856,6,intra_paper
29427,29428,FIG_00029428,FIG_00029429,2605.05284v2,2605.05284v2,BIOINFO,BIOINFO,0.8285298347473145,1,intra_paper
29472,29473,FIG_00029473,FIG_00029474,2605.04265v1,2605.04265v1,BIOINFO,BIOINFO,0.8946653604507446,4,intra_paper
29493,29498,FIG_00029494,FIG_00029499,2605.04118v2,2605.04118v2,BIOINFO,BIOINFO,0.870306134223938,9,intra_paper
29493,29497,FIG_00029494,FIG_00029498,2605.04118v2,2605.04118v2,BIOINFO,BIOINFO,0.8583089113235474,10,intra_paper
29493,29499,FIG_00029494,FIG_00029500,2605.04118v2,2605.04118v2,BIOINFO,BIOINFO,0.8571176528930664,11,intra_paper
29494,29499,FIG_00029495,FIG_00029500,2605.04118v2,2605.04118v2,BIOINFO,BIOINFO,0.8898119330406189,2,intra_paper
29494,29496,FIG_00029495,FIG_00029497,2605.04118v2,2605.04118v2,BIOINFO,BIOINFO,0.8772550821304321,5,intra_paper
29495,29497,FIG_00029496,FIG_00029498,2605.04118v2,2605.04118v2,BIOINFO,BIOINFO,0.8780476450920105,3,intra_paper
29495,29496,FIG_00029496,FIG_00029497,2605.04118v2,2605.04118v2,BIOINFO,BIOINFO,0.8675601482391357,4,intra_paper
29496,29498,FIG_00029497,FIG_00029499,2605.04118v2,2605.04118v2,BIOINFO,BIOINFO,0.893555223941803,4,intra_paper
29498,29499,FIG_00029499,FIG_00029500,2605.04118v2,2605.04118v2,BIOINFO,BIOINFO,0.8924203515052795,1,intra_paper
29503,29504,FIG_00029504,FIG_00029505,2605.03606v1,2605.03606v1,BIOINFO,BIOINFO,0.8074607253074646,1,intra_paper
29514,29521,FIG_00029515,FIG_00029522,2605.03578v1,2605.03578v1,BIOINFO,BIOINFO,0.8948706388473511,1,intra_paper
29550,29551,FIG_00029551,FIG_00029552,2605.03053v1,2605.03053v1,BIOINFO,BIOINFO,0.7842462062835693,1,intra_paper
29555,29559,FIG_00029556,FIG_00029560,2605.03053v1,2605.03053v1,BIOINFO,BIOINFO,0.843380331993103,1,intra_paper
29555,29560,FIG_00029556,FIG_00029561,2605.03053v1,2605.03053v1,BIOINFO,BIOINFO,0.8340486288070679,2,intra_paper
29555,29556,FIG_00029556,FIG_00029557,2605.03053v1,2605.03053v1,BIOINFO,BIOINFO,0.8180394172668457,3,intra_paper
29555,29557,FIG_00029556,FIG_00029558,2605.03053v1,2605.03053v1,BIOINFO,BIOINFO,0.7599997520446777,4,intra_paper
29555,29562,FIG_00029556,FIG_00029563,2605.03053v1,2605.03053v1,BIOINFO,BIOINFO,0.7521500587463379,5,intra_paper
29556,29560,FIG_00029557,FIG_00029561,2605.03053v1,2605.03053v1,BIOINFO,BIOINFO,0.8398025035858154,3,intra_paper
29559,29560,FIG_00029560,FIG_00029561,2605.03053v1,2605.03053v1,BIOINFO,BIOINFO,0.8564374446868896,1,intra_paper
29561,29562,FIG_00029562,FIG_00029563,2605.03053v1,2605.03053v1,BIOINFO,BIOINFO,0.8760559558868408,1,intra_paper
29576,29577,FIG_00029577,FIG_00029578,2605.01819v1,2605.01819v1,BIOINFO,BIOINFO,0.7570726871490479,4,intra_paper
29578,29580,FIG_00029579,FIG_00029581,2605.01472v1,2605.01472v1,BIOINFO,BIOINFO,0.7646529674530029,1,intra_paper
29582,29586,FIG_00029583,FIG_00029587,2605.01472v1,2605.01472v1,BIOINFO,BIOINFO,0.8885356187820435,1,intra_paper
29603,29611,FIG_00029604,FIG_00029612,2605.00730v1,2605.00730v1,BIOINFO,BIOINFO,0.8125780820846558,1,intra_paper
29603,29606,FIG_00029604,FIG_00029607,2605.00730v1,2605.00730v1,BIOINFO,BIOINFO,0.8112986087799072,2,intra_paper
29603,29607,FIG_00029604,FIG_00029608,2605.00730v1,2605.00730v1,BIOINFO,BIOINFO,0.7963947057723999,3,intra_paper
29606,29613,FIG_00029607,FIG_00029614,2605.00730v1,2605.00730v1,BIOINFO,BIOINFO,0.7645816206932068,1,intra_paper
29606,29611,FIG_00029607,FIG_00029612,2605.00730v1,2605.00730v1,BIOINFO,BIOINFO,0.7565380334854126,2,intra_paper
29607,29613,FIG_00029608,FIG_00029614,2605.00730v1,2605.00730v1,BIOINFO,BIOINFO,0.8033926486968994,2,intra_paper
29607,29608,FIG_00029608,FIG_00029609,2605.00730v1,2605.00730v1,BIOINFO,BIOINFO,0.7966902256011963,3,intra_paper
29608,29611,FIG_00029609,FIG_00029612,2605.00730v1,2605.00730v1,BIOINFO,BIOINFO,0.7904078960418701,1,intra_paper
29608,29612,FIG_00029609,FIG_00029613,2605.00730v1,2605.00730v1,BIOINFO,BIOINFO,0.7665451169013977,9,intra_paper
29609,29612,FIG_00029610,FIG_00029613,2605.00730v1,2605.00730v1,BIOINFO,BIOINFO,0.8486510515213013,1,intra_paper
29609,29613,FIG_00029610,FIG_00029614,2605.00730v1,2605.00730v1,BIOINFO,BIOINFO,0.7908923029899597,2,intra_paper
29611,29613,FIG_00029612,FIG_00029614,2605.00730v1,2605.00730v1,BIOINFO,BIOINFO,0.7958428859710693,1,intra_paper
29625,29626,FIG_00029626,FIG_00029627,2605.00948v1,2605.00948v1,BIOINFO,BIOINFO,0.8333641290664673,4,intra_paper
29652,29660,FIG_00029653,FIG_00029661,2605.00272v1,2605.00272v1,BIOINFO,BIOINFO,0.8651828765869141,2,intra_paper
29652,29657,FIG_00029653,FIG_00029658,2605.00272v1,2605.00272v1,BIOINFO,BIOINFO,0.7797989845275879,3,intra_paper
29657,29658,FIG_00029658,FIG_00029659,2605.00272v1,2605.00272v1,BIOINFO,BIOINFO,0.7727214097976685,1,intra_paper
29658,29660,FIG_00029659,FIG_00029661,2605.00272v1,2605.00272v1,BIOINFO,BIOINFO,0.7596085071563721,1,intra_paper
29666,29667,FIG_00029667,FIG_00029668,2605.00925v1,2605.00925v1,BIOINFO,BIOINFO,0.8953056931495667,1,intra_paper
29666,29668,FIG_00029667,FIG_00029669,2605.00925v1,2605.00925v1,BIOINFO,BIOINFO,0.8942669630050659,2,intra_paper
29666,29669,FIG_00029667,FIG_00029670,2605.00925v1,2605.00925v1,BIOINFO,BIOINFO,0.8653250336647034,3,intra_paper
29675,29677,FIG_00029676,FIG_00029678,2604.27726v1,2604.27726v1,BIOINFO,BIOINFO,0.808532178401947,1,intra_paper
29676,29681,FIG_00029677,FIG_00029682,2604.27726v1,2604.27726v1,BIOINFO,BIOINFO,0.8171154856681824,1,intra_paper
29699,29700,FIG_00029700,FIG_00029701,2604.26498v2,2604.26498v2,BIOINFO,BIOINFO,0.8524717092514038,1,intra_paper
29699,29701,FIG_00029700,FIG_00029702,2604.26498v2,2604.26498v2,BIOINFO,BIOINFO,0.8347522020339966,3,intra_paper
29700,29701,FIG_00029701,FIG_00029702,2604.26498v2,2604.26498v2,BIOINFO,BIOINFO,0.8972238898277283,1,intra_paper
29719,29721,FIG_00029720,FIG_00029722,2604.25371v1,2604.25371v1,BIOINFO,BIOINFO,0.7780842781066895,1,intra_paper
29725,29735,FIG_00029726,FIG_00029736,2604.25180v2,2604.25180v2,BIOINFO,BIOINFO,0.8974733352661133,1,intra_paper
29725,29736,FIG_00029726,FIG_00029737,2604.25180v2,2604.25180v2,BIOINFO,BIOINFO,0.8854762315750122,3,intra_paper
29726,29732,FIG_00029727,FIG_00029733,2604.25180v2,2604.25180v2,BIOINFO,BIOINFO,0.7527199983596802,1,intra_paper
29728,29730,FIG_00029729,FIG_00029731,2604.25180v2,2604.25180v2,BIOINFO,BIOINFO,0.897980809211731,1,intra_paper
29728,29731,FIG_00029729,FIG_00029732,2604.25180v2,2604.25180v2,BIOINFO,BIOINFO,0.8236221075057983,2,intra_paper
29730,29731,FIG_00029731,FIG_00029732,2604.25180v2,2604.25180v2,BIOINFO,BIOINFO,0.8962353467941284,1,intra_paper
29732,29733,FIG_00029733,FIG_00029734,2604.25180v2,2604.25180v2,BIOINFO,BIOINFO,0.7634524703025818,1,intra_paper
29756,29759,FIG_00029757,FIG_00029760,2604.23408v1,2604.23408v1,BIOINFO,BIOINFO,0.8774653673171997,3,intra_paper
29760,29761,FIG_00029761,FIG_00029762,2604.23408v1,2604.23408v1,BIOINFO,BIOINFO,0.8830704689025879,1,intra_paper
29760,29766,FIG_00029761,FIG_00029767,2604.23408v1,2604.23408v1,BIOINFO,BIOINFO,0.8752315044403076,2,intra_paper
29760,29763,FIG_00029761,FIG_00029764,2604.23408v1,2604.23408v1,BIOINFO,BIOINFO,0.858686089515686,4,intra_paper
29760,29767,FIG_00029761,FIG_00029768,2604.23408v1,2604.23408v1,BIOINFO,BIOINFO,0.8327134847640991,5,intra_paper
29760,29762,FIG_00029761,FIG_00029763,2604.23408v1,2604.23408v1,BIOINFO,BIOINFO,0.8283514380455017,6,intra_paper
29760,29764,FIG_00029761,FIG_00029765,2604.23408v1,2604.23408v1,BIOINFO,BIOINFO,0.8144056797027588,8,intra_paper
29762,29764,FIG_00029763,FIG_00029765,2604.23408v1,2604.23408v1,BIOINFO,BIOINFO,0.8963156938552856,1,intra_paper
29762,29767,FIG_00029763,FIG_00029768,2604.23408v1,2604.23408v1,BIOINFO,BIOINFO,0.8944977521896362,2,intra_paper
29762,29766,FIG_00029763,FIG_00029767,2604.23408v1,2604.23408v1,BIOINFO,BIOINFO,0.8729120492935181,3,intra_paper
29762,29765,FIG_00029763,FIG_00029766,2604.23408v1,2604.23408v1,BIOINFO,BIOINFO,0.8432246446609497,4,intra_paper
29764,29767,FIG_00029765,FIG_00029768,2604.23408v1,2604.23408v1,BIOINFO,BIOINFO,0.8385597467422485,2,intra_paper
29765,29767,FIG_00029766,FIG_00029768,2604.23408v1,2604.23408v1,BIOINFO,BIOINFO,0.8242592215538025,1,intra_paper
29766,29767,FIG_00029767,FIG_00029768,2604.23408v1,2604.23408v1,BIOINFO,BIOINFO,0.8273048400878906,1,intra_paper
29782,29783,FIG_00029783,FIG_00029784,2604.22744v1,2604.22744v1,BIOINFO,BIOINFO,0.8979784250259399,3,intra_paper
29782,29784,FIG_00029783,FIG_00029785,2604.22744v1,2604.22744v1,BIOINFO,BIOINFO,0.8861907720565796,9,intra_paper
29787,29789,FIG_00029788,FIG_00029790,2604.21988v1,2604.21988v1,BIOINFO,BIOINFO,0.7913087606430054,1,intra_paper
29794,29795,FIG_00029795,FIG_00029796,2604.21828v1,2604.21828v1,BIOINFO,BIOINFO,0.8816078305244446,2,intra_paper
29802,29804,FIG_00029803,FIG_00029805,2604.21573v1,2604.21573v1,BIOINFO,BIOINFO,0.8937894701957703,1,intra_paper
29811,29813,FIG_00029812,FIG_00029814,2604.21260v1,2604.21260v1,BIOINFO,BIOINFO,0.8416017889976501,2,intra_paper
29812,29813,FIG_00029813,FIG_00029814,2604.21260v1,2604.21260v1,BIOINFO,BIOINFO,0.8927518129348755,1,intra_paper
29816,29822,FIG_00029817,FIG_00029823,2604.20981v1,2604.20981v1,BIOINFO,BIOINFO,0.8957793712615967,2,intra_paper
29817,29822,FIG_00029818,FIG_00029823,2604.20981v1,2604.20981v1,BIOINFO,BIOINFO,0.8928899765014648,1,intra_paper
29830,29831,FIG_00029831,FIG_00029832,2604.20942v1,2604.20942v1,BIOINFO,BIOINFO,0.8841373324394226,1,intra_paper
29844,29845,FIG_00029845,FIG_00029846,2604.20615v2,2604.20615v2,BIOINFO,BIOINFO,0.8706187009811401,1,intra_paper
29844,29847,FIG_00029845,FIG_00029848,2604.20615v2,2604.20615v2,BIOINFO,BIOINFO,0.8671391010284424,2,intra_paper
29844,29848,FIG_00029845,FIG_00029849,2604.20615v2,2604.20615v2,BIOINFO,BIOINFO,0.7942156195640564,5,intra_paper
29845,29848,FIG_00029846,FIG_00029849,2604.20615v2,2604.20615v2,BIOINFO,BIOINFO,0.8107007145881653,1,intra_paper
29845,29847,FIG_00029846,FIG_00029848,2604.20615v2,2604.20615v2,BIOINFO,BIOINFO,0.8080348968505859,2,intra_paper
29847,29848,FIG_00029848,FIG_00029849,2604.20615v2,2604.20615v2,BIOINFO,BIOINFO,0.7678513526916504,1,intra_paper
29850,29851,FIG_00029851,FIG_00029852,2604.20263v1,2604.20263v1,BIOINFO,BIOINFO,0.8953666090965271,1,intra_paper
29870,29871,FIG_00029871,FIG_00029872,2604.19718v1,2604.19718v1,BIOINFO,BIOINFO,0.8588207960128784,1,intra_paper
29871,29876,FIG_00029872,FIG_00029877,2604.19718v1,2604.19718v1,BIOINFO,BIOINFO,0.8528274297714233,2,intra_paper
29872,29873,FIG_00029873,FIG_00029874,2604.19718v1,2604.19718v1,BIOINFO,BIOINFO,0.8697393536567688,1,intra_paper
29879,29882,FIG_00029880,FIG_00029883,2604.19563v1,2604.19563v1,BIOINFO,BIOINFO,0.8500548601150513,1,intra_paper
29891,29893,FIG_00029892,FIG_00029894,2604.18548v1,2604.18548v1,BIOINFO,BIOINFO,0.8783782720565796,1,intra_paper
29901,29902,FIG_00029902,FIG_00029903,2604.18230v1,2604.18230v1,BIOINFO,BIOINFO,0.8020411133766174,2,intra_paper
29903,29911,FIG_00029904,FIG_00029912,2604.18230v1,2604.18230v1,BIOINFO,BIOINFO,0.8897425532341003,1,intra_paper
29903,29910,FIG_00029904,FIG_00029911,2604.18230v1,2604.18230v1,BIOINFO,BIOINFO,0.8341596126556396,2,intra_paper
29905,29908,FIG_00029906,FIG_00029909,2604.18230v1,2604.18230v1,BIOINFO,BIOINFO,0.8925597071647644,3,intra_paper
29907,29908,FIG_00029908,FIG_00029909,2604.18230v1,2604.18230v1,BIOINFO,BIOINFO,0.8931249976158142,1,intra_paper
29910,29911,FIG_00029911,FIG_00029912,2604.18230v1,2604.18230v1,BIOINFO,BIOINFO,0.8828274011611938,1,intra_paper
29919,29920,FIG_00029920,FIG_00029921,2604.18634v1,2604.18634v1,BIOINFO,BIOINFO,0.8686229586601257,1,intra_paper
29929,29930,FIG_00029930,FIG_00029931,2604.16896v1,2604.16896v1,BIOINFO,BIOINFO,0.8905365467071533,1,intra_paper
29935,29950,FIG_00029936,FIG_00029951,2604.16851v1,2604.16851v1,BIOINFO,BIOINFO,0.8857953548431396,1,intra_paper
29937,29938,FIG_00029938,FIG_00029939,2604.16851v1,2604.16851v1,BIOINFO,BIOINFO,0.8896766901016235,1,intra_paper
29937,29975,FIG_00029938,FIG_00029976,2604.16851v1,2604.16851v1,BIOINFO,BIOINFO,0.820855438709259,2,intra_paper
29938,29975,FIG_00029939,FIG_00029976,2604.16851v1,2604.16851v1,BIOINFO,BIOINFO,0.8130789995193481,1,intra_paper
29938,29941,FIG_00029939,FIG_00029942,2604.16851v1,2604.16851v1,BIOINFO,BIOINFO,0.8053348064422607,2,intra_paper
29938,29943,FIG_00029939,FIG_00029944,2604.16851v1,2604.16851v1,BIOINFO,BIOINFO,0.7947771549224854,3,intra_paper
29938,29944,FIG_00029939,FIG_00029945,2604.16851v1,2604.16851v1,BIOINFO,BIOINFO,0.7783797979354858,4,intra_paper
29941,29947,FIG_00029942,FIG_00029948,2604.16851v1,2604.16851v1,BIOINFO,BIOINFO,0.7895393371582031,1,intra_paper
29941,29944,FIG_00029942,FIG_00029945,2604.16851v1,2604.16851v1,BIOINFO,BIOINFO,0.7646698951721191,2,intra_paper
29941,29945,FIG_00029942,FIG_00029946,2604.16851v1,2604.16851v1,BIOINFO,BIOINFO,0.7638520002365112,3,intra_paper
29941,29981,FIG_00029942,FIG_00029982,2604.16851v1,2604.16851v1,BIOINFO,BIOINFO,0.7585771083831787,4,intra_paper
29941,29976,FIG_00029942,FIG_00029977,2604.16851v1,2604.16851v1,BIOINFO,BIOINFO,0.7516605854034424,5,intra_paper
29943,29976,FIG_00029944,FIG_00029977,2604.16851v1,2604.16851v1,BIOINFO,BIOINFO,0.7530313730239868,1,intra_paper
29944,29945,FIG_00029945,FIG_00029946,2604.16851v1,2604.16851v1,BIOINFO,BIOINFO,0.8792052268981934,1,intra_paper
29947,29989,FIG_00029948,FIG_00029990,2604.16851v1,2604.16851v1,BIOINFO,BIOINFO,0.8284982442855835,1,intra_paper
29947,29992,FIG_00029948,FIG_00029993,2604.16851v1,2604.16851v1,BIOINFO,BIOINFO,0.8244363069534302,2,intra_paper
29947,29991,FIG_00029948,FIG_00029992,2604.16851v1,2604.16851v1,BIOINFO,BIOINFO,0.8157615661621094,3,intra_paper
29947,29990,FIG_00029948,FIG_00029991,2604.16851v1,2604.16851v1,BIOINFO,BIOINFO,0.7931386232376099,4,intra_paper
29947,29982,FIG_00029948,FIG_00029983,2604.16851v1,2604.16851v1,BIOINFO,BIOINFO,0.784428596496582,5,intra_paper
29947,29981,FIG_00029948,FIG_00029982,2604.16851v1,2604.16851v1,BIOINFO,BIOINFO,0.777331531047821,6,intra_paper
29965,29971,FIG_00029966,FIG_00029972,2604.16851v1,2604.16851v1,BIOINFO,BIOINFO,0.8916827440261841,1,intra_paper
29968,29998,FIG_00029969,FIG_00029999,2604.16851v1,2604.16851v1,BIOINFO,BIOINFO,0.8194102048873901,1,intra_paper
29977,29978,FIG_00029978,FIG_00029979,2604.16851v1,2604.16851v1,BIOINFO,BIOINFO,0.8907521963119507,1,intra_paper
29977,29980,FIG_00029978,FIG_00029981,2604.16851v1,2604.16851v1,BIOINFO,BIOINFO,0.7647620439529419,2,intra_paper
29979,29980,FIG_00029980,FIG_00029981,2604.16851v1,2604.16851v1,BIOINFO,BIOINFO,0.8648961782455444,1,intra_paper
29980,29986,FIG_00029981,FIG_00029987,2604.16851v1,2604.16851v1,BIOINFO,BIOINFO,0.7848324775695801,1,intra_paper
29981,29991,FIG_00029982,FIG_00029992,2604.16851v1,2604.16851v1,BIOINFO,BIOINFO,0.8300445079803467,2,intra_paper
29981,29992,FIG_00029982,FIG_00029993,2604.16851v1,2604.16851v1,BIOINFO,BIOINFO,0.791405200958252,3,intra_paper
29981,29989,FIG_00029982,FIG_00029990,2604.16851v1,2604.16851v1,BIOINFO,BIOINFO,0.7541213631629944,4,intra_paper
29981,29990,FIG_00029982,FIG_00029991,2604.16851v1,2604.16851v1,BIOINFO,BIOINFO,0.7509374022483826,5,intra_paper
29982,29991,FIG_00029983,FIG_00029992,2604.16851v1,2604.16851v1,BIOINFO,BIOINFO,0.823066771030426,1,intra_paper
29982,29992,FIG_00029983,FIG_00029993,2604.16851v1,2604.16851v1,BIOINFO,BIOINFO,0.7885706424713135,2,intra_paper
29982,29989,FIG_00029983,FIG_00029990,2604.16851v1,2604.16851v1,BIOINFO,BIOINFO,0.7699469923973083,3,intra_paper
29983,29984,FIG_00029984,FIG_00029985,2604.16851v1,2604.16851v1,BIOINFO,BIOINFO,0.823501706123352,1,intra_paper
29984,29989,FIG_00029985,FIG_00029990,2604.16851v1,2604.16851v1,BIOINFO,BIOINFO,0.8455060720443726,1,intra_paper
29984,29992,FIG_00029985,FIG_00029993,2604.16851v1,2604.16851v1,BIOINFO,BIOINFO,0.8372558355331421,2,intra_paper
29984,29990,FIG_00029985,FIG_00029991,2604.16851v1,2604.16851v1,BIOINFO,BIOINFO,0.7983955144882202,3,intra_paper
29984,29991,FIG_00029985,FIG_00029992,2604.16851v1,2604.16851v1,BIOINFO,BIOINFO,0.7969738245010376,4,intra_paper
29985,29987,FIG_00029986,FIG_00029988,2604.16851v1,2604.16851v1,BIOINFO,BIOINFO,0.8273766040802002,1,intra_paper
29985,29986,FIG_00029986,FIG_00029987,2604.16851v1,2604.16851v1,BIOINFO,BIOINFO,0.8161989450454712,2,intra_paper
29985,29988,FIG_00029986,FIG_00029989,2604.16851v1,2604.16851v1,BIOINFO,BIOINFO,0.7514523863792419,3,intra_paper
29986,29987,FIG_00029987,FIG_00029988,2604.16851v1,2604.16851v1,BIOINFO,BIOINFO,0.8932678699493408,1,intra_paper
29986,29988,FIG_00029987,FIG_00029989,2604.16851v1,2604.16851v1,BIOINFO,BIOINFO,0.8716086149215698,2,intra_paper
29987,29988,FIG_00029988,FIG_00029989,2604.16851v1,2604.16851v1,BIOINFO,BIOINFO,0.8883056640625,1,intra_paper
29989,29990,FIG_00029990,FIG_00029991,2604.16851v1,2604.16851v1,BIOINFO,BIOINFO,0.8985983729362488,2,intra_paper
29989,29991,FIG_00029990,FIG_00029992,2604.16851v1,2604.16851v1,BIOINFO,BIOINFO,0.8569037914276123,3,intra_paper
29990,29991,FIG_00029991,FIG_00029992,2604.16851v1,2604.16851v1,BIOINFO,BIOINFO,0.8670342564582825,2,intra_paper
29991,29992,FIG_00029992,FIG_00029993,2604.16851v1,2604.16851v1,BIOINFO,BIOINFO,0.892646074295044,1,intra_paper
30006,30008,FIG_00030007,FIG_00030009,2604.16648v1,2604.16648v1,BIOINFO,BIOINFO,0.8910770416259766,1,intra_paper
30006,30007,FIG_00030007,FIG_00030008,2604.16648v1,2604.16648v1,BIOINFO,BIOINFO,0.8438433408737183,3,intra_paper
30010,30021,FIG_00030011,FIG_00030022,2604.16642v2,2604.16642v2,BIOINFO,BIOINFO,0.8781824111938477,4,intra_paper
30012,30021,FIG_00030013,FIG_00030022,2604.16642v2,2604.16642v2,BIOINFO,BIOINFO,0.8640605211257935,1,intra_paper
30014,30021,FIG_00030015,FIG_00030022,2604.16642v2,2604.16642v2,BIOINFO,BIOINFO,0.847798228263855,2,intra_paper
30027,30030,FIG_00030028,FIG_00030031,2604.16586v1,2604.16586v1,BIOINFO,BIOINFO,0.8312585353851318,2,intra_paper
30038,30042,FIG_00030039,FIG_00030043,2604.19850v1,2604.19850v1,BIOINFO,BIOINFO,0.8644835352897644,1,intra_paper
30038,30041,FIG_00030039,FIG_00030042,2604.19850v1,2604.19850v1,BIOINFO,BIOINFO,0.8546979427337646,2,intra_paper
30041,30042,FIG_00030042,FIG_00030043,2604.19850v1,2604.19850v1,BIOINFO,BIOINFO,0.8916721343994141,1,intra_paper
30044,30048,FIG_00030045,FIG_00030049,2604.15598v2,2604.15598v2,BIOINFO,BIOINFO,0.8346953392028809,2,intra_paper
30046,30048,FIG_00030047,FIG_00030049,2604.15598v2,2604.15598v2,BIOINFO,BIOINFO,0.8271307945251465,1,intra_paper
30047,30048,FIG_00030048,FIG_00030049,2604.15598v2,2604.15598v2,BIOINFO,BIOINFO,0.7796377539634705,3,intra_paper
30057,30059,FIG_00030058,FIG_00030060,2604.15481v1,2604.15481v1,BIOINFO,BIOINFO,0.8301176428794861,2,intra_paper
30058,30059,FIG_00030059,FIG_00030060,2604.15481v1,2604.15481v1,BIOINFO,BIOINFO,0.8646493554115295,4,intra_paper
30062,30065,FIG_00030063,FIG_00030066,2604.15391v1,2604.15391v1,BIOINFO,BIOINFO,0.8630775213241577,5,intra_paper
30074,30081,FIG_00030075,FIG_00030082,2604.13980v1,2604.13980v1,BIOINFO,BIOINFO,0.8674716949462891,1,intra_paper
30074,30083,FIG_00030075,FIG_00030084,2604.13980v1,2604.13980v1,BIOINFO,BIOINFO,0.8447636365890503,4,intra_paper
30074,30084,FIG_00030075,FIG_00030085,2604.13980v1,2604.13980v1,BIOINFO,BIOINFO,0.8433929681777954,5,intra_paper
30077,30088,FIG_00030078,FIG_00030089,2604.13980v1,2604.13980v1,BIOINFO,BIOINFO,0.8937870860099792,2,intra_paper
30078,30080,FIG_00030079,FIG_00030081,2604.13980v1,2604.13980v1,BIOINFO,BIOINFO,0.8773186206817627,4,intra_paper
30096,30107,FIG_00030097,FIG_00030108,2604.14241v2,2604.14241v2,BIOINFO,BIOINFO,0.8825767040252686,7,intra_paper
30097,30107,FIG_00030098,FIG_00030108,2604.14241v2,2604.14241v2,BIOINFO,BIOINFO,0.8810277581214905,6,intra_paper
30099,30107,FIG_00030100,FIG_00030108,2604.14241v2,2604.14241v2,BIOINFO,BIOINFO,0.8834937214851379,6,intra_paper
30100,30101,FIG_00030101,FIG_00030102,2604.14241v2,2604.14241v2,BIOINFO,BIOINFO,0.8885683417320251,1,intra_paper
30100,30106,FIG_00030101,FIG_00030107,2604.14241v2,2604.14241v2,BIOINFO,BIOINFO,0.7940058708190918,2,intra_paper
30102,30107,FIG_00030103,FIG_00030108,2604.14241v2,2604.14241v2,BIOINFO,BIOINFO,0.8785912990570068,4,intra_paper
30104,30107,FIG_00030105,FIG_00030108,2604.14241v2,2604.14241v2,BIOINFO,BIOINFO,0.8949079513549805,1,intra_paper
30105,30107,FIG_00030106,FIG_00030108,2604.14241v2,2604.14241v2,BIOINFO,BIOINFO,0.8949079513549805,1,intra_paper
30150,30152,FIG_00030151,FIG_00030153,2604.10609v1,2604.10609v1,BIOINFO,BIOINFO,0.7715663313865662,10,intra_paper
30151,30153,FIG_00030152,FIG_00030154,2604.10609v1,2604.10609v1,BIOINFO,BIOINFO,0.8880393505096436,1,intra_paper
30152,30153,FIG_00030153,FIG_00030154,2604.10609v1,2604.10609v1,BIOINFO,BIOINFO,0.7628591656684875,7,intra_paper
30156,30157,FIG_00030157,FIG_00030158,2604.11824v2,2604.11824v2,BIOINFO,BIOINFO,0.8974747657775879,3,intra_paper
30157,30159,FIG_00030158,FIG_00030160,2604.11824v2,2604.11824v2,BIOINFO,BIOINFO,0.8702287077903748,1,intra_paper
30157,30160,FIG_00030158,FIG_00030161,2604.11824v2,2604.11824v2,BIOINFO,BIOINFO,0.8585951328277588,2,intra_paper
30174,30176,FIG_00030175,FIG_00030177,2604.09370v1,2604.09370v1,BIOINFO,BIOINFO,0.8617095351219177,1,intra_paper
30187,30188,FIG_00030188,FIG_00030189,2604.08634v1,2604.08634v1,BIOINFO,BIOINFO,0.8535324335098267,1,intra_paper
30200,30202,FIG_00030201,FIG_00030203,2604.07576v1,2604.07576v1,BIOINFO,BIOINFO,0.8559998869895935,3,intra_paper
30201,30203,FIG_00030202,FIG_00030204,2604.07576v1,2604.07576v1,BIOINFO,BIOINFO,0.7584618330001831,1,intra_paper
30205,30208,FIG_00030206,FIG_00030209,2604.07576v1,2604.07576v1,BIOINFO,BIOINFO,0.7957203388214111,3,intra_paper
30205,30207,FIG_00030206,FIG_00030208,2604.07576v1,2604.07576v1,BIOINFO,BIOINFO,0.7643289566040039,4,intra_paper
30208,30211,FIG_00030209,FIG_00030212,2604.07576v1,2604.07576v1,BIOINFO,BIOINFO,0.8997587561607361,1,intra_paper
30208,30210,FIG_00030209,FIG_00030211,2604.07576v1,2604.07576v1,BIOINFO,BIOINFO,0.7577443718910217,2,intra_paper
30223,30224,FIG_00030224,FIG_00030225,2604.07557v1,2604.07557v1,BIOINFO,BIOINFO,0.8549386858940125,1,intra_paper
30247,30248,FIG_00030248,FIG_00030249,2604.06269v2,2604.06269v2,BIOINFO,BIOINFO,0.886276125907898,1,intra_paper
30258,30262,FIG_00030259,FIG_00030263,2604.06262v1,2604.06262v1,BIOINFO,BIOINFO,0.8934993743896484,3,intra_paper
30258,30263,FIG_00030259,FIG_00030264,2604.06262v1,2604.06262v1,BIOINFO,BIOINFO,0.8698111176490784,4,intra_paper
30282,30283,FIG_00030283,FIG_00030284,2604.04239v1,2604.04239v1,BIOINFO,BIOINFO,0.8991565704345703,1,intra_paper
30287,30288,FIG_00030288,FIG_00030289,2604.04155v1,2604.04155v1,BIOINFO,BIOINFO,0.8827918171882629,1,intra_paper
30303,30304,FIG_00030304,FIG_00030305,2604.03911v1,2604.03911v1,BIOINFO,BIOINFO,0.8829243183135986,1,intra_paper
30303,30306,FIG_00030304,FIG_00030307,2604.03911v1,2604.03911v1,BIOINFO,BIOINFO,0.8736515641212463,2,intra_paper
30307,30308,FIG_00030308,FIG_00030309,2604.03911v1,2604.03911v1,BIOINFO,BIOINFO,0.8692074418067932,1,intra_paper
30326,30327,FIG_00030327,FIG_00030328,2604.04958v2,2604.04958v2,BIOINFO,BIOINFO,0.8836036920547485,1,intra_paper
30327,30329,FIG_00030328,FIG_00030330,2604.04958v2,2604.04958v2,BIOINFO,BIOINFO,0.8760313391685486,2,intra_paper
30327,30328,FIG_00030328,FIG_00030329,2604.04958v2,2604.04958v2,BIOINFO,BIOINFO,0.8664501905441284,5,intra_paper
30330,30333,FIG_00030331,FIG_00030334,2604.04958v2,2604.04958v2,BIOINFO,BIOINFO,0.8319907188415527,8,intra_paper
30331,30333,FIG_00030332,FIG_00030334,2604.04958v2,2604.04958v2,BIOINFO,BIOINFO,0.8515408039093018,2,intra_paper
30354,30363,FIG_00030355,FIG_00030364,2604.01385v1,2604.01385v1,BIOINFO,BIOINFO,0.8974263668060303,8,intra_paper
30354,30365,FIG_00030355,FIG_00030366,2604.01385v1,2604.01385v1,BIOINFO,BIOINFO,0.8594855070114136,10,intra_paper
30358,30364,FIG_00030359,FIG_00030365,2604.01385v1,2604.01385v1,BIOINFO,BIOINFO,0.8834121823310852,6,intra_paper
30373,30377,FIG_00030374,FIG_00030378,2604.01252v1,2604.01252v1,BIOINFO,BIOINFO,0.8717425465583801,4,intra_paper
30382,30386,FIG_00030383,FIG_00030387,2604.01252v1,2604.01252v1,BIOINFO,BIOINFO,0.8592240214347839,6,intra_paper
30388,30392,FIG_00030389,FIG_00030393,2604.00243v1,2604.00243v1,BIOINFO,BIOINFO,0.7614964842796326,2,intra_paper
30416,30417,FIG_00030417,FIG_00030418,2603.29684v1,2603.29684v1,BIOINFO,BIOINFO,0.8876035213470459,1,intra_paper
30441,30442,FIG_00030442,FIG_00030443,2603.27484v1,2603.27484v1,BIOINFO,BIOINFO,0.8597387075424194,1,intra_paper
30441,30444,FIG_00030442,FIG_00030445,2603.27484v1,2603.27484v1,BIOINFO,BIOINFO,0.832008957862854,2,intra_paper
30444,30445,FIG_00030445,FIG_00030446,2603.27484v1,2603.27484v1,BIOINFO,BIOINFO,0.8276227712631226,1,intra_paper
30463,30469,FIG_00030464,FIG_00030470,2603.26994v1,2603.26994v1,BIOINFO,BIOINFO,0.8442964553833008,5,intra_paper
30469,30475,FIG_00030470,FIG_00030476,2603.26994v1,2603.26994v1,BIOINFO,BIOINFO,0.8996148109436035,1,intra_paper
30469,30470,FIG_00030470,FIG_00030471,2603.26994v1,2603.26994v1,BIOINFO,BIOINFO,0.8919771909713745,2,intra_paper
30490,30494,FIG_00030491,FIG_00030495,2603.25986v1,2603.25986v1,BIOINFO,BIOINFO,0.8984729051589966,1,intra_paper
30491,30493,FIG_00030492,FIG_00030494,2603.25986v1,2603.25986v1,BIOINFO,BIOINFO,0.8782759308815002,1,intra_paper
30523,30533,FIG_00030524,FIG_00030534,2603.25455v1,2603.25455v1,BIOINFO,BIOINFO,0.7889659404754639,2,intra_paper
30523,30532,FIG_00030524,FIG_00030533,2603.25455v1,2603.25455v1,BIOINFO,BIOINFO,0.7857791781425476,3,intra_paper
30523,30528,FIG_00030524,FIG_00030529,2603.25455v1,2603.25455v1,BIOINFO,BIOINFO,0.7754250764846802,5,intra_paper
30537,30541,FIG_00030538,FIG_00030542,2603.25283v1,2603.25283v1,BIOINFO,BIOINFO,0.8782151937484741,1,intra_paper
30545,30549,FIG_00030546,FIG_00030550,2603.25240v1,2603.25240v1,BIOINFO,BIOINFO,0.8347265720367432,1,intra_paper
30545,30551,FIG_00030546,FIG_00030552,2603.25240v1,2603.25240v1,BIOINFO,BIOINFO,0.8241978287696838,2,intra_paper
30556,30558,FIG_00030557,FIG_00030559,2603.24745v1,2603.24745v1,BIOINFO,BIOINFO,0.823223352432251,1,intra_paper
30562,30565,FIG_00030563,FIG_00030566,2603.24745v1,2603.24745v1,BIOINFO,BIOINFO,0.8295766115188599,6,intra_paper
30564,30565,FIG_00030565,FIG_00030566,2603.24745v1,2603.24745v1,BIOINFO,BIOINFO,0.8483301401138306,1,intra_paper
30573,30576,FIG_00030574,FIG_00030577,2603.22477v1,2603.22477v1,BIOINFO,BIOINFO,0.7813851833343506,4,intra_paper
30573,30574,FIG_00030574,FIG_00030575,2603.22477v1,2603.22477v1,BIOINFO,BIOINFO,0.7589222192764282,7,intra_paper
30581,30584,FIG_00030582,FIG_00030585,2603.21743v4,2603.21743v4,BIOINFO,BIOINFO,0.8864696025848389,2,intra_paper
30590,30591,FIG_00030591,FIG_00030592,2603.20420v2,2603.20420v2,BIOINFO,BIOINFO,0.8913075923919678,1,intra_paper
30598,30602,FIG_00030599,FIG_00030603,2603.20115v1,2603.20115v1,BIOINFO,BIOINFO,0.8825227618217468,1,intra_paper
30608,30609,FIG_00030609,FIG_00030610,2603.19761v2,2603.19761v2,BIOINFO,BIOINFO,0.8362215757369995,1,intra_paper
30618,30620,FIG_00030619,FIG_00030621,2603.19341v1,2603.19341v1,BIOINFO,BIOINFO,0.8020172715187073,1,intra_paper
30620,30621,FIG_00030621,FIG_00030622,2603.19341v1,2603.19341v1,BIOINFO,BIOINFO,0.7729234099388123,1,intra_paper
30627,30628,FIG_00030628,FIG_00030629,2603.19341v1,2603.19341v1,BIOINFO,BIOINFO,0.8654404878616333,1,intra_paper
30627,30629,FIG_00030628,FIG_00030630,2603.19341v1,2603.19341v1,BIOINFO,BIOINFO,0.828296422958374,4,intra_paper
30628,30629,FIG_00030629,FIG_00030630,2603.19341v1,2603.19341v1,BIOINFO,BIOINFO,0.8420480489730835,2,intra_paper
30637,30640,FIG_00030638,FIG_00030641,2603.18497v1,2603.18497v1,BIOINFO,BIOINFO,0.8983417749404907,1,intra_paper
30670,30672,FIG_00030671,FIG_00030673,2603.19326v1,2603.19326v1,BIOINFO,BIOINFO,0.8956597447395325,4,intra_paper
30672,30673,FIG_00030673,FIG_00030674,2603.19326v1,2603.19326v1,BIOINFO,BIOINFO,0.8697444796562195,1,intra_paper
30694,30697,FIG_00030695,FIG_00030698,2603.16789v1,2603.16789v1,BIOINFO,BIOINFO,0.8687178492546082,3,intra_paper
30726,30727,FIG_00030727,FIG_00030728,2603.16957v1,2603.16957v1,BIOINFO,BIOINFO,0.7940413951873779,1,intra_paper
30726,30731,FIG_00030727,FIG_00030732,2603.16957v1,2603.16957v1,BIOINFO,BIOINFO,0.7802329659461975,2,intra_paper
30735,30740,FIG_00030736,FIG_00030741,2603.15711v1,2603.15711v1,BIOINFO,BIOINFO,0.8795245885848999,1,intra_paper
30735,30737,FIG_00030736,FIG_00030738,2603.15711v1,2603.15711v1,BIOINFO,BIOINFO,0.8674646615982056,2,intra_paper
30735,30738,FIG_00030736,FIG_00030739,2603.15711v1,2603.15711v1,BIOINFO,BIOINFO,0.8559088706970215,3,intra_paper
30735,30742,FIG_00030736,FIG_00030743,2603.15711v1,2603.15711v1,BIOINFO,BIOINFO,0.7856768369674683,4,intra_paper
30736,30747,FIG_00030737,FIG_00030748,2603.15711v1,2603.15711v1,BIOINFO,BIOINFO,0.891829252243042,5,intra_paper
30736,30746,FIG_00030737,FIG_00030747,2603.15711v1,2603.15711v1,BIOINFO,BIOINFO,0.8437272310256958,6,intra_paper
30736,30738,FIG_00030737,FIG_00030739,2603.15711v1,2603.15711v1,BIOINFO,BIOINFO,0.794082522392273,7,intra_paper
30736,30739,FIG_00030737,FIG_00030740,2603.15711v1,2603.15711v1,BIOINFO,BIOINFO,0.7628602981567383,8,intra_paper
30737,30741,FIG_00030738,FIG_00030742,2603.15711v1,2603.15711v1,BIOINFO,BIOINFO,0.8925988674163818,4,intra_paper
30737,30747,FIG_00030738,FIG_00030748,2603.15711v1,2603.15711v1,BIOINFO,BIOINFO,0.871752142906189,5,intra_paper
30737,30753,FIG_00030738,FIG_00030754,2603.15711v1,2603.15711v1,BIOINFO,BIOINFO,0.7910208702087402,6,intra_paper
30737,30766,FIG_00030738,FIG_00030767,2603.15711v1,2603.15711v1,BIOINFO,BIOINFO,0.7795427441596985,7,intra_paper
30737,30746,FIG_00030738,FIG_00030747,2603.15711v1,2603.15711v1,BIOINFO,BIOINFO,0.7724982500076294,8,intra_paper
30737,30739,FIG_00030738,FIG_00030740,2603.15711v1,2603.15711v1,BIOINFO,BIOINFO,0.7537336349487305,9,intra_paper
30738,30740,FIG_00030739,FIG_00030741,2603.15711v1,2603.15711v1,BIOINFO,BIOINFO,0.8937634229660034,1,intra_paper
30738,30742,FIG_00030739,FIG_00030743,2603.15711v1,2603.15711v1,BIOINFO,BIOINFO,0.8726630806922913,2,intra_paper
30738,30741,FIG_00030739,FIG_00030742,2603.15711v1,2603.15711v1,BIOINFO,BIOINFO,0.7886438369750977,3,intra_paper
30738,30747,FIG_00030739,FIG_00030748,2603.15711v1,2603.15711v1,BIOINFO,BIOINFO,0.7788017988204956,4,intra_paper
30739,30744,FIG_00030740,FIG_00030745,2603.15711v1,2603.15711v1,BIOINFO,BIOINFO,0.8832201957702637,1,intra_paper
30739,30743,FIG_00030740,FIG_00030744,2603.15711v1,2603.15711v1,BIOINFO,BIOINFO,0.8599516749382019,2,intra_paper
30739,30745,FIG_00030740,FIG_00030746,2603.15711v1,2603.15711v1,BIOINFO,BIOINFO,0.838310718536377,3,intra_paper
30739,30742,FIG_00030740,FIG_00030743,2603.15711v1,2603.15711v1,BIOINFO,BIOINFO,0.8207657337188721,4,intra_paper
30739,30746,FIG_00030740,FIG_00030747,2603.15711v1,2603.15711v1,BIOINFO,BIOINFO,0.8115271925926208,5,intra_paper
30739,30753,FIG_00030740,FIG_00030754,2603.15711v1,2603.15711v1,BIOINFO,BIOINFO,0.7629671096801758,6,intra_paper
30740,30747,FIG_00030741,FIG_00030748,2603.15711v1,2603.15711v1,BIOINFO,BIOINFO,0.8166959285736084,3,intra_paper
30741,30742,FIG_00030742,FIG_00030743,2603.15711v1,2603.15711v1,BIOINFO,BIOINFO,0.88224858045578,1,intra_paper
30741,30747,FIG_00030742,FIG_00030748,2603.15711v1,2603.15711v1,BIOINFO,BIOINFO,0.8186513185501099,2,intra_paper
30741,30746,FIG_00030742,FIG_00030747,2603.15711v1,2603.15711v1,BIOINFO,BIOINFO,0.7686623334884644,3,intra_paper
30741,30766,FIG_00030742,FIG_00030767,2603.15711v1,2603.15711v1,BIOINFO,BIOINFO,0.759628415107727,4,intra_paper
30742,30746,FIG_00030743,FIG_00030747,2603.15711v1,2603.15711v1,BIOINFO,BIOINFO,0.8835552930831909,2,intra_paper
30742,30743,FIG_00030743,FIG_00030744,2603.15711v1,2603.15711v1,BIOINFO,BIOINFO,0.8440532684326172,3,intra_paper
30742,30753,FIG_00030743,FIG_00030754,2603.15711v1,2603.15711v1,BIOINFO,BIOINFO,0.8326361179351807,4,intra_paper
30742,30744,FIG_00030743,FIG_00030745,2603.15711v1,2603.15711v1,BIOINFO,BIOINFO,0.7766137719154358,5,intra_paper
30742,30766,FIG_00030743,FIG_00030767,2603.15711v1,2603.15711v1,BIOINFO,BIOINFO,0.7695431113243103,6,intra_paper
30742,30745,FIG_00030743,FIG_00030746,2603.15711v1,2603.15711v1,BIOINFO,BIOINFO,0.7612361907958984,7,intra_paper
30743,30753,FIG_00030744,FIG_00030754,2603.15711v1,2603.15711v1,BIOINFO,BIOINFO,0.8646577596664429,4,intra_paper
30743,30763,FIG_00030744,FIG_00030764,2603.15711v1,2603.15711v1,BIOINFO,BIOINFO,0.825811505317688,5,intra_paper
30743,30747,FIG_00030744,FIG_00030748,2603.15711v1,2603.15711v1,BIOINFO,BIOINFO,0.8142908215522766,6,intra_paper
30744,30763,FIG_00030745,FIG_00030764,2603.15711v1,2603.15711v1,BIOINFO,BIOINFO,0.8513002395629883,2,intra_paper
30744,30765,FIG_00030745,FIG_00030766,2603.15711v1,2603.15711v1,BIOINFO,BIOINFO,0.8402800559997559,3,intra_paper
30744,30746,FIG_00030745,FIG_00030747,2603.15711v1,2603.15711v1,BIOINFO,BIOINFO,0.830188512802124,4,intra_paper
30744,30753,FIG_00030745,FIG_00030754,2603.15711v1,2603.15711v1,BIOINFO,BIOINFO,0.8236876130104065,5,intra_paper
30745,30746,FIG_00030746,FIG_00030747,2603.15711v1,2603.15711v1,BIOINFO,BIOINFO,0.8663796186447144,1,intra_paper
30745,30763,FIG_00030746,FIG_00030764,2603.15711v1,2603.15711v1,BIOINFO,BIOINFO,0.815729022026062,2,intra_paper
30745,30765,FIG_00030746,FIG_00030766,2603.15711v1,2603.15711v1,BIOINFO,BIOINFO,0.8029844164848328,3,intra_paper
30745,30753,FIG_00030746,FIG_00030754,2603.15711v1,2603.15711v1,BIOINFO,BIOINFO,0.7889550924301147,4,intra_paper
30746,30747,FIG_00030747,FIG_00030748,2603.15711v1,2603.15711v1,BIOINFO,BIOINFO,0.8840533494949341,1,intra_paper
30746,30753,FIG_00030747,FIG_00030754,2603.15711v1,2603.15711v1,BIOINFO,BIOINFO,0.7989104390144348,2,intra_paper
30747,30753,FIG_00030748,FIG_00030754,2603.15711v1,2603.15711v1,BIOINFO,BIOINFO,0.7695257067680359,1,intra_paper
30753,30754,FIG_00030754,FIG_00030755,2603.15711v1,2603.15711v1,BIOINFO,BIOINFO,0.7704605460166931,2,intra_paper
30753,30765,FIG_00030754,FIG_00030766,2603.15711v1,2603.15711v1,BIOINFO,BIOINFO,0.7652377486228943,3,intra_paper
30755,30765,FIG_00030756,FIG_00030766,2603.15711v1,2603.15711v1,BIOINFO,BIOINFO,0.8734359741210938,2,intra_paper
30758,30762,FIG_00030759,FIG_00030763,2603.15711v1,2603.15711v1,BIOINFO,BIOINFO,0.85193932056427,5,intra_paper
30759,30762,FIG_00030760,FIG_00030763,2603.15711v1,2603.15711v1,BIOINFO,BIOINFO,0.8630836009979248,6,intra_paper
30760,30762,FIG_00030761,FIG_00030763,2603.15711v1,2603.15711v1,BIOINFO,BIOINFO,0.8619245886802673,3,intra_paper
30761,30762,FIG_00030762,FIG_00030763,2603.15711v1,2603.15711v1,BIOINFO,BIOINFO,0.8619245886802673,3,intra_paper
30763,30765,FIG_00030764,FIG_00030766,2603.15711v1,2603.15711v1,BIOINFO,BIOINFO,0.8598549365997314,1,intra_paper
30774,30777,FIG_00030775,FIG_00030778,2603.15217v2,2603.15217v2,BIOINFO,BIOINFO,0.7993881702423096,1,intra_paper
30777,30780,FIG_00030778,FIG_00030781,2603.15217v2,2603.15217v2,BIOINFO,BIOINFO,0.8499810695648193,1,intra_paper
30777,30778,FIG_00030778,FIG_00030779,2603.15217v2,2603.15217v2,BIOINFO,BIOINFO,0.8272181153297424,2,intra_paper
30799,30800,FIG_00030800,FIG_00030801,2603.13937v1,2603.13937v1,BIOINFO,BIOINFO,0.8405472040176392,1,intra_paper
30799,30801,FIG_00030800,FIG_00030802,2603.13937v1,2603.13937v1,BIOINFO,BIOINFO,0.8039543628692627,2,intra_paper
30800,30801,FIG_00030801,FIG_00030802,2603.13937v1,2603.13937v1,BIOINFO,BIOINFO,0.8653090000152588,1,intra_paper
30817,30822,FIG_00030818,FIG_00030823,2603.12351v1,2603.12351v1,BIOINFO,BIOINFO,0.8848233222961426,4,intra_paper
30817,30820,FIG_00030818,FIG_00030821,2603.12351v1,2603.12351v1,BIOINFO,BIOINFO,0.8795320391654968,7,intra_paper
30831,30833,FIG_00030832,FIG_00030834,2603.12253v2,2603.12253v2,BIOINFO,BIOINFO,0.8357366323471069,6,intra_paper
30848,30850,FIG_00030849,FIG_00030851,2603.11476v1,2603.11476v1,BIOINFO,BIOINFO,0.8825150728225708,6,intra_paper
30874,30876,FIG_00030875,FIG_00030877,2603.10704v1,2603.10704v1,BIOINFO,BIOINFO,0.8770507574081421,2,intra_paper
30877,30879,FIG_00030878,FIG_00030880,2603.10454v1,2603.10454v1,BIOINFO,BIOINFO,0.8155587911605835,1,intra_paper
30887,30891,FIG_00030888,FIG_00030892,2603.10302v2,2603.10302v2,BIOINFO,BIOINFO,0.7875441312789917,2,intra_paper
30888,30891,FIG_00030889,FIG_00030892,2603.10302v2,2603.10302v2,BIOINFO,BIOINFO,0.7681102752685547,1,intra_paper
30956,30957,FIG_00030957,FIG_00030958,2603.06087v1,2603.06087v1,BIOINFO,BIOINFO,0.8913856148719788,1,intra_paper
30956,30967,FIG_00030957,FIG_00030968,2603.06087v1,2603.06087v1,BIOINFO,BIOINFO,0.8427963852882385,2,intra_paper
30957,30967,FIG_00030958,FIG_00030968,2603.06087v1,2603.06087v1,BIOINFO,BIOINFO,0.8497904539108276,1,intra_paper
30964,30965,FIG_00030965,FIG_00030966,2603.06087v1,2603.06087v1,BIOINFO,BIOINFO,0.8851878046989441,2,intra_paper
30964,30967,FIG_00030965,FIG_00030968,2603.06087v1,2603.06087v1,BIOINFO,BIOINFO,0.8670331239700317,3,intra_paper
30965,30967,FIG_00030966,FIG_00030968,2603.06087v1,2603.06087v1,BIOINFO,BIOINFO,0.7886265516281128,2,intra_paper
30966,30967,FIG_00030967,FIG_00030968,2603.06087v1,2603.06087v1,BIOINFO,BIOINFO,0.8372529745101929,1,intra_paper
30978,30989,FIG_00030979,FIG_00030990,2603.06740v2,2603.06740v2,BIOINFO,BIOINFO,0.8804383277893066,1,intra_paper
30978,30985,FIG_00030979,FIG_00030986,2603.06740v2,2603.06740v2,BIOINFO,BIOINFO,0.8721187114715576,3,intra_paper
30978,30984,FIG_00030979,FIG_00030985,2603.06740v2,2603.06740v2,BIOINFO,BIOINFO,0.8667657971382141,4,intra_paper
30978,30992,FIG_00030979,FIG_00030993,2603.06740v2,2603.06740v2,BIOINFO,BIOINFO,0.8667089939117432,5,intra_paper
30978,30991,FIG_00030979,FIG_00030992,2603.06740v2,2603.06740v2,BIOINFO,BIOINFO,0.8659942150115967,6,intra_paper
30978,30990,FIG_00030979,FIG_00030991,2603.06740v2,2603.06740v2,BIOINFO,BIOINFO,0.8457434177398682,8,intra_paper
30978,30988,FIG_00030979,FIG_00030989,2603.06740v2,2603.06740v2,BIOINFO,BIOINFO,0.8416764736175537,9,intra_paper
30979,30980,FIG_00030980,FIG_00030981,2603.06740v2,2603.06740v2,BIOINFO,BIOINFO,0.8958885669708252,2,intra_paper
30979,30983,FIG_00030980,FIG_00030984,2603.06740v2,2603.06740v2,BIOINFO,BIOINFO,0.8192415237426758,4,intra_paper
30980,30983,FIG_00030981,FIG_00030984,2603.06740v2,2603.06740v2,BIOINFO,BIOINFO,0.7783957719802856,6,intra_paper
30981,30983,FIG_00030982,FIG_00030984,2603.06740v2,2603.06740v2,BIOINFO,BIOINFO,0.8142430782318115,2,intra_paper
30984,30987,FIG_00030985,FIG_00030988,2603.06740v2,2603.06740v2,BIOINFO,BIOINFO,0.8922779560089111,7,intra_paper
31012,31017,FIG_00031013,FIG_00031018,2603.06694v1,2603.06694v1,BIOINFO,BIOINFO,0.8674418926239014,3,intra_paper
31013,31017,FIG_00031014,FIG_00031018,2603.06694v1,2603.06694v1,BIOINFO,BIOINFO,0.8651507496833801,2,intra_paper
31017,31020,FIG_00031018,FIG_00031021,2603.06694v1,2603.06694v1,BIOINFO,BIOINFO,0.828877329826355,1,intra_paper
31017,31019,FIG_00031018,FIG_00031020,2603.06694v1,2603.06694v1,BIOINFO,BIOINFO,0.7907819747924805,2,intra_paper
31035,31036,FIG_00031036,FIG_00031037,2603.04074v1,2603.04074v1,BIOINFO,BIOINFO,0.83942711353302,1,intra_paper
31052,31058,FIG_00031053,FIG_00031059,2603.03237v1,2603.03237v1,BIOINFO,BIOINFO,0.8962590098381042,6,intra_paper
31073,31078,FIG_00031074,FIG_00031079,2603.16894v1,2603.16894v1,BIOINFO,BIOINFO,0.8998339176177979,3,intra_paper
31085,31087,FIG_00031086,FIG_00031088,2603.02165v1,2603.02165v1,BIOINFO,BIOINFO,0.8994654417037964,6,intra_paper
31085,31089,FIG_00031086,FIG_00031090,2603.02165v1,2603.02165v1,BIOINFO,BIOINFO,0.8924964666366577,9,intra_paper
31085,31088,FIG_00031086,FIG_00031089,2603.02165v1,2603.02165v1,BIOINFO,BIOINFO,0.8908060789108276,10,intra_paper
31087,31094,FIG_00031088,FIG_00031095,2603.02165v1,2603.02165v1,BIOINFO,BIOINFO,0.8833041787147522,9,intra_paper
31088,31095,FIG_00031089,FIG_00031096,2603.02165v1,2603.02165v1,BIOINFO,BIOINFO,0.8721123933792114,7,intra_paper
31088,31094,FIG_00031089,FIG_00031095,2603.02165v1,2603.02165v1,BIOINFO,BIOINFO,0.8715425729751587,8,intra_paper
31089,31095,FIG_00031090,FIG_00031096,2603.02165v1,2603.02165v1,BIOINFO,BIOINFO,0.8972920775413513,7,intra_paper
31106,31116,FIG_00031107,FIG_00031117,2603.01965v1,2603.01965v1,BIOINFO,BIOINFO,0.8624440431594849,2,intra_paper
31106,31117,FIG_00031107,FIG_00031118,2603.01965v1,2603.01965v1,BIOINFO,BIOINFO,0.8434476852416992,3,intra_paper
31106,31114,FIG_00031107,FIG_00031115,2603.01965v1,2603.01965v1,BIOINFO,BIOINFO,0.8009676337242126,4,intra_paper
31114,31115,FIG_00031115,FIG_00031116,2603.01965v1,2603.01965v1,BIOINFO,BIOINFO,0.8563752174377441,2,intra_paper
31115,31116,FIG_00031116,FIG_00031117,2603.01965v1,2603.01965v1,BIOINFO,BIOINFO,0.8997474908828735,2,intra_paper
31116,31117,FIG_00031117,FIG_00031118,2603.01965v1,2603.01965v1,BIOINFO,BIOINFO,0.799636721611023,1,intra_paper
31168,31169,FIG_00031169,FIG_00031170,2603.00614v1,2603.00614v1,BIOINFO,BIOINFO,0.8772492408752441,1,intra_paper
31170,31176,FIG_00031171,FIG_00031177,2603.00614v1,2603.00614v1,BIOINFO,BIOINFO,0.7831099629402161,4,intra_paper
31176,31178,FIG_00031177,FIG_00031179,2603.00614v1,2603.00614v1,BIOINFO,BIOINFO,0.8589695692062378,6,intra_paper
31176,31179,FIG_00031177,FIG_00031180,2603.00614v1,2603.00614v1,BIOINFO,BIOINFO,0.8444589972496033,8,intra_paper
31216,31217,FIG_00031217,FIG_00031218,2603.00193v1,2603.00193v1,BIOINFO,BIOINFO,0.8904098868370056,1,intra_paper
31223,31228,FIG_00031224,FIG_00031229,2602.23324v1,2602.23324v1,BIOINFO,BIOINFO,0.888826847076416,2,intra_paper
31223,31231,FIG_00031224,FIG_00031232,2602.23324v1,2602.23324v1,BIOINFO,BIOINFO,0.8755344152450562,3,intra_paper
31223,31227,FIG_00031224,FIG_00031228,2602.23324v1,2602.23324v1,BIOINFO,BIOINFO,0.8751629590988159,4,intra_paper
31224,31228,FIG_00031225,FIG_00031229,2602.23324v1,2602.23324v1,BIOINFO,BIOINFO,0.888826847076416,2,intra_paper
31224,31231,FIG_00031225,FIG_00031232,2602.23324v1,2602.23324v1,BIOINFO,BIOINFO,0.8755344152450562,3,intra_paper
31224,31227,FIG_00031225,FIG_00031228,2602.23324v1,2602.23324v1,BIOINFO,BIOINFO,0.8751629590988159,4,intra_paper
31227,31232,FIG_00031228,FIG_00031233,2602.23324v1,2602.23324v1,BIOINFO,BIOINFO,0.8691829442977905,2,intra_paper
31227,31231,FIG_00031228,FIG_00031232,2602.23324v1,2602.23324v1,BIOINFO,BIOINFO,0.8630448579788208,3,intra_paper
31228,31231,FIG_00031229,FIG_00031232,2602.23324v1,2602.23324v1,BIOINFO,BIOINFO,0.8986266851425171,1,intra_paper
31229,31230,FIG_00031230,FIG_00031231,2602.23324v1,2602.23324v1,BIOINFO,BIOINFO,0.8416982889175415,1,intra_paper
31231,31232,FIG_00031232,FIG_00031233,2602.23324v1,2602.23324v1,BIOINFO,BIOINFO,0.8355238437652588,1,intra_paper
31250,31254,FIG_00031251,FIG_00031255,2602.21993v1,2602.21993v1,BIOINFO,BIOINFO,0.894145131111145,4,intra_paper
31268,31270,FIG_00031269,FIG_00031271,2602.21393v1,2602.21393v1,BIOINFO,BIOINFO,0.8173574209213257,3,intra_paper
31269,31270,FIG_00031270,FIG_00031271,2602.21393v1,2602.21393v1,BIOINFO,BIOINFO,0.8148261308670044,1,intra_paper
31271,31272,FIG_00031272,FIG_00031273,2602.20495v1,2602.20495v1,BIOINFO,BIOINFO,0.8743494749069214,2,intra_paper
31276,31277,FIG_00031277,FIG_00031278,2602.20344v1,2602.20344v1,BIOINFO,BIOINFO,0.8720232248306274,1,intra_paper
31307,31309,FIG_00031308,FIG_00031310,2602.19196v1,2602.19196v1,BIOINFO,BIOINFO,0.7691136598587036,1,intra_paper
31324,31338,FIG_00031325,FIG_00031339,2602.18889v2,2602.18889v2,BIOINFO,BIOINFO,0.8630931377410889,1,intra_paper
31324,31336,FIG_00031325,FIG_00031337,2602.18889v2,2602.18889v2,BIOINFO,BIOINFO,0.8554975390434265,2,intra_paper
31324,31337,FIG_00031325,FIG_00031338,2602.18889v2,2602.18889v2,BIOINFO,BIOINFO,0.830701470375061,3,intra_paper
31324,31339,FIG_00031325,FIG_00031340,2602.18889v2,2602.18889v2,BIOINFO,BIOINFO,0.8101823329925537,4,intra_paper
31336,31337,FIG_00031337,FIG_00031338,2602.18889v2,2602.18889v2,BIOINFO,BIOINFO,0.8354408144950867,2,intra_paper
31336,31339,FIG_00031337,FIG_00031340,2602.18889v2,2602.18889v2,BIOINFO,BIOINFO,0.816250205039978,3,intra_paper
31337,31338,FIG_00031338,FIG_00031339,2602.18889v2,2602.18889v2,BIOINFO,BIOINFO,0.8287054300308228,2,intra_paper
31338,31339,FIG_00031339,FIG_00031340,2602.18889v2,2602.18889v2,BIOINFO,BIOINFO,0.8277727961540222,1,intra_paper
31345,31361,FIG_00031346,FIG_00031362,2602.18727v1,2602.18727v1,BIOINFO,BIOINFO,0.877970278263092,2,intra_paper
31345,31360,FIG_00031346,FIG_00031361,2602.18727v1,2602.18727v1,BIOINFO,BIOINFO,0.8638653755187988,3,intra_paper
31345,31362,FIG_00031346,FIG_00031363,2602.18727v1,2602.18727v1,BIOINFO,BIOINFO,0.8581274747848511,4,intra_paper
31345,31359,FIG_00031346,FIG_00031360,2602.18727v1,2602.18727v1,BIOINFO,BIOINFO,0.8474478721618652,5,intra_paper
31345,31358,FIG_00031346,FIG_00031359,2602.18727v1,2602.18727v1,BIOINFO,BIOINFO,0.8413181900978088,6,intra_paper
31345,31354,FIG_00031346,FIG_00031355,2602.18727v1,2602.18727v1,BIOINFO,BIOINFO,0.7954926490783691,8,intra_paper
31346,31361,FIG_00031347,FIG_00031362,2602.18727v1,2602.18727v1,BIOINFO,BIOINFO,0.8487023711204529,1,intra_paper
31346,31362,FIG_00031347,FIG_00031363,2602.18727v1,2602.18727v1,BIOINFO,BIOINFO,0.8257202506065369,2,intra_paper
31346,31360,FIG_00031347,FIG_00031361,2602.18727v1,2602.18727v1,BIOINFO,BIOINFO,0.8238409757614136,3,intra_paper
31346,31359,FIG_00031347,FIG_00031360,2602.18727v1,2602.18727v1,BIOINFO,BIOINFO,0.8182275295257568,4,intra_paper
31346,31358,FIG_00031347,FIG_00031359,2602.18727v1,2602.18727v1,BIOINFO,BIOINFO,0.8025879859924316,5,intra_paper
31347,31353,FIG_00031348,FIG_00031354,2602.18727v1,2602.18727v1,BIOINFO,BIOINFO,0.8593823909759521,2,intra_paper
31349,31351,FIG_00031350,FIG_00031352,2602.18727v1,2602.18727v1,BIOINFO,BIOINFO,0.7574591636657715,1,intra_paper
31349,31359,FIG_00031350,FIG_00031360,2602.18727v1,2602.18727v1,BIOINFO,BIOINFO,0.7504287362098694,2,intra_paper
31350,31351,FIG_00031351,FIG_00031352,2602.18727v1,2602.18727v1,BIOINFO,BIOINFO,0.8156176805496216,1,intra_paper
31353,31354,FIG_00031354,FIG_00031355,2602.18727v1,2602.18727v1,BIOINFO,BIOINFO,0.7981321215629578,1,intra_paper
31355,31356,FIG_00031356,FIG_00031357,2602.18727v1,2602.18727v1,BIOINFO,BIOINFO,0.8200229406356812,2,intra_paper
31375,31376,FIG_00031376,FIG_00031377,2602.16696v1,2602.16696v1,BIOINFO,BIOINFO,0.8003263473510742,1,intra_paper
31381,31392,FIG_00031382,FIG_00031393,2602.16696v1,2602.16696v1,BIOINFO,BIOINFO,0.8664760589599609,4,intra_paper
31397,31404,FIG_00031398,FIG_00031405,2602.16357v1,2602.16357v1,BIOINFO,BIOINFO,0.8203700184822083,1,intra_paper
31400,31401,FIG_00031401,FIG_00031402,2602.16357v1,2602.16357v1,BIOINFO,BIOINFO,0.8978449702262878,1,intra_paper
31417,31427,FIG_00031418,FIG_00031428,2602.16004v1,2602.16004v1,BIOINFO,BIOINFO,0.8886042833328247,1,intra_paper
31417,31421,FIG_00031418,FIG_00031422,2602.16004v1,2602.16004v1,BIOINFO,BIOINFO,0.8594578504562378,2,intra_paper
31421,31423,FIG_00031422,FIG_00031424,2602.16004v1,2602.16004v1,BIOINFO,BIOINFO,0.8740009069442749,1,intra_paper
31429,31430,FIG_00031430,FIG_00031431,2602.15740v1,2602.15740v1,BIOINFO,BIOINFO,0.8428798913955688,1,intra_paper
31450,31451,FIG_00031451,FIG_00031452,2602.16724v1,2602.16724v1,BIOINFO,BIOINFO,0.8789162635803223,1,intra_paper
31454,31457,FIG_00031455,FIG_00031458,2602.14828v1,2602.14828v1,BIOINFO,BIOINFO,0.8577501177787781,1,intra_paper
31459,31460,FIG_00031460,FIG_00031461,2602.14616v1,2602.14616v1,BIOINFO,BIOINFO,0.8486301302909851,1,intra_paper
31462,31467,FIG_00031463,FIG_00031468,2602.14616v1,2602.14616v1,BIOINFO,BIOINFO,0.820385217666626,1,intra_paper
31462,31468,FIG_00031463,FIG_00031469,2602.14616v1,2602.14616v1,BIOINFO,BIOINFO,0.8043298721313477,3,intra_paper
31462,31469,FIG_00031463,FIG_00031470,2602.14616v1,2602.14616v1,BIOINFO,BIOINFO,0.7873811721801758,4,intra_paper
31471,31473,FIG_00031472,FIG_00031474,2602.13419v1,2602.13419v1,BIOINFO,BIOINFO,0.835837721824646,3,intra_paper
31471,31472,FIG_00031472,FIG_00031473,2602.13419v1,2602.13419v1,BIOINFO,BIOINFO,0.8213629126548767,4,intra_paper
31498,31500,FIG_00031499,FIG_00031501,2602.12317v1,2602.12317v1,BIOINFO,BIOINFO,0.7570858001708984,1,intra_paper
31511,31515,FIG_00031512,FIG_00031516,2602.12026v2,2602.12026v2,BIOINFO,BIOINFO,0.813906192779541,1,intra_paper
31512,31513,FIG_00031513,FIG_00031514,2602.12026v2,2602.12026v2,BIOINFO,BIOINFO,0.8590443730354309,2,intra_paper
31512,31515,FIG_00031513,FIG_00031516,2602.12026v2,2602.12026v2,BIOINFO,BIOINFO,0.8056890964508057,3,intra_paper
31540,31542,FIG_00031541,FIG_00031543,2602.11618v4,2602.11618v4,BIOINFO,BIOINFO,0.8383874893188477,2,intra_paper
31541,31542,FIG_00031542,FIG_00031543,2602.11618v4,2602.11618v4,BIOINFO,BIOINFO,0.8839724063873291,1,intra_paper
31545,31547,FIG_00031546,FIG_00031548,2602.10303v1,2602.10303v1,BIOINFO,BIOINFO,0.8993774652481079,3,intra_paper
31553,31558,FIG_00031554,FIG_00031559,2602.09793v2,2602.09793v2,BIOINFO,BIOINFO,0.8825178146362305,1,intra_paper
31553,31565,FIG_00031554,FIG_00031566,2602.09793v2,2602.09793v2,BIOINFO,BIOINFO,0.8820974826812744,2,intra_paper
31553,31554,FIG_00031554,FIG_00031555,2602.09793v2,2602.09793v2,BIOINFO,BIOINFO,0.8372781276702881,3,intra_paper
31554,31558,FIG_00031555,FIG_00031559,2602.09793v2,2602.09793v2,BIOINFO,BIOINFO,0.8526365756988525,1,intra_paper
31569,31570,FIG_00031570,FIG_00031571,2602.10168v2,2602.10168v2,BIOINFO,BIOINFO,0.8014864921569824,2,intra_paper
31581,31583,FIG_00031582,FIG_00031584,2602.10163v1,2602.10163v1,BIOINFO,BIOINFO,0.8890203237533569,1,intra_paper
31601,31603,FIG_00031602,FIG_00031604,2602.08832v1,2602.08832v1,BIOINFO,BIOINFO,0.8931779861450195,1,intra_paper
31601,31602,FIG_00031602,FIG_00031603,2602.08832v1,2602.08832v1,BIOINFO,BIOINFO,0.8045872449874878,2,intra_paper
31633,31635,FIG_00031634,FIG_00031636,2602.07709v1,2602.07709v1,BIOINFO,BIOINFO,0.7834694385528564,1,intra_paper
31649,31652,FIG_00031650,FIG_00031653,2602.06296v1,2602.06296v1,BIOINFO,BIOINFO,0.759571373462677,1,intra_paper
31650,31657,FIG_00031651,FIG_00031658,2602.06296v1,2602.06296v1,BIOINFO,BIOINFO,0.8786225318908691,1,intra_paper
31651,31655,FIG_00031652,FIG_00031656,2602.06296v1,2602.06296v1,BIOINFO,BIOINFO,0.8355897665023804,1,intra_paper
31651,31662,FIG_00031652,FIG_00031663,2602.06296v1,2602.06296v1,BIOINFO,BIOINFO,0.817335844039917,2,intra_paper
31655,31662,FIG_00031656,FIG_00031663,2602.06296v1,2602.06296v1,BIOINFO,BIOINFO,0.8131120204925537,1,intra_paper
31658,31659,FIG_00031659,FIG_00031660,2602.06296v1,2602.06296v1,BIOINFO,BIOINFO,0.7921456098556519,2,intra_paper
31658,31660,FIG_00031659,FIG_00031661,2602.06296v1,2602.06296v1,BIOINFO,BIOINFO,0.7628239393234253,3,intra_paper
31659,31661,FIG_00031660,FIG_00031662,2602.06296v1,2602.06296v1,BIOINFO,BIOINFO,0.8183723092079163,2,intra_paper
31660,31661,FIG_00031661,FIG_00031662,2602.06296v1,2602.06296v1,BIOINFO,BIOINFO,0.8028523921966553,1,intra_paper
31667,31669,FIG_00031668,FIG_00031670,2602.06282v1,2602.06282v1,BIOINFO,BIOINFO,0.8521905541419983,1,intra_paper
31672,31675,FIG_00031673,FIG_00031676,2602.05196v1,2602.05196v1,BIOINFO,BIOINFO,0.8564099073410034,2,intra_paper
31672,31679,FIG_00031673,FIG_00031680,2602.05196v1,2602.05196v1,BIOINFO,BIOINFO,0.8508992195129395,3,intra_paper
31681,31686,FIG_00031682,FIG_00031687,2602.05196v1,2602.05196v1,BIOINFO,BIOINFO,0.8833802938461304,1,intra_paper
31684,31687,FIG_00031685,FIG_00031688,2602.05196v1,2602.05196v1,BIOINFO,BIOINFO,0.8386790156364441,2,intra_paper
31690,31692,FIG_00031691,FIG_00031693,2602.04883v2,2602.04883v2,BIOINFO,BIOINFO,0.8574845194816589,1,intra_paper
31701,31702,FIG_00031702,FIG_00031703,2602.04270v1,2602.04270v1,BIOINFO,BIOINFO,0.8818068504333496,1,intra_paper
31701,31714,FIG_00031702,FIG_00031715,2602.04270v1,2602.04270v1,BIOINFO,BIOINFO,0.875566303730011,3,intra_paper
31703,31735,FIG_00031704,FIG_00031736,2602.04270v1,2602.04270v1,BIOINFO,BIOINFO,0.8614163994789124,3,intra_paper
31703,31733,FIG_00031704,FIG_00031734,2602.04270v1,2602.04270v1,BIOINFO,BIOINFO,0.8602451682090759,4,intra_paper
31703,31727,FIG_00031704,FIG_00031728,2602.04270v1,2602.04270v1,BIOINFO,BIOINFO,0.8450503349304199,7,intra_paper
31703,31704,FIG_00031704,FIG_00031705,2602.04270v1,2602.04270v1,BIOINFO,BIOINFO,0.8410358428955078,8,intra_paper
31703,31706,FIG_00031704,FIG_00031707,2602.04270v1,2602.04270v1,BIOINFO,BIOINFO,0.8394511938095093,9,intra_paper
31705,31733,FIG_00031706,FIG_00031734,2602.04270v1,2602.04270v1,BIOINFO,BIOINFO,0.841326117515564,1,intra_paper
31706,31732,FIG_00031707,FIG_00031733,2602.04270v1,2602.04270v1,BIOINFO,BIOINFO,0.8995043039321899,3,intra_paper
31706,31735,FIG_00031707,FIG_00031736,2602.04270v1,2602.04270v1,BIOINFO,BIOINFO,0.8959696292877197,4,intra_paper
31706,31710,FIG_00031707,FIG_00031711,2602.04270v1,2602.04270v1,BIOINFO,BIOINFO,0.891689658164978,5,intra_paper
31706,31720,FIG_00031707,FIG_00031721,2602.04270v1,2602.04270v1,BIOINFO,BIOINFO,0.8909512758255005,6,intra_paper
31706,31725,FIG_00031707,FIG_00031726,2602.04270v1,2602.04270v1,BIOINFO,BIOINFO,0.8899862766265869,7,intra_paper
31706,31724,FIG_00031707,FIG_00031725,2602.04270v1,2602.04270v1,BIOINFO,BIOINFO,0.8777170181274414,8,intra_paper
31707,31709,FIG_00031708,FIG_00031710,2602.04270v1,2602.04270v1,BIOINFO,BIOINFO,0.8786864280700684,1,intra_paper
31707,31721,FIG_00031708,FIG_00031722,2602.04270v1,2602.04270v1,BIOINFO,BIOINFO,0.8735558390617371,2,intra_paper
31707,31725,FIG_00031708,FIG_00031726,2602.04270v1,2602.04270v1,BIOINFO,BIOINFO,0.8442918062210083,3,intra_paper
31707,31727,FIG_00031708,FIG_00031728,2602.04270v1,2602.04270v1,BIOINFO,BIOINFO,0.8392471671104431,4,intra_paper
31707,31724,FIG_00031708,FIG_00031725,2602.04270v1,2602.04270v1,BIOINFO,BIOINFO,0.8378809690475464,5,intra_paper
31707,31720,FIG_00031708,FIG_00031721,2602.04270v1,2602.04270v1,BIOINFO,BIOINFO,0.8286454677581787,9,intra_paper
31709,31721,FIG_00031710,FIG_00031722,2602.04270v1,2602.04270v1,BIOINFO,BIOINFO,0.8573106527328491,1,intra_paper
31709,31725,FIG_00031710,FIG_00031726,2602.04270v1,2602.04270v1,BIOINFO,BIOINFO,0.8397245407104492,3,intra_paper
31709,31727,FIG_00031710,FIG_00031728,2602.04270v1,2602.04270v1,BIOINFO,BIOINFO,0.8346349000930786,4,intra_paper
31710,31727,FIG_00031711,FIG_00031728,2602.04270v1,2602.04270v1,BIOINFO,BIOINFO,0.888120710849762,4,intra_paper
31710,31711,FIG_00031711,FIG_00031712,2602.04270v1,2602.04270v1,BIOINFO,BIOINFO,0.8456554412841797,7,intra_paper
31711,31720,FIG_00031712,FIG_00031721,2602.04270v1,2602.04270v1,BIOINFO,BIOINFO,0.8436955213546753,3,intra_paper
31711,31732,FIG_00031712,FIG_00031733,2602.04270v1,2602.04270v1,BIOINFO,BIOINFO,0.83656245470047,4,intra_paper
31715,31727,FIG_00031716,FIG_00031728,2602.04270v1,2602.04270v1,BIOINFO,BIOINFO,0.8923829793930054,3,intra_paper
31715,31720,FIG_00031716,FIG_00031721,2602.04270v1,2602.04270v1,BIOINFO,BIOINFO,0.8283095359802246,5,intra_paper
31715,31718,FIG_00031716,FIG_00031719,2602.04270v1,2602.04270v1,BIOINFO,BIOINFO,0.82192063331604,6,intra_paper
31715,31724,FIG_00031716,FIG_00031725,2602.04270v1,2602.04270v1,BIOINFO,BIOINFO,0.8183053731918335,7,intra_paper
31718,31721,FIG_00031719,FIG_00031722,2602.04270v1,2602.04270v1,BIOINFO,BIOINFO,0.8719625473022461,1,intra_paper
31721,31724,FIG_00031722,FIG_00031725,2602.04270v1,2602.04270v1,BIOINFO,BIOINFO,0.8413845300674438,6,intra_paper
31722,31728,FIG_00031723,FIG_00031729,2602.04270v1,2602.04270v1,BIOINFO,BIOINFO,0.8569387793540955,2,intra_paper
31724,31725,FIG_00031725,FIG_00031726,2602.04270v1,2602.04270v1,BIOINFO,BIOINFO,0.8869028091430664,1,intra_paper
31724,31727,FIG_00031725,FIG_00031728,2602.04270v1,2602.04270v1,BIOINFO,BIOINFO,0.8791119456291199,2,intra_paper
31724,31732,FIG_00031725,FIG_00031733,2602.04270v1,2602.04270v1,BIOINFO,BIOINFO,0.8693850040435791,3,intra_paper
31727,31735,FIG_00031728,FIG_00031736,2602.04270v1,2602.04270v1,BIOINFO,BIOINFO,0.8888282179832458,2,intra_paper
31729,31730,FIG_00031730,FIG_00031731,2602.04270v1,2602.04270v1,BIOINFO,BIOINFO,0.8341132402420044,1,intra_paper
31732,31735,FIG_00031733,FIG_00031736,2602.04270v1,2602.04270v1,BIOINFO,BIOINFO,0.8810868263244629,1,intra_paper
31736,31737,FIG_00031737,FIG_00031738,2602.04916v3,2602.04916v3,BIOINFO,BIOINFO,0.838371753692627,1,intra_paper
31739,31766,FIG_00031740,FIG_00031767,2602.04916v3,2602.04916v3,BIOINFO,BIOINFO,0.8885104656219482,1,intra_paper
31739,31747,FIG_00031740,FIG_00031748,2602.04916v3,2602.04916v3,BIOINFO,BIOINFO,0.8806833624839783,2,intra_paper
31739,31765,FIG_00031740,FIG_00031766,2602.04916v3,2602.04916v3,BIOINFO,BIOINFO,0.8793528079986572,3,intra_paper
31739,31748,FIG_00031740,FIG_00031749,2602.04916v3,2602.04916v3,BIOINFO,BIOINFO,0.7739225625991821,4,intra_paper
31740,31756,FIG_00031741,FIG_00031757,2602.04916v3,2602.04916v3,BIOINFO,BIOINFO,0.7839518189430237,1,intra_paper
31740,31753,FIG_00031741,FIG_00031754,2602.04916v3,2602.04916v3,BIOINFO,BIOINFO,0.7761213779449463,2,intra_paper
31740,31761,FIG_00031741,FIG_00031762,2602.04916v3,2602.04916v3,BIOINFO,BIOINFO,0.7642538547515869,3,intra_paper
31747,31766,FIG_00031748,FIG_00031767,2602.04916v3,2602.04916v3,BIOINFO,BIOINFO,0.8359081745147705,1,intra_paper
31747,31765,FIG_00031748,FIG_00031766,2602.04916v3,2602.04916v3,BIOINFO,BIOINFO,0.8195027112960815,2,intra_paper
31747,31748,FIG_00031748,FIG_00031749,2602.04916v3,2602.04916v3,BIOINFO,BIOINFO,0.8045200109481812,3,intra_paper
31747,31749,FIG_00031748,FIG_00031750,2602.04916v3,2602.04916v3,BIOINFO,BIOINFO,0.7692896127700806,4,intra_paper
31748,31759,FIG_00031749,FIG_00031760,2602.04916v3,2602.04916v3,BIOINFO,BIOINFO,0.8568087220191956,2,intra_paper
31748,31751,FIG_00031749,FIG_00031752,2602.04916v3,2602.04916v3,BIOINFO,BIOINFO,0.8477410078048706,3,intra_paper
31748,31755,FIG_00031749,FIG_00031756,2602.04916v3,2602.04916v3,BIOINFO,BIOINFO,0.8425620794296265,4,intra_paper
31748,31763,FIG_00031749,FIG_00031764,2602.04916v3,2602.04916v3,BIOINFO,BIOINFO,0.8408268690109253,5,intra_paper
31748,31760,FIG_00031749,FIG_00031761,2602.04916v3,2602.04916v3,BIOINFO,BIOINFO,0.8349045515060425,6,intra_paper
31748,31758,FIG_00031749,FIG_00031759,2602.04916v3,2602.04916v3,BIOINFO,BIOINFO,0.7996740341186523,7,intra_paper
31748,31757,FIG_00031749,FIG_00031758,2602.04916v3,2602.04916v3,BIOINFO,BIOINFO,0.7957801818847656,8,intra_paper
31748,31764,FIG_00031749,FIG_00031765,2602.04916v3,2602.04916v3,BIOINFO,BIOINFO,0.794689416885376,9,intra_paper
31748,31762,FIG_00031749,FIG_00031763,2602.04916v3,2602.04916v3,BIOINFO,BIOINFO,0.7943555116653442,10,intra_paper
31748,31750,FIG_00031749,FIG_00031751,2602.04916v3,2602.04916v3,BIOINFO,BIOINFO,0.7877137660980225,11,intra_paper
31748,31752,FIG_00031749,FIG_00031753,2602.04916v3,2602.04916v3,BIOINFO,BIOINFO,0.7803281545639038,12,intra_paper
31748,31754,FIG_00031749,FIG_00031755,2602.04916v3,2602.04916v3,BIOINFO,BIOINFO,0.7753130793571472,13,intra_paper
31748,31761,FIG_00031749,FIG_00031762,2602.04916v3,2602.04916v3,BIOINFO,BIOINFO,0.7729002237319946,14,intra_paper
31749,31751,FIG_00031750,FIG_00031752,2602.04916v3,2602.04916v3,BIOINFO,BIOINFO,0.8968205451965332,1,intra_paper
31749,31759,FIG_00031750,FIG_00031760,2602.04916v3,2602.04916v3,BIOINFO,BIOINFO,0.8954728245735168,2,intra_paper
31749,31755,FIG_00031750,FIG_00031756,2602.04916v3,2602.04916v3,BIOINFO,BIOINFO,0.8892602920532227,3,intra_paper
31749,31760,FIG_00031750,FIG_00031761,2602.04916v3,2602.04916v3,BIOINFO,BIOINFO,0.8827449679374695,4,intra_paper
31749,31763,FIG_00031750,FIG_00031764,2602.04916v3,2602.04916v3,BIOINFO,BIOINFO,0.8615589141845703,5,intra_paper
31749,31764,FIG_00031750,FIG_00031765,2602.04916v3,2602.04916v3,BIOINFO,BIOINFO,0.8472303152084351,6,intra_paper
31749,31752,FIG_00031750,FIG_00031753,2602.04916v3,2602.04916v3,BIOINFO,BIOINFO,0.8454583287239075,7,intra_paper
31749,31757,FIG_00031750,FIG_00031758,2602.04916v3,2602.04916v3,BIOINFO,BIOINFO,0.8441126346588135,8,intra_paper
31749,31758,FIG_00031750,FIG_00031759,2602.04916v3,2602.04916v3,BIOINFO,BIOINFO,0.8428201079368591,9,intra_paper
31749,31762,FIG_00031750,FIG_00031763,2602.04916v3,2602.04916v3,BIOINFO,BIOINFO,0.8390473127365112,10,intra_paper
31749,31750,FIG_00031750,FIG_00031751,2602.04916v3,2602.04916v3,BIOINFO,BIOINFO,0.8343667984008789,11,intra_paper
31749,31754,FIG_00031750,FIG_00031755,2602.04916v3,2602.04916v3,BIOINFO,BIOINFO,0.7929067611694336,12,intra_paper
31749,31761,FIG_00031750,FIG_00031762,2602.04916v3,2602.04916v3,BIOINFO,BIOINFO,0.7863829731941223,13,intra_paper
31749,31756,FIG_00031750,FIG_00031757,2602.04916v3,2602.04916v3,BIOINFO,BIOINFO,0.7617127299308777,14,intra_paper
31751,31754,FIG_00031752,FIG_00031755,2602.04916v3,2602.04916v3,BIOINFO,BIOINFO,0.8936601877212524,6,intra_paper
31751,31756,FIG_00031752,FIG_00031757,2602.04916v3,2602.04916v3,BIOINFO,BIOINFO,0.86365807056427,7,intra_paper
31751,31761,FIG_00031752,FIG_00031762,2602.04916v3,2602.04916v3,BIOINFO,BIOINFO,0.8616312742233276,8,intra_paper
31751,31753,FIG_00031752,FIG_00031754,2602.04916v3,2602.04916v3,BIOINFO,BIOINFO,0.8463150858879089,9,intra_paper
31751,31755,FIG_00031752,FIG_00031756,2602.04916v3,2602.04916v3,BIOINFO,BIOINFO,0.8242520689964294,10,intra_paper
31751,31759,FIG_00031752,FIG_00031760,2602.04916v3,2602.04916v3,BIOINFO,BIOINFO,0.8227667808532715,11,intra_paper
31751,31762,FIG_00031752,FIG_00031763,2602.04916v3,2602.04916v3,BIOINFO,BIOINFO,0.8010056018829346,12,intra_paper
31751,31758,FIG_00031752,FIG_00031759,2602.04916v3,2602.04916v3,BIOINFO,BIOINFO,0.7942657470703125,13,intra_paper
31752,31763,FIG_00031753,FIG_00031764,2602.04916v3,2602.04916v3,BIOINFO,BIOINFO,0.8839541673660278,4,intra_paper
31752,31754,FIG_00031753,FIG_00031755,2602.04916v3,2602.04916v3,BIOINFO,BIOINFO,0.865347683429718,5,intra_paper
31752,31761,FIG_00031753,FIG_00031762,2602.04916v3,2602.04916v3,BIOINFO,BIOINFO,0.8375000953674316,6,intra_paper
31752,31756,FIG_00031753,FIG_00031757,2602.04916v3,2602.04916v3,BIOINFO,BIOINFO,0.8192290663719177,7,intra_paper
31752,31753,FIG_00031753,FIG_00031754,2602.04916v3,2602.04916v3,BIOINFO,BIOINFO,0.8165590763092041,8,intra_paper
31752,31759,FIG_00031753,FIG_00031760,2602.04916v3,2602.04916v3,BIOINFO,BIOINFO,0.8101494908332825,9,intra_paper
31752,31755,FIG_00031753,FIG_00031756,2602.04916v3,2602.04916v3,BIOINFO,BIOINFO,0.8076268434524536,10,intra_paper
31752,31762,FIG_00031753,FIG_00031763,2602.04916v3,2602.04916v3,BIOINFO,BIOINFO,0.790732204914093,11,intra_paper
31752,31758,FIG_00031753,FIG_00031759,2602.04916v3,2602.04916v3,BIOINFO,BIOINFO,0.781180739402771,12,intra_paper
31753,31760,FIG_00031754,FIG_00031761,2602.04916v3,2602.04916v3,BIOINFO,BIOINFO,0.8640474081039429,5,intra_paper
31753,31757,FIG_00031754,FIG_00031758,2602.04916v3,2602.04916v3,BIOINFO,BIOINFO,0.8556673526763916,6,intra_paper
31753,31764,FIG_00031754,FIG_00031765,2602.04916v3,2602.04916v3,BIOINFO,BIOINFO,0.8339522480964661,7,intra_paper
31754,31764,FIG_00031755,FIG_00031765,2602.04916v3,2602.04916v3,BIOINFO,BIOINFO,0.8802727460861206,6,intra_paper
31755,31760,FIG_00031756,FIG_00031761,2602.04916v3,2602.04916v3,BIOINFO,BIOINFO,0.8241242170333862,4,intra_paper
31755,31764,FIG_00031756,FIG_00031765,2602.04916v3,2602.04916v3,BIOINFO,BIOINFO,0.7971804738044739,5,intra_paper
31755,31763,FIG_00031756,FIG_00031764,2602.04916v3,2602.04916v3,BIOINFO,BIOINFO,0.7900994420051575,6,intra_paper
31755,31757,FIG_00031756,FIG_00031758,2602.04916v3,2602.04916v3,BIOINFO,BIOINFO,0.7887856960296631,7,intra_paper
31756,31757,FIG_00031757,FIG_00031758,2602.04916v3,2602.04916v3,BIOINFO,BIOINFO,0.8748449683189392,3,intra_paper
31756,31760,FIG_00031757,FIG_00031761,2602.04916v3,2602.04916v3,BIOINFO,BIOINFO,0.8728330135345459,4,intra_paper
31756,31764,FIG_00031757,FIG_00031765,2602.04916v3,2602.04916v3,BIOINFO,BIOINFO,0.8505942821502686,5,intra_paper
31757,31761,FIG_00031758,FIG_00031762,2602.04916v3,2602.04916v3,BIOINFO,BIOINFO,0.8520489931106567,4,intra_paper
31757,31762,FIG_00031758,FIG_00031763,2602.04916v3,2602.04916v3,BIOINFO,BIOINFO,0.7951805591583252,5,intra_paper
31757,31759,FIG_00031758,FIG_00031760,2602.04916v3,2602.04916v3,BIOINFO,BIOINFO,0.7868974804878235,6,intra_paper
31757,31758,FIG_00031758,FIG_00031759,2602.04916v3,2602.04916v3,BIOINFO,BIOINFO,0.7841954231262207,7,intra_paper
31758,31760,FIG_00031759,FIG_00031761,2602.04916v3,2602.04916v3,BIOINFO,BIOINFO,0.797022819519043,3,intra_paper
31758,31764,FIG_00031759,FIG_00031765,2602.04916v3,2602.04916v3,BIOINFO,BIOINFO,0.7928221225738525,4,intra_paper
31758,31763,FIG_00031759,FIG_00031764,2602.04916v3,2602.04916v3,BIOINFO,BIOINFO,0.7683814764022827,5,intra_paper
31759,31760,FIG_00031760,FIG_00031761,2602.04916v3,2602.04916v3,BIOINFO,BIOINFO,0.8235464096069336,2,intra_paper
31759,31763,FIG_00031760,FIG_00031764,2602.04916v3,2602.04916v3,BIOINFO,BIOINFO,0.799193263053894,3,intra_paper
31759,31764,FIG_00031760,FIG_00031765,2602.04916v3,2602.04916v3,BIOINFO,BIOINFO,0.7978363037109375,4,intra_paper
31760,31761,FIG_00031761,FIG_00031762,2602.04916v3,2602.04916v3,BIOINFO,BIOINFO,0.8871253132820129,3,intra_paper
31760,31762,FIG_00031761,FIG_00031763,2602.04916v3,2602.04916v3,BIOINFO,BIOINFO,0.7988606691360474,4,intra_paper
31761,31764,FIG_00031762,FIG_00031765,2602.04916v3,2602.04916v3,BIOINFO,BIOINFO,0.8418841361999512,2,intra_paper
31762,31764,FIG_00031763,FIG_00031765,2602.04916v3,2602.04916v3,BIOINFO,BIOINFO,0.7952041029930115,1,intra_paper
31762,31763,FIG_00031763,FIG_00031764,2602.04916v3,2602.04916v3,BIOINFO,BIOINFO,0.7806147933006287,2,intra_paper
31776,31777,FIG_00031777,FIG_00031778,2602.04119v1,2602.04119v1,BIOINFO,BIOINFO,0.8635189533233643,1,intra_paper
31780,31781,FIG_00031781,FIG_00031782,2602.04021v1,2602.04021v1,BIOINFO,BIOINFO,0.8053513765335083,1,intra_paper
31782,31783,FIG_00031783,FIG_00031784,2602.03824v1,2602.03824v1,BIOINFO,BIOINFO,0.8949111700057983,1,intra_paper
31793,31794,FIG_00031794,FIG_00031795,2602.03902v1,2602.03902v1,BIOINFO,BIOINFO,0.7977315783500671,1,intra_paper
31805,31806,FIG_00031806,FIG_00031807,2602.03902v1,2602.03902v1,BIOINFO,BIOINFO,0.8661651611328125,1,intra_paper
31815,31816,FIG_00031816,FIG_00031817,2602.03886v3,2602.03886v3,BIOINFO,BIOINFO,0.8882180452346802,1,intra_paper
31818,31821,FIG_00031819,FIG_00031822,2602.03886v3,2602.03886v3,BIOINFO,BIOINFO,0.8723729848861694,1,intra_paper
31818,31820,FIG_00031819,FIG_00031821,2602.03886v3,2602.03886v3,BIOINFO,BIOINFO,0.8668819069862366,2,intra_paper
31824,31826,FIG_00031825,FIG_00031827,2602.02825v1,2602.02825v1,BIOINFO,BIOINFO,0.8118221759796143,1,intra_paper
31825,31826,FIG_00031826,FIG_00031827,2602.02825v1,2602.02825v1,BIOINFO,BIOINFO,0.873753011226654,1,intra_paper
31836,31863,FIG_00031837,FIG_00031864,2602.02128v2,2602.02128v2,BIOINFO,BIOINFO,0.8944716453552246,1,intra_paper
31836,31862,FIG_00031837,FIG_00031863,2602.02128v2,2602.02128v2,BIOINFO,BIOINFO,0.8944716453552246,2,intra_paper
31836,31846,FIG_00031837,FIG_00031847,2602.02128v2,2602.02128v2,BIOINFO,BIOINFO,0.8809170722961426,3,intra_paper
31836,31839,FIG_00031837,FIG_00031840,2602.02128v2,2602.02128v2,BIOINFO,BIOINFO,0.8797348737716675,4,intra_paper
31839,31846,FIG_00031840,FIG_00031847,2602.02128v2,2602.02128v2,BIOINFO,BIOINFO,0.8406963348388672,1,intra_paper
31840,31841,FIG_00031841,FIG_00031842,2602.02128v2,2602.02128v2,BIOINFO,BIOINFO,0.8975730538368225,2,intra_paper
31847,31854,FIG_00031848,FIG_00031855,2602.02128v2,2602.02128v2,BIOINFO,BIOINFO,0.8133092522621155,7,intra_paper
31847,31849,FIG_00031848,FIG_00031850,2602.02128v2,2602.02128v2,BIOINFO,BIOINFO,0.7906125783920288,8,intra_paper
31847,31848,FIG_00031848,FIG_00031849,2602.02128v2,2602.02128v2,BIOINFO,BIOINFO,0.7906125783920288,9,intra_paper
31848,31857,FIG_00031849,FIG_00031858,2602.02128v2,2602.02128v2,BIOINFO,BIOINFO,0.8890219330787659,1,intra_paper
31848,31851,FIG_00031849,FIG_00031852,2602.02128v2,2602.02128v2,BIOINFO,BIOINFO,0.8771659135818481,2,intra_paper
31848,31854,FIG_00031849,FIG_00031855,2602.02128v2,2602.02128v2,BIOINFO,BIOINFO,0.8661051988601685,3,intra_paper
31848,31856,FIG_00031849,FIG_00031857,2602.02128v2,2602.02128v2,BIOINFO,BIOINFO,0.8644315600395203,4,intra_paper
31848,31850,FIG_00031849,FIG_00031851,2602.02128v2,2602.02128v2,BIOINFO,BIOINFO,0.8460837602615356,5,intra_paper
31848,31852,FIG_00031849,FIG_00031853,2602.02128v2,2602.02128v2,BIOINFO,BIOINFO,0.8388692140579224,6,intra_paper
31848,31855,FIG_00031849,FIG_00031856,2602.02128v2,2602.02128v2,BIOINFO,BIOINFO,0.8319435119628906,7,intra_paper
31848,31853,FIG_00031849,FIG_00031854,2602.02128v2,2602.02128v2,BIOINFO,BIOINFO,0.8237575888633728,8,intra_paper
31849,31857,FIG_00031850,FIG_00031858,2602.02128v2,2602.02128v2,BIOINFO,BIOINFO,0.8890219330787659,1,intra_paper
31849,31851,FIG_00031850,FIG_00031852,2602.02128v2,2602.02128v2,BIOINFO,BIOINFO,0.8771659135818481,2,intra_paper
31849,31854,FIG_00031850,FIG_00031855,2602.02128v2,2602.02128v2,BIOINFO,BIOINFO,0.8661051988601685,3,intra_paper
31849,31856,FIG_00031850,FIG_00031857,2602.02128v2,2602.02128v2,BIOINFO,BIOINFO,0.8644315600395203,4,intra_paper
31849,31850,FIG_00031850,FIG_00031851,2602.02128v2,2602.02128v2,BIOINFO,BIOINFO,0.8460837602615356,5,intra_paper
31849,31852,FIG_00031850,FIG_00031853,2602.02128v2,2602.02128v2,BIOINFO,BIOINFO,0.8388692140579224,6,intra_paper
31849,31855,FIG_00031850,FIG_00031856,2602.02128v2,2602.02128v2,BIOINFO,BIOINFO,0.8319435119628906,7,intra_paper
31849,31853,FIG_00031850,FIG_00031854,2602.02128v2,2602.02128v2,BIOINFO,BIOINFO,0.8237575888633728,8,intra_paper
31850,31852,FIG_00031851,FIG_00031853,2602.02128v2,2602.02128v2,BIOINFO,BIOINFO,0.8931207656860352,4,intra_paper
31850,31851,FIG_00031851,FIG_00031852,2602.02128v2,2602.02128v2,BIOINFO,BIOINFO,0.8832374215126038,5,intra_paper
31850,31854,FIG_00031851,FIG_00031855,2602.02128v2,2602.02128v2,BIOINFO,BIOINFO,0.8360499143600464,6,intra_paper
31850,31853,FIG_00031851,FIG_00031854,2602.02128v2,2602.02128v2,BIOINFO,BIOINFO,0.7639948129653931,7,intra_paper
31851,31855,FIG_00031852,FIG_00031856,2602.02128v2,2602.02128v2,BIOINFO,BIOINFO,0.8900313973426819,4,intra_paper
31851,31854,FIG_00031852,FIG_00031855,2602.02128v2,2602.02128v2,BIOINFO,BIOINFO,0.8517186045646667,5,intra_paper
31851,31853,FIG_00031852,FIG_00031854,2602.02128v2,2602.02128v2,BIOINFO,BIOINFO,0.8415864109992981,6,intra_paper
31852,31855,FIG_00031853,FIG_00031856,2602.02128v2,2602.02128v2,BIOINFO,BIOINFO,0.8777291774749756,3,intra_paper
31852,31854,FIG_00031853,FIG_00031855,2602.02128v2,2602.02128v2,BIOINFO,BIOINFO,0.8600061535835266,4,intra_paper
31852,31853,FIG_00031853,FIG_00031854,2602.02128v2,2602.02128v2,BIOINFO,BIOINFO,0.7553939819335938,8,intra_paper
31853,31856,FIG_00031854,FIG_00031857,2602.02128v2,2602.02128v2,BIOINFO,BIOINFO,0.8179852962493896,1,intra_paper
31853,31857,FIG_00031854,FIG_00031858,2602.02128v2,2602.02128v2,BIOINFO,BIOINFO,0.776053786277771,2,intra_paper
31854,31857,FIG_00031855,FIG_00031858,2602.02128v2,2602.02128v2,BIOINFO,BIOINFO,0.8739460706710815,1,intra_paper
31854,31856,FIG_00031855,FIG_00031857,2602.02128v2,2602.02128v2,BIOINFO,BIOINFO,0.8389946222305298,2,intra_paper
31854,31855,FIG_00031855,FIG_00031856,2602.02128v2,2602.02128v2,BIOINFO,BIOINFO,0.8334860801696777,3,intra_paper
31868,31869,FIG_00031869,FIG_00031870,2602.02620v2,2602.02620v2,BIOINFO,BIOINFO,0.8791992664337158,1,intra_paper
31869,31874,FIG_00031870,FIG_00031875,2602.02620v2,2602.02620v2,BIOINFO,BIOINFO,0.8713164329528809,1,intra_paper
31870,31871,FIG_00031871,FIG_00031872,2602.02620v2,2602.02620v2,BIOINFO,BIOINFO,0.753679633140564,6,intra_paper
31874,31875,FIG_00031875,FIG_00031876,2602.02620v2,2602.02620v2,BIOINFO,BIOINFO,0.899574875831604,1,intra_paper
31881,31882,FIG_00031882,FIG_00031883,2602.02620v2,2602.02620v2,BIOINFO,BIOINFO,0.8450033068656921,3,intra_paper
31897,31898,FIG_00031898,FIG_00031899,2602.01496v2,2602.01496v2,BIOINFO,BIOINFO,0.8642192482948303,4,intra_paper
31898,31899,FIG_00031899,FIG_00031900,2602.01496v2,2602.01496v2,BIOINFO,BIOINFO,0.8803611397743225,1,intra_paper
31898,31907,FIG_00031899,FIG_00031908,2602.01496v2,2602.01496v2,BIOINFO,BIOINFO,0.8570354580879211,2,intra_paper
31901,31908,FIG_00031902,FIG_00031909,2602.01496v2,2602.01496v2,BIOINFO,BIOINFO,0.8203750848770142,1,intra_paper
31902,31909,FIG_00031903,FIG_00031910,2602.01496v2,2602.01496v2,BIOINFO,BIOINFO,0.8068339824676514,4,intra_paper
31906,31907,FIG_00031907,FIG_00031908,2602.01496v2,2602.01496v2,BIOINFO,BIOINFO,0.8442388772964478,1,intra_paper
31939,31944,FIG_00031940,FIG_00031945,2601.22971v1,2601.22971v1,BIOINFO,BIOINFO,0.8490310311317444,4,intra_paper
31940,31948,FIG_00031941,FIG_00031949,2601.22971v1,2601.22971v1,BIOINFO,BIOINFO,0.8771374821662903,2,intra_paper
31940,31944,FIG_00031941,FIG_00031945,2601.22971v1,2601.22971v1,BIOINFO,BIOINFO,0.8720616102218628,6,intra_paper
31940,31946,FIG_00031941,FIG_00031947,2601.22971v1,2601.22971v1,BIOINFO,BIOINFO,0.8699671030044556,7,intra_paper
31941,31944,FIG_00031942,FIG_00031945,2601.22971v1,2601.22971v1,BIOINFO,BIOINFO,0.8712308406829834,5,intra_paper
31944,31947,FIG_00031945,FIG_00031948,2601.22971v1,2601.22971v1,BIOINFO,BIOINFO,0.8704115152359009,4,intra_paper
31950,31951,FIG_00031951,FIG_00031952,2601.22971v1,2601.22971v1,BIOINFO,BIOINFO,0.8847104907035828,1,intra_paper
31954,31956,FIG_00031955,FIG_00031957,2601.22918v1,2601.22918v1,BIOINFO,BIOINFO,0.7825262546539307,1,intra_paper
31957,31964,FIG_00031958,FIG_00031965,2601.22918v1,2601.22918v1,BIOINFO,BIOINFO,0.8765665292739868,4,intra_paper
31975,31976,FIG_00031976,FIG_00031977,2601.22128v1,2601.22128v1,BIOINFO,BIOINFO,0.8544371724128723,1,intra_paper
31983,31998,FIG_00031984,FIG_00031999,2601.20343v1,2601.20343v1,BIOINFO,BIOINFO,0.8159449100494385,8,intra_paper
31989,31992,FIG_00031990,FIG_00031993,2601.20343v1,2601.20343v1,BIOINFO,BIOINFO,0.8977351188659668,4,intra_paper
31989,31998,FIG_00031990,FIG_00031999,2601.20343v1,2601.20343v1,BIOINFO,BIOINFO,0.8008373975753784,6,intra_paper
31991,31998,FIG_00031992,FIG_00031999,2601.20343v1,2601.20343v1,BIOINFO,BIOINFO,0.8197586536407471,4,intra_paper
32025,32028,FIG_00032026,FIG_00032029,2601.18713v1,2601.18713v1,BIOINFO,BIOINFO,0.8499204516410828,1,intra_paper
32025,32026,FIG_00032026,FIG_00032027,2601.18713v1,2601.18713v1,BIOINFO,BIOINFO,0.8432633876800537,2,intra_paper
32025,32027,FIG_00032026,FIG_00032028,2601.18713v1,2601.18713v1,BIOINFO,BIOINFO,0.7936315536499023,3,intra_paper
32026,32028,FIG_00032027,FIG_00032029,2601.18713v1,2601.18713v1,BIOINFO,BIOINFO,0.8012335300445557,1,intra_paper
32027,32028,FIG_00032028,FIG_00032029,2601.18713v1,2601.18713v1,BIOINFO,BIOINFO,0.7954683303833008,1,intra_paper
32040,32042,FIG_00032041,FIG_00032043,2601.17582v2,2601.17582v2,BIOINFO,BIOINFO,0.892223596572876,3,intra_paper
32043,32046,FIG_00032044,FIG_00032047,2601.17582v2,2601.17582v2,BIOINFO,BIOINFO,0.8852298259735107,1,intra_paper
32043,32045,FIG_00032044,FIG_00032046,2601.17582v2,2601.17582v2,BIOINFO,BIOINFO,0.8412094116210938,4,intra_paper
32043,32044,FIG_00032044,FIG_00032045,2601.17582v2,2601.17582v2,BIOINFO,BIOINFO,0.8323166966438293,6,intra_paper
32043,32050,FIG_00032044,FIG_00032051,2601.17582v2,2601.17582v2,BIOINFO,BIOINFO,0.8322752714157104,7,intra_paper
32044,32045,FIG_00032045,FIG_00032046,2601.17582v2,2601.17582v2,BIOINFO,BIOINFO,0.8872016668319702,2,intra_paper
32045,32046,FIG_00032046,FIG_00032047,2601.17582v2,2601.17582v2,BIOINFO,BIOINFO,0.8639757633209229,1,intra_paper
32046,32048,FIG_00032047,FIG_00032049,2601.17582v2,2601.17582v2,BIOINFO,BIOINFO,0.8038986921310425,2,intra_paper
32131,32132,FIG_00032132,FIG_00032133,2601.18818v1,2601.18818v1,BIOINFO,BIOINFO,0.8533896207809448,2,intra_paper
32152,32153,FIG_00032153,FIG_00032154,2601.15530v2,2601.15530v2,BIOINFO,BIOINFO,0.8160375356674194,1,intra_paper
32155,32157,FIG_00032156,FIG_00032158,2601.15504v1,2601.15504v1,BIOINFO,BIOINFO,0.843191385269165,1,intra_paper
32173,32174,FIG_00032174,FIG_00032175,2601.15273v1,2601.15273v1,BIOINFO,BIOINFO,0.8196214437484741,1,intra_paper
32194,32200,FIG_00032195,FIG_00032201,2601.14183v2,2601.14183v2,BIOINFO,BIOINFO,0.899021565914154,1,intra_paper
32197,32227,FIG_00032198,FIG_00032228,2601.14183v2,2601.14183v2,BIOINFO,BIOINFO,0.8913547992706299,1,intra_paper
32198,32199,FIG_00032199,FIG_00032200,2601.14183v2,2601.14183v2,BIOINFO,BIOINFO,0.8781237602233887,2,intra_paper
32200,32202,FIG_00032201,FIG_00032203,2601.14183v2,2601.14183v2,BIOINFO,BIOINFO,0.8466308116912842,1,intra_paper
32201,32203,FIG_00032202,FIG_00032204,2601.14183v2,2601.14183v2,BIOINFO,BIOINFO,0.8877261877059937,1,intra_paper
32205,32208,FIG_00032206,FIG_00032209,2601.14183v2,2601.14183v2,BIOINFO,BIOINFO,0.893491268157959,3,intra_paper
32206,32207,FIG_00032207,FIG_00032208,2601.14183v2,2601.14183v2,BIOINFO,BIOINFO,0.8860801458358765,2,intra_paper
32253,32255,FIG_00032254,FIG_00032256,2601.13407v2,2601.13407v2,BIOINFO,BIOINFO,0.8690993785858154,2,intra_paper
32253,32254,FIG_00032254,FIG_00032255,2601.13407v2,2601.13407v2,BIOINFO,BIOINFO,0.8423527479171753,4,intra_paper
32254,32255,FIG_00032255,FIG_00032256,2601.13407v2,2601.13407v2,BIOINFO,BIOINFO,0.879106342792511,2,intra_paper
32255,32256,FIG_00032256,FIG_00032257,2601.13407v2,2601.13407v2,BIOINFO,BIOINFO,0.8399325013160706,3,intra_paper
32265,32267,FIG_00032266,FIG_00032268,2601.12928v1,2601.12928v1,BIOINFO,BIOINFO,0.7646008729934692,1,intra_paper
32274,32275,FIG_00032275,FIG_00032276,2601.14314v1,2601.14314v1,BIOINFO,BIOINFO,0.8025826215744019,1,intra_paper
32283,32286,FIG_00032284,FIG_00032287,2601.12801v1,2601.12801v1,BIOINFO,BIOINFO,0.8273035883903503,1,intra_paper
32309,32310,FIG_00032310,FIG_00032311,2601.12381v1,2601.12381v1,BIOINFO,BIOINFO,0.824672281742096,2,intra_paper
32325,32326,FIG_00032326,FIG_00032327,2601.11878v1,2601.11878v1,BIOINFO,BIOINFO,0.8724915981292725,1,intra_paper
32335,32336,FIG_00032336,FIG_00032337,2601.11505v2,2601.11505v2,BIOINFO,BIOINFO,0.881423830986023,1,intra_paper
32335,32339,FIG_00032336,FIG_00032340,2601.11505v2,2601.11505v2,BIOINFO,BIOINFO,0.879493236541748,2,intra_paper
32352,32354,FIG_00032353,FIG_00032355,2601.10405v1,2601.10405v1,BIOINFO,BIOINFO,0.8927884101867676,1,intra_paper
32352,32353,FIG_00032353,FIG_00032354,2601.10405v1,2601.10405v1,BIOINFO,BIOINFO,0.882448673248291,2,intra_paper
32364,32365,FIG_00032365,FIG_00032366,2601.10405v1,2601.10405v1,BIOINFO,BIOINFO,0.8679258823394775,1,intra_paper
32419,32420,FIG_00032420,FIG_00032421,2601.08318v1,2601.08318v1,BIOINFO,BIOINFO,0.8900117874145508,1,intra_paper
32428,32432,FIG_00032429,FIG_00032433,2601.08266v2,2601.08266v2,BIOINFO,BIOINFO,0.7864711284637451,1,intra_paper
32428,32430,FIG_00032429,FIG_00032431,2601.08266v2,2601.08266v2,BIOINFO,BIOINFO,0.7840867638587952,2,intra_paper
32448,32449,FIG_00032449,FIG_00032450,2601.07691v1,2601.07691v1,BIOINFO,BIOINFO,0.8681211471557617,1,intra_paper
32452,32458,FIG_00032453,FIG_00032459,2601.07691v1,2601.07691v1,BIOINFO,BIOINFO,0.8737494349479675,1,intra_paper
32459,32464,FIG_00032460,FIG_00032465,2601.07591v1,2601.07591v1,BIOINFO,BIOINFO,0.8483542203903198,2,intra_paper
32489,32491,FIG_00032490,FIG_00032492,2601.05923v1,2601.05923v1,BIOINFO,BIOINFO,0.8489891886711121,1,intra_paper
32489,32490,FIG_00032490,FIG_00032491,2601.05923v1,2601.05923v1,BIOINFO,BIOINFO,0.8464227318763733,2,intra_paper
32490,32497,FIG_00032491,FIG_00032498,2601.05923v1,2601.05923v1,BIOINFO,BIOINFO,0.8388396501541138,2,intra_paper
32490,32492,FIG_00032491,FIG_00032493,2601.05923v1,2601.05923v1,BIOINFO,BIOINFO,0.8171941637992859,3,intra_paper
32490,32493,FIG_00032491,FIG_00032494,2601.05923v1,2601.05923v1,BIOINFO,BIOINFO,0.8099392056465149,4,intra_paper
32490,32498,FIG_00032491,FIG_00032499,2601.05923v1,2601.05923v1,BIOINFO,BIOINFO,0.8068419694900513,5,intra_paper
32490,32499,FIG_00032491,FIG_00032500,2601.05923v1,2601.05923v1,BIOINFO,BIOINFO,0.8042429685592651,6,intra_paper
32491,32497,FIG_00032492,FIG_00032498,2601.05923v1,2601.05923v1,BIOINFO,BIOINFO,0.8646860718727112,1,intra_paper
32491,32493,FIG_00032492,FIG_00032494,2601.05923v1,2601.05923v1,BIOINFO,BIOINFO,0.8350646495819092,2,intra_paper
32491,32498,FIG_00032492,FIG_00032499,2601.05923v1,2601.05923v1,BIOINFO,BIOINFO,0.8303462862968445,3,intra_paper
32491,32499,FIG_00032492,FIG_00032500,2601.05923v1,2601.05923v1,BIOINFO,BIOINFO,0.8289182782173157,4,intra_paper
32491,32492,FIG_00032492,FIG_00032493,2601.05923v1,2601.05923v1,BIOINFO,BIOINFO,0.8244372010231018,5,intra_paper
32492,32498,FIG_00032493,FIG_00032499,2601.05923v1,2601.05923v1,BIOINFO,BIOINFO,0.8933963775634766,3,intra_paper
32492,32499,FIG_00032493,FIG_00032500,2601.05923v1,2601.05923v1,BIOINFO,BIOINFO,0.8834186792373657,4,intra_paper
32508,32510,FIG_00032509,FIG_00032511,2601.05842v1,2601.05842v1,BIOINFO,BIOINFO,0.8747377395629883,4,intra_paper
32532,32533,FIG_00032533,FIG_00032534,2601.04926v1,2601.04926v1,BIOINFO,BIOINFO,0.8973917961120605,2,intra_paper
32544,32546,FIG_00032545,FIG_00032547,2601.04536v1,2601.04536v1,BIOINFO,BIOINFO,0.8699531555175781,5,intra_paper
32545,32551,FIG_00032546,FIG_00032552,2601.04536v1,2601.04536v1,BIOINFO,BIOINFO,0.8914899826049805,3,intra_paper
32545,32549,FIG_00032546,FIG_00032550,2601.04536v1,2601.04536v1,BIOINFO,BIOINFO,0.8878369927406311,4,intra_paper
32546,32550,FIG_00032547,FIG_00032551,2601.04536v1,2601.04536v1,BIOINFO,BIOINFO,0.8624374866485596,2,intra_paper
32546,32549,FIG_00032547,FIG_00032550,2601.04536v1,2601.04536v1,BIOINFO,BIOINFO,0.8205587863922119,3,intra_paper
32562,32563,FIG_00032563,FIG_00032564,2601.04375v2,2601.04375v2,BIOINFO,BIOINFO,0.8000399470329285,1,intra_paper
32562,32564,FIG_00032563,FIG_00032565,2601.04375v2,2601.04375v2,BIOINFO,BIOINFO,0.7672966718673706,2,intra_paper
32563,32564,FIG_00032564,FIG_00032565,2601.04375v2,2601.04375v2,BIOINFO,BIOINFO,0.8383564949035645,1,intra_paper
32573,32574,FIG_00032574,FIG_00032575,2601.03877v1,2601.03877v1,BIOINFO,BIOINFO,0.8075991868972778,1,intra_paper
32578,32581,FIG_00032579,FIG_00032582,2601.03704v1,2601.03704v1,BIOINFO,BIOINFO,0.8891850709915161,1,intra_paper
32595,32596,FIG_00032596,FIG_00032597,2601.02530v3,2601.02530v3,BIOINFO,BIOINFO,0.7937453985214233,1,intra_paper
32595,32597,FIG_00032596,FIG_00032598,2601.02530v3,2601.02530v3,BIOINFO,BIOINFO,0.7614129781723022,2,intra_paper
32605,32606,FIG_00032606,FIG_00032607,2601.02138v1,2601.02138v1,BIOINFO,BIOINFO,0.8063005208969116,1,intra_paper
32605,32608,FIG_00032606,FIG_00032609,2601.02138v1,2601.02138v1,BIOINFO,BIOINFO,0.777969479560852,2,intra_paper
32619,32626,FIG_00032620,FIG_00032627,2601.01337v1,2601.01337v1,BIOINFO,BIOINFO,0.8367604613304138,3,intra_paper
32619,32627,FIG_00032620,FIG_00032628,2601.01337v1,2601.01337v1,BIOINFO,BIOINFO,0.8361868262290955,4,intra_paper
32619,32628,FIG_00032620,FIG_00032629,2601.01337v1,2601.01337v1,BIOINFO,BIOINFO,0.8214760422706604,6,intra_paper
32619,32621,FIG_00032620,FIG_00032622,2601.01337v1,2601.01337v1,BIOINFO,BIOINFO,0.817771315574646,7,intra_paper
32620,32626,FIG_00032621,FIG_00032627,2601.01337v1,2601.01337v1,BIOINFO,BIOINFO,0.893677830696106,2,intra_paper
32620,32627,FIG_00032621,FIG_00032628,2601.01337v1,2601.01337v1,BIOINFO,BIOINFO,0.8904423713684082,3,intra_paper
32620,32628,FIG_00032621,FIG_00032629,2601.01337v1,2601.01337v1,BIOINFO,BIOINFO,0.8880681991577148,4,intra_paper
32621,32626,FIG_00032622,FIG_00032627,2601.01337v1,2601.01337v1,BIOINFO,BIOINFO,0.8984424471855164,1,intra_paper
32621,32627,FIG_00032622,FIG_00032628,2601.01337v1,2601.01337v1,BIOINFO,BIOINFO,0.8960905075073242,2,intra_paper
32621,32628,FIG_00032622,FIG_00032629,2601.01337v1,2601.01337v1,BIOINFO,BIOINFO,0.8954170346260071,3,intra_paper
32624,32626,FIG_00032625,FIG_00032627,2601.01337v1,2601.01337v1,BIOINFO,BIOINFO,0.8249136805534363,2,intra_paper
32624,32627,FIG_00032625,FIG_00032628,2601.01337v1,2601.01337v1,BIOINFO,BIOINFO,0.8175767660140991,3,intra_paper
32625,32627,FIG_00032626,FIG_00032628,2601.01337v1,2601.01337v1,BIOINFO,BIOINFO,0.8894363641738892,1,intra_paper
32625,32626,FIG_00032626,FIG_00032627,2601.01337v1,2601.01337v1,BIOINFO,BIOINFO,0.8838999271392822,2,intra_paper
32626,32628,FIG_00032627,FIG_00032629,2601.01337v1,2601.01337v1,BIOINFO,BIOINFO,0.8840495347976685,2,intra_paper
32627,32628,FIG_00032628,FIG_00032629,2601.01337v1,2601.01337v1,BIOINFO,BIOINFO,0.868269681930542,1,intra_paper
32670,32675,FIG_00032671,FIG_00032676,2601.00073v1,2601.00073v1,BIOINFO,BIOINFO,0.8997012376785278,3,intra_paper
32670,32671,FIG_00032671,FIG_00032672,2601.00073v1,2601.00073v1,BIOINFO,BIOINFO,0.882678210735321,4,intra_paper
32670,32674,FIG_00032671,FIG_00032675,2601.00073v1,2601.00073v1,BIOINFO,BIOINFO,0.8825706243515015,5,intra_paper
32671,32674,FIG_00032672,FIG_00032675,2601.00073v1,2601.00073v1,BIOINFO,BIOINFO,0.8757053017616272,5,intra_paper
32671,32679,FIG_00032672,FIG_00032680,2601.00073v1,2601.00073v1,BIOINFO,BIOINFO,0.8599662780761719,8,intra_paper
32675,32679,FIG_00032676,FIG_00032680,2601.00073v1,2601.00073v1,BIOINFO,BIOINFO,0.8537894487380981,2,intra_paper
32685,32711,FIG_00032686,FIG_00032712,2512.24945v2,2512.24945v2,BIOINFO,BIOINFO,0.7813056707382202,2,intra_paper
32685,32715,FIG_00032686,FIG_00032716,2512.24945v2,2512.24945v2,BIOINFO,BIOINFO,0.7714160084724426,6,intra_paper
32687,32721,FIG_00032688,FIG_00032722,2512.24945v2,2512.24945v2,BIOINFO,BIOINFO,0.8701779842376709,2,intra_paper
32688,32724,FIG_00032689,FIG_00032725,2512.24945v2,2512.24945v2,BIOINFO,BIOINFO,0.7774072289466858,1,intra_paper
32690,32706,FIG_00032691,FIG_00032707,2512.24945v2,2512.24945v2,BIOINFO,BIOINFO,0.8294301629066467,1,intra_paper
32690,32712,FIG_00032691,FIG_00032713,2512.24945v2,2512.24945v2,BIOINFO,BIOINFO,0.79230797290802,3,intra_paper
32691,32724,FIG_00032692,FIG_00032725,2512.24945v2,2512.24945v2,BIOINFO,BIOINFO,0.8174301981925964,2,intra_paper
32707,32721,FIG_00032708,FIG_00032722,2512.24945v2,2512.24945v2,BIOINFO,BIOINFO,0.8705546855926514,1,intra_paper
32710,32716,FIG_00032711,FIG_00032717,2512.24945v2,2512.24945v2,BIOINFO,BIOINFO,0.8757435083389282,1,intra_paper
32752,32755,FIG_00032753,FIG_00032756,2512.24401v1,2512.24401v1,BIOINFO,BIOINFO,0.7831032872200012,1,intra_paper
32752,32754,FIG_00032753,FIG_00032755,2512.24401v1,2512.24401v1,BIOINFO,BIOINFO,0.7820796966552734,2,intra_paper
32754,32756,FIG_00032755,FIG_00032757,2512.24401v1,2512.24401v1,BIOINFO,BIOINFO,0.7909315228462219,2,intra_paper
32755,32756,FIG_00032756,FIG_00032757,2512.24401v1,2512.24401v1,BIOINFO,BIOINFO,0.8098809719085693,1,intra_paper
32756,32764,FIG_00032757,FIG_00032765,2512.24401v1,2512.24401v1,BIOINFO,BIOINFO,0.815398097038269,1,intra_paper
32756,32757,FIG_00032757,FIG_00032758,2512.24401v1,2512.24401v1,BIOINFO,BIOINFO,0.7951960563659668,2,intra_paper
32756,32775,FIG_00032757,FIG_00032776,2512.24401v1,2512.24401v1,BIOINFO,BIOINFO,0.7654862403869629,3,intra_paper
32757,32765,FIG_00032758,FIG_00032766,2512.24401v1,2512.24401v1,BIOINFO,BIOINFO,0.8739291429519653,1,intra_paper
32762,32768,FIG_00032763,FIG_00032769,2512.24401v1,2512.24401v1,BIOINFO,BIOINFO,0.8621170520782471,2,intra_paper
32771,32772,FIG_00032772,FIG_00032773,2512.24401v1,2512.24401v1,BIOINFO,BIOINFO,0.7898836731910706,1,intra_paper
32784,32793,FIG_00032785,FIG_00032794,2512.23877v3,2512.23877v3,BIOINFO,BIOINFO,0.8713116645812988,1,intra_paper
32824,32827,FIG_00032825,FIG_00032828,2512.23754v1,2512.23754v1,BIOINFO,BIOINFO,0.8784269690513611,1,intra_paper
32824,32826,FIG_00032825,FIG_00032827,2512.23754v1,2512.23754v1,BIOINFO,BIOINFO,0.8739800453186035,2,intra_paper
32824,32825,FIG_00032825,FIG_00032826,2512.23754v1,2512.23754v1,BIOINFO,BIOINFO,0.8617798089981079,3,intra_paper
32825,32827,FIG_00032826,FIG_00032828,2512.23754v1,2512.23754v1,BIOINFO,BIOINFO,0.7972959280014038,1,intra_paper
32825,32826,FIG_00032826,FIG_00032827,2512.23754v1,2512.23754v1,BIOINFO,BIOINFO,0.7920470237731934,2,intra_paper
32828,32829,FIG_00032829,FIG_00032830,2512.23754v1,2512.23754v1,BIOINFO,BIOINFO,0.8204039335250854,4,intra_paper
32877,32883,FIG_00032878,FIG_00032884,2512.22270v3,2512.22270v3,BIOINFO,BIOINFO,0.8873461484909058,1,intra_paper
32877,32878,FIG_00032878,FIG_00032879,2512.22270v3,2512.22270v3,BIOINFO,BIOINFO,0.8868160247802734,2,intra_paper
32889,32890,FIG_00032890,FIG_00032891,2512.21301v1,2512.21301v1,BIOINFO,BIOINFO,0.771938681602478,1,intra_paper
32904,32910,FIG_00032905,FIG_00032911,2512.21301v1,2512.21301v1,BIOINFO,BIOINFO,0.8982646465301514,2,intra_paper
32939,32940,FIG_00032940,FIG_00032941,2512.19939v1,2512.19939v1,BIOINFO,BIOINFO,0.8306955099105835,1,intra_paper
32940,32941,FIG_00032941,FIG_00032942,2512.19939v1,2512.19939v1,BIOINFO,BIOINFO,0.8107834458351135,1,intra_paper
32940,32944,FIG_00032941,FIG_00032945,2512.19939v1,2512.19939v1,BIOINFO,BIOINFO,0.7995955944061279,2,intra_paper
32941,32944,FIG_00032942,FIG_00032945,2512.19939v1,2512.19939v1,BIOINFO,BIOINFO,0.8984458446502686,1,intra_paper
32941,32945,FIG_00032942,FIG_00032946,2512.19939v1,2512.19939v1,BIOINFO,BIOINFO,0.8162972927093506,2,intra_paper
32944,32945,FIG_00032945,FIG_00032946,2512.19939v1,2512.19939v1,BIOINFO,BIOINFO,0.8153094053268433,1,intra_paper
32954,32955,FIG_00032955,FIG_00032956,2512.19416v1,2512.19416v1,BIOINFO,BIOINFO,0.8811808824539185,1,intra_paper
32971,32973,FIG_00032972,FIG_00032974,2512.18442v4,2512.18442v4,BIOINFO,BIOINFO,0.8833844661712646,2,intra_paper
32977,32978,FIG_00032978,FIG_00032979,2512.18197v1,2512.18197v1,BIOINFO,BIOINFO,0.8394110798835754,2,intra_paper
33009,33012,FIG_00033010,FIG_00033013,2512.17988v2,2512.17988v2,BIOINFO,BIOINFO,0.8554511070251465,1,intra_paper
33012,33013,FIG_00033013,FIG_00033014,2512.17988v2,2512.17988v2,BIOINFO,BIOINFO,0.8683772087097168,1,intra_paper
33019,33020,FIG_00033020,FIG_00033021,2512.17129v2,2512.17129v2,BIOINFO,BIOINFO,0.7994250059127808,2,intra_paper
33021,33022,FIG_00033022,FIG_00033023,2512.17129v2,2512.17129v2,BIOINFO,BIOINFO,0.8337243795394897,1,intra_paper
33021,33030,FIG_00033022,FIG_00033031,2512.17129v2,2512.17129v2,BIOINFO,BIOINFO,0.8308681845664978,2,intra_paper
33021,33028,FIG_00033022,FIG_00033029,2512.17129v2,2512.17129v2,BIOINFO,BIOINFO,0.8138452768325806,3,intra_paper
33021,33027,FIG_00033022,FIG_00033028,2512.17129v2,2512.17129v2,BIOINFO,BIOINFO,0.7851749658584595,5,intra_paper
33021,33029,FIG_00033022,FIG_00033030,2512.17129v2,2512.17129v2,BIOINFO,BIOINFO,0.781648576259613,6,intra_paper
33028,33029,FIG_00033029,FIG_00033030,2512.17129v2,2512.17129v2,BIOINFO,BIOINFO,0.804654061794281,1,intra_paper
33028,33030,FIG_00033029,FIG_00033031,2512.17129v2,2512.17129v2,BIOINFO,BIOINFO,0.7672330141067505,3,intra_paper
33050,33067,FIG_00033051,FIG_00033068,2512.15828v1,2512.15828v1,BIOINFO,BIOINFO,0.8744620680809021,1,intra_paper
33050,33056,FIG_00033051,FIG_00033057,2512.15828v1,2512.15828v1,BIOINFO,BIOINFO,0.8734905123710632,2,intra_paper
33050,33051,FIG_00033051,FIG_00033052,2512.15828v1,2512.15828v1,BIOINFO,BIOINFO,0.8556840419769287,3,intra_paper
33050,33055,FIG_00033051,FIG_00033056,2512.15828v1,2512.15828v1,BIOINFO,BIOINFO,0.8427973985671997,4,intra_paper
33050,33054,FIG_00033051,FIG_00033055,2512.15828v1,2512.15828v1,BIOINFO,BIOINFO,0.828973650932312,5,intra_paper
33050,33070,FIG_00033051,FIG_00033071,2512.15828v1,2512.15828v1,BIOINFO,BIOINFO,0.7761337161064148,6,intra_paper
33050,33052,FIG_00033051,FIG_00033053,2512.15828v1,2512.15828v1,BIOINFO,BIOINFO,0.7539203763008118,7,intra_paper
33051,33057,FIG_00033052,FIG_00033058,2512.15828v1,2512.15828v1,BIOINFO,BIOINFO,0.8118115067481995,5,intra_paper
33051,33052,FIG_00033052,FIG_00033053,2512.15828v1,2512.15828v1,BIOINFO,BIOINFO,0.7793479561805725,6,intra_paper
33053,33055,FIG_00033054,FIG_00033056,2512.15828v1,2512.15828v1,BIOINFO,BIOINFO,0.7696573734283447,1,intra_paper
33053,33054,FIG_00033054,FIG_00033055,2512.15828v1,2512.15828v1,BIOINFO,BIOINFO,0.7624895572662354,2,intra_paper
33054,33067,FIG_00033055,FIG_00033068,2512.15828v1,2512.15828v1,BIOINFO,BIOINFO,0.8942209482192993,3,intra_paper
33054,33057,FIG_00033055,FIG_00033058,2512.15828v1,2512.15828v1,BIOINFO,BIOINFO,0.8367100358009338,4,intra_paper
33055,33057,FIG_00033056,FIG_00033058,2512.15828v1,2512.15828v1,BIOINFO,BIOINFO,0.8213096261024475,3,intra_paper
33056,33067,FIG_00033057,FIG_00033068,2512.15828v1,2512.15828v1,BIOINFO,BIOINFO,0.8505414724349976,1,intra_paper
33059,33061,FIG_00033060,FIG_00033062,2512.15828v1,2512.15828v1,BIOINFO,BIOINFO,0.847722053527832,2,intra_paper
33059,33062,FIG_00033060,FIG_00033063,2512.15828v1,2512.15828v1,BIOINFO,BIOINFO,0.814922034740448,7,intra_paper
33060,33062,FIG_00033061,FIG_00033063,2512.15828v1,2512.15828v1,BIOINFO,BIOINFO,0.8875855803489685,1,intra_paper
33060,33061,FIG_00033061,FIG_00033062,2512.15828v1,2512.15828v1,BIOINFO,BIOINFO,0.8751691579818726,4,intra_paper
33061,33064,FIG_00033062,FIG_00033065,2512.15828v1,2512.15828v1,BIOINFO,BIOINFO,0.8924201726913452,3,intra_paper
33073,33074,FIG_00033074,FIG_00033075,2512.15930v2,2512.15930v2,BIOINFO,BIOINFO,0.8009172677993774,1,intra_paper
33114,33122,FIG_00033115,FIG_00033123,2512.13935v1,2512.13935v1,BIOINFO,BIOINFO,0.8552559018135071,5,intra_paper
33114,33117,FIG_00033115,FIG_00033118,2512.13935v1,2512.13935v1,BIOINFO,BIOINFO,0.8472672700881958,6,intra_paper
33114,33135,FIG_00033115,FIG_00033136,2512.13935v1,2512.13935v1,BIOINFO,BIOINFO,0.8453521728515625,7,intra_paper
33114,33155,FIG_00033115,FIG_00033156,2512.13935v1,2512.13935v1,BIOINFO,BIOINFO,0.8437917232513428,8,intra_paper
33119,33126,FIG_00033120,FIG_00033127,2512.13935v1,2512.13935v1,BIOINFO,BIOINFO,0.8961118459701538,2,intra_paper
33122,33133,FIG_00033123,FIG_00033134,2512.13935v1,2512.13935v1,BIOINFO,BIOINFO,0.8988357186317444,5,intra_paper
33122,33127,FIG_00033123,FIG_00033128,2512.13935v1,2512.13935v1,BIOINFO,BIOINFO,0.8875871300697327,6,intra_paper
33125,33133,FIG_00033126,FIG_00033134,2512.13935v1,2512.13935v1,BIOINFO,BIOINFO,0.8825932145118713,5,intra_paper
33127,33134,FIG_00033128,FIG_00033135,2512.13935v1,2512.13935v1,BIOINFO,BIOINFO,0.8870677947998047,3,intra_paper
33127,33135,FIG_00033128,FIG_00033136,2512.13935v1,2512.13935v1,BIOINFO,BIOINFO,0.8686009049415588,4,intra_paper
33127,33140,FIG_00033128,FIG_00033141,2512.13935v1,2512.13935v1,BIOINFO,BIOINFO,0.8594532608985901,6,intra_paper
33133,33136,FIG_00033134,FIG_00033137,2512.13935v1,2512.13935v1,BIOINFO,BIOINFO,0.8962126970291138,1,intra_paper
33133,33134,FIG_00033134,FIG_00033135,2512.13935v1,2512.13935v1,BIOINFO,BIOINFO,0.8870393633842468,2,intra_paper
33133,33135,FIG_00033134,FIG_00033136,2512.13935v1,2512.13935v1,BIOINFO,BIOINFO,0.8789402842521667,3,intra_paper
33135,33141,FIG_00033136,FIG_00033142,2512.13935v1,2512.13935v1,BIOINFO,BIOINFO,0.8962762355804443,1,intra_paper
33136,33155,FIG_00033137,FIG_00033156,2512.13935v1,2512.13935v1,BIOINFO,BIOINFO,0.8886442184448242,1,intra_paper
33136,33140,FIG_00033137,FIG_00033141,2512.13935v1,2512.13935v1,BIOINFO,BIOINFO,0.83870530128479,3,intra_paper
33140,33141,FIG_00033141,FIG_00033142,2512.13935v1,2512.13935v1,BIOINFO,BIOINFO,0.8352673053741455,1,intra_paper
33140,33155,FIG_00033141,FIG_00033156,2512.13935v1,2512.13935v1,BIOINFO,BIOINFO,0.8230857253074646,2,intra_paper
33160,33188,FIG_00033161,FIG_00033189,2512.13927v1,2512.13927v1,BIOINFO,BIOINFO,0.8958045244216919,2,intra_paper
33160,33187,FIG_00033161,FIG_00033188,2512.13927v1,2512.13927v1,BIOINFO,BIOINFO,0.8890401124954224,3,intra_paper
33160,33184,FIG_00033161,FIG_00033185,2512.13927v1,2512.13927v1,BIOINFO,BIOINFO,0.8589922189712524,4,intra_paper
33160,33175,FIG_00033161,FIG_00033176,2512.13927v1,2512.13927v1,BIOINFO,BIOINFO,0.848807156085968,5,intra_paper
33160,33193,FIG_00033161,FIG_00033194,2512.13927v1,2512.13927v1,BIOINFO,BIOINFO,0.8432546854019165,6,intra_paper
33160,33194,FIG_00033161,FIG_00033195,2512.13927v1,2512.13927v1,BIOINFO,BIOINFO,0.8356192111968994,8,intra_paper
33161,33168,FIG_00033162,FIG_00033169,2512.13927v1,2512.13927v1,BIOINFO,BIOINFO,0.8801493644714355,1,intra_paper
33161,33175,FIG_00033162,FIG_00033176,2512.13927v1,2512.13927v1,BIOINFO,BIOINFO,0.8618500232696533,3,intra_paper
33167,33188,FIG_00033168,FIG_00033189,2512.13927v1,2512.13927v1,BIOINFO,BIOINFO,0.8026660680770874,1,intra_paper
33167,33200,FIG_00033168,FIG_00033201,2512.13927v1,2512.13927v1,BIOINFO,BIOINFO,0.7944551110267639,4,intra_paper
33167,33195,FIG_00033168,FIG_00033196,2512.13927v1,2512.13927v1,BIOINFO,BIOINFO,0.7918784618377686,5,intra_paper
33168,33177,FIG_00033169,FIG_00033178,2512.13927v1,2512.13927v1,BIOINFO,BIOINFO,0.8878476619720459,4,intra_paper
33170,33172,FIG_00033171,FIG_00033173,2512.13927v1,2512.13927v1,BIOINFO,BIOINFO,0.8168584108352661,1,intra_paper
33176,33193,FIG_00033177,FIG_00033194,2512.13927v1,2512.13927v1,BIOINFO,BIOINFO,0.8912671804428101,2,intra_paper
33176,33197,FIG_00033177,FIG_00033198,2512.13927v1,2512.13927v1,BIOINFO,BIOINFO,0.8520587682723999,3,intra_paper
33177,33193,FIG_00033178,FIG_00033194,2512.13927v1,2512.13927v1,BIOINFO,BIOINFO,0.8922223448753357,1,intra_paper
33177,33197,FIG_00033178,FIG_00033198,2512.13927v1,2512.13927v1,BIOINFO,BIOINFO,0.8737847805023193,2,intra_paper
33177,33201,FIG_00033178,FIG_00033202,2512.13927v1,2512.13927v1,BIOINFO,BIOINFO,0.8476502895355225,3,intra_paper
33178,33182,FIG_00033179,FIG_00033183,2512.13927v1,2512.13927v1,BIOINFO,BIOINFO,0.8847795724868774,3,intra_paper
33178,33179,FIG_00033179,FIG_00033180,2512.13927v1,2512.13927v1,BIOINFO,BIOINFO,0.8609569072723389,4,intra_paper
33178,33197,FIG_00033179,FIG_00033198,2512.13927v1,2512.13927v1,BIOINFO,BIOINFO,0.8160240650177002,5,intra_paper
33178,33185,FIG_00033179,FIG_00033186,2512.13927v1,2512.13927v1,BIOINFO,BIOINFO,0.7829418778419495,7,intra_paper
33178,33201,FIG_00033179,FIG_00033202,2512.13927v1,2512.13927v1,BIOINFO,BIOINFO,0.7776105403900146,8,intra_paper
33178,33193,FIG_00033179,FIG_00033194,2512.13927v1,2512.13927v1,BIOINFO,BIOINFO,0.7732853293418884,9,intra_paper
33179,33181,FIG_00033180,FIG_00033182,2512.13927v1,2512.13927v1,BIOINFO,BIOINFO,0.8876246213912964,2,intra_paper
33179,33182,FIG_00033180,FIG_00033183,2512.13927v1,2512.13927v1,BIOINFO,BIOINFO,0.8052828311920166,3,intra_paper
33180,33182,FIG_00033181,FIG_00033183,2512.13927v1,2512.13927v1,BIOINFO,BIOINFO,0.8846827149391174,2,intra_paper
33180,33197,FIG_00033181,FIG_00033198,2512.13927v1,2512.13927v1,BIOINFO,BIOINFO,0.7505310773849487,4,intra_paper
33181,33197,FIG_00033182,FIG_00033198,2512.13927v1,2512.13927v1,BIOINFO,BIOINFO,0.7786930203437805,3,intra_paper
33181,33185,FIG_00033182,FIG_00033186,2512.13927v1,2512.13927v1,BIOINFO,BIOINFO,0.7738281488418579,4,intra_paper
33181,33198,FIG_00033182,FIG_00033199,2512.13927v1,2512.13927v1,BIOINFO,BIOINFO,0.7721986770629883,5,intra_paper
33183,33201,FIG_00033184,FIG_00033202,2512.13927v1,2512.13927v1,BIOINFO,BIOINFO,0.8883486986160278,2,intra_paper
33183,33202,FIG_00033184,FIG_00033203,2512.13927v1,2512.13927v1,BIOINFO,BIOINFO,0.8660708665847778,3,intra_paper
33183,33193,FIG_00033184,FIG_00033194,2512.13927v1,2512.13927v1,BIOINFO,BIOINFO,0.8542625308036804,4,intra_paper
33183,33197,FIG_00033184,FIG_00033198,2512.13927v1,2512.13927v1,BIOINFO,BIOINFO,0.8449494242668152,5,intra_paper
33183,33185,FIG_00033184,FIG_00033186,2512.13927v1,2512.13927v1,BIOINFO,BIOINFO,0.8351563811302185,6,intra_paper
33184,33195,FIG_00033185,FIG_00033196,2512.13927v1,2512.13927v1,BIOINFO,BIOINFO,0.895905613899231,1,intra_paper
33184,33197,FIG_00033185,FIG_00033198,2512.13927v1,2512.13927v1,BIOINFO,BIOINFO,0.8954460620880127,2,intra_paper
33184,33186,FIG_00033185,FIG_00033187,2512.13927v1,2512.13927v1,BIOINFO,BIOINFO,0.8953044414520264,3,intra_paper
33184,33188,FIG_00033185,FIG_00033189,2512.13927v1,2512.13927v1,BIOINFO,BIOINFO,0.8827869892120361,4,intra_paper
33184,33185,FIG_00033185,FIG_00033186,2512.13927v1,2512.13927v1,BIOINFO,BIOINFO,0.877119243144989,5,intra_paper
33184,33191,FIG_00033185,FIG_00033192,2512.13927v1,2512.13927v1,BIOINFO,BIOINFO,0.874068021774292,6,intra_paper
33184,33194,FIG_00033185,FIG_00033195,2512.13927v1,2512.13927v1,BIOINFO,BIOINFO,0.8657660484313965,7,intra_paper
33184,33192,FIG_00033185,FIG_00033193,2512.13927v1,2512.13927v1,BIOINFO,BIOINFO,0.8633366823196411,8,intra_paper
33184,33196,FIG_00033185,FIG_00033197,2512.13927v1,2512.13927v1,BIOINFO,BIOINFO,0.8564609885215759,9,intra_paper
33184,33187,FIG_00033185,FIG_00033188,2512.13927v1,2512.13927v1,BIOINFO,BIOINFO,0.8512777090072632,10,intra_paper
33184,33193,FIG_00033185,FIG_00033194,2512.13927v1,2512.13927v1,BIOINFO,BIOINFO,0.843441367149353,11,intra_paper
33184,33198,FIG_00033185,FIG_00033199,2512.13927v1,2512.13927v1,BIOINFO,BIOINFO,0.8294853568077087,13,intra_paper
33185,33193,FIG_00033186,FIG_00033194,2512.13927v1,2512.13927v1,BIOINFO,BIOINFO,0.8977873921394348,7,intra_paper
33185,33199,FIG_00033186,FIG_00033200,2512.13927v1,2512.13927v1,BIOINFO,BIOINFO,0.8948760032653809,8,intra_paper
33185,33194,FIG_00033186,FIG_00033195,2512.13927v1,2512.13927v1,BIOINFO,BIOINFO,0.8842206001281738,10,intra_paper
33185,33188,FIG_00033186,FIG_00033189,2512.13927v1,2512.13927v1,BIOINFO,BIOINFO,0.880584716796875,12,intra_paper
33186,33192,FIG_00033187,FIG_00033193,2512.13927v1,2512.13927v1,BIOINFO,BIOINFO,0.89366614818573,4,intra_paper
33186,33194,FIG_00033187,FIG_00033195,2512.13927v1,2512.13927v1,BIOINFO,BIOINFO,0.8896200060844421,5,intra_paper
33186,33195,FIG_00033187,FIG_00033196,2512.13927v1,2512.13927v1,BIOINFO,BIOINFO,0.8875022530555725,6,intra_paper
33186,33193,FIG_00033187,FIG_00033194,2512.13927v1,2512.13927v1,BIOINFO,BIOINFO,0.8867508172988892,7,intra_paper
33186,33197,FIG_00033187,FIG_00033198,2512.13927v1,2512.13927v1,BIOINFO,BIOINFO,0.8844859600067139,8,intra_paper
33186,33198,FIG_00033187,FIG_00033199,2512.13927v1,2512.13927v1,BIOINFO,BIOINFO,0.8722916841506958,9,intra_paper
33186,33196,FIG_00033187,FIG_00033197,2512.13927v1,2512.13927v1,BIOINFO,BIOINFO,0.8657398223876953,10,intra_paper
33186,33201,FIG_00033187,FIG_00033202,2512.13927v1,2512.13927v1,BIOINFO,BIOINFO,0.8651238679885864,11,intra_paper
33187,33191,FIG_00033188,FIG_00033192,2512.13927v1,2512.13927v1,BIOINFO,BIOINFO,0.884398341178894,2,intra_paper
33187,33193,FIG_00033188,FIG_00033194,2512.13927v1,2512.13927v1,BIOINFO,BIOINFO,0.8766481280326843,3,intra_paper
33187,33192,FIG_00033188,FIG_00033193,2512.13927v1,2512.13927v1,BIOINFO,BIOINFO,0.8413331508636475,4,intra_paper
33188,33195,FIG_00033189,FIG_00033196,2512.13927v1,2512.13927v1,BIOINFO,BIOINFO,0.8797544240951538,2,intra_paper
33188,33194,FIG_00033189,FIG_00033195,2512.13927v1,2512.13927v1,BIOINFO,BIOINFO,0.8784055113792419,3,intra_paper
33188,33192,FIG_00033189,FIG_00033193,2512.13927v1,2512.13927v1,BIOINFO,BIOINFO,0.8682225346565247,4,intra_paper
33188,33189,FIG_00033189,FIG_00033190,2512.13927v1,2512.13927v1,BIOINFO,BIOINFO,0.8584141135215759,5,intra_paper
33188,33193,FIG_00033189,FIG_00033194,2512.13927v1,2512.13927v1,BIOINFO,BIOINFO,0.8579567670822144,6,intra_paper
33188,33197,FIG_00033189,FIG_00033198,2512.13927v1,2512.13927v1,BIOINFO,BIOINFO,0.853652834892273,7,intra_paper
33189,33197,FIG_00033190,FIG_00033198,2512.13927v1,2512.13927v1,BIOINFO,BIOINFO,0.8620572686195374,1,intra_paper
33189,33201,FIG_00033190,FIG_00033202,2512.13927v1,2512.13927v1,BIOINFO,BIOINFO,0.857099175453186,2,intra_paper
33189,33191,FIG_00033190,FIG_00033192,2512.13927v1,2512.13927v1,BIOINFO,BIOINFO,0.8563518524169922,3,intra_paper
33189,33194,FIG_00033190,FIG_00033195,2512.13927v1,2512.13927v1,BIOINFO,BIOINFO,0.8500604629516602,4,intra_paper
33189,33199,FIG_00033190,FIG_00033200,2512.13927v1,2512.13927v1,BIOINFO,BIOINFO,0.8428093194961548,5,intra_paper
33191,33197,FIG_00033192,FIG_00033198,2512.13927v1,2512.13927v1,BIOINFO,BIOINFO,0.8857149481773376,2,intra_paper
33191,33201,FIG_00033192,FIG_00033202,2512.13927v1,2512.13927v1,BIOINFO,BIOINFO,0.885146975517273,3,intra_paper
33191,33199,FIG_00033192,FIG_00033200,2512.13927v1,2512.13927v1,BIOINFO,BIOINFO,0.8685609102249146,4,intra_paper
33191,33194,FIG_00033192,FIG_00033195,2512.13927v1,2512.13927v1,BIOINFO,BIOINFO,0.8679556250572205,5,intra_paper
33191,33198,FIG_00033192,FIG_00033199,2512.13927v1,2512.13927v1,BIOINFO,BIOINFO,0.8606324791908264,6,intra_paper
33191,33193,FIG_00033192,FIG_00033194,2512.13927v1,2512.13927v1,BIOINFO,BIOINFO,0.858548641204834,7,intra_paper
33191,33195,FIG_00033192,FIG_00033196,2512.13927v1,2512.13927v1,BIOINFO,BIOINFO,0.8550083637237549,8,intra_paper
33192,33193,FIG_00033193,FIG_00033194,2512.13927v1,2512.13927v1,BIOINFO,BIOINFO,0.8830195665359497,2,intra_paper
33192,33197,FIG_00033193,FIG_00033198,2512.13927v1,2512.13927v1,BIOINFO,BIOINFO,0.875725269317627,3,intra_paper
33192,33194,FIG_00033193,FIG_00033195,2512.13927v1,2512.13927v1,BIOINFO,BIOINFO,0.8735378980636597,4,intra_paper
33192,33201,FIG_00033193,FIG_00033202,2512.13927v1,2512.13927v1,BIOINFO,BIOINFO,0.8719996213912964,5,intra_paper
33192,33196,FIG_00033193,FIG_00033197,2512.13927v1,2512.13927v1,BIOINFO,BIOINFO,0.8613356351852417,7,intra_paper
33193,33201,FIG_00033194,FIG_00033202,2512.13927v1,2512.13927v1,BIOINFO,BIOINFO,0.8951981067657471,2,intra_paper
33193,33198,FIG_00033194,FIG_00033199,2512.13927v1,2512.13927v1,BIOINFO,BIOINFO,0.8884050846099854,3,intra_paper
33193,33194,FIG_00033194,FIG_00033195,2512.13927v1,2512.13927v1,BIOINFO,BIOINFO,0.864270806312561,4,intra_paper
33194,33198,FIG_00033195,FIG_00033199,2512.13927v1,2512.13927v1,BIOINFO,BIOINFO,0.8821264505386353,4,intra_paper
33196,33198,FIG_00033197,FIG_00033199,2512.13927v1,2512.13927v1,BIOINFO,BIOINFO,0.8584865927696228,2,intra_paper
33196,33197,FIG_00033197,FIG_00033198,2512.13927v1,2512.13927v1,BIOINFO,BIOINFO,0.8435876369476318,3,intra_paper
33197,33199,FIG_00033198,FIG_00033200,2512.13927v1,2512.13927v1,BIOINFO,BIOINFO,0.8992250561714172,2,intra_paper
33197,33198,FIG_00033198,FIG_00033199,2512.13927v1,2512.13927v1,BIOINFO,BIOINFO,0.8802335262298584,3,intra_paper
33198,33201,FIG_00033199,FIG_00033202,2512.13927v1,2512.13927v1,BIOINFO,BIOINFO,0.8836081027984619,1,intra_paper
33206,33213,FIG_00033207,FIG_00033214,2512.12974v1,2512.12974v1,BIOINFO,BIOINFO,0.8739068508148193,7,intra_paper
33215,33216,FIG_00033216,FIG_00033217,2512.12709v1,2512.12709v1,BIOINFO,BIOINFO,0.8990029692649841,1,intra_paper
33224,33227,FIG_00033225,FIG_00033228,2512.12272v1,2512.12272v1,BIOINFO,BIOINFO,0.8945927619934082,2,intra_paper
33224,33226,FIG_00033225,FIG_00033227,2512.12272v1,2512.12272v1,BIOINFO,BIOINFO,0.8927499055862427,3,intra_paper
33224,33225,FIG_00033225,FIG_00033226,2512.12272v1,2512.12272v1,BIOINFO,BIOINFO,0.8643587827682495,7,intra_paper
33225,33226,FIG_00033226,FIG_00033227,2512.12272v1,2512.12272v1,BIOINFO,BIOINFO,0.882043182849884,2,intra_paper
33260,33263,FIG_00033261,FIG_00033264,2512.12221v1,2512.12221v1,BIOINFO,BIOINFO,0.8476465344429016,2,intra_paper
33269,33270,FIG_00033270,FIG_00033271,2512.13724v1,2512.13724v1,BIOINFO,BIOINFO,0.8156763315200806,4,intra_paper
33285,33290,FIG_00033286,FIG_00033291,2512.12101v1,2512.12101v1,BIOINFO,BIOINFO,0.7868390679359436,1,intra_paper
33305,33308,FIG_00033306,FIG_00033309,2512.11511v1,2512.11511v1,BIOINFO,BIOINFO,0.8995378017425537,1,intra_paper
33323,33324,FIG_00033324,FIG_00033325,2512.11075v1,2512.11075v1,BIOINFO,BIOINFO,0.8997812271118164,1,intra_paper
33330,33331,FIG_00033331,FIG_00033332,2512.17930v1,2512.17930v1,BIOINFO,BIOINFO,0.8504317402839661,1,intra_paper
33337,33339,FIG_00033338,FIG_00033340,2512.09152v1,2512.09152v1,BIOINFO,BIOINFO,0.8375855684280396,1,intra_paper
33353,33354,FIG_00033354,FIG_00033355,2512.10991v1,2512.10991v1,BIOINFO,BIOINFO,0.8676643371582031,2,intra_paper
33355,33356,FIG_00033356,FIG_00033357,2512.10991v1,2512.10991v1,BIOINFO,BIOINFO,0.8060182332992554,1,intra_paper
33358,33359,FIG_00033359,FIG_00033360,2512.08202v1,2512.08202v1,BIOINFO,BIOINFO,0.8803309798240662,1,intra_paper
33358,33362,FIG_00033359,FIG_00033363,2512.08202v1,2512.08202v1,BIOINFO,BIOINFO,0.8424291610717773,2,intra_paper
33358,33360,FIG_00033359,FIG_00033361,2512.08202v1,2512.08202v1,BIOINFO,BIOINFO,0.8424291610717773,3,intra_paper
33358,33363,FIG_00033359,FIG_00033364,2512.08202v1,2512.08202v1,BIOINFO,BIOINFO,0.8279829621315002,4,intra_paper
33358,33361,FIG_00033359,FIG_00033362,2512.08202v1,2512.08202v1,BIOINFO,BIOINFO,0.7822282910346985,5,intra_paper
33358,33364,FIG_00033359,FIG_00033365,2512.08202v1,2512.08202v1,BIOINFO,BIOINFO,0.780869722366333,6,intra_paper
33360,33364,FIG_00033361,FIG_00033365,2512.08202v1,2512.08202v1,BIOINFO,BIOINFO,0.8939021825790405,3,intra_paper
33362,33364,FIG_00033363,FIG_00033365,2512.08202v1,2512.08202v1,BIOINFO,BIOINFO,0.8939021825790405,2,intra_paper
33370,33377,FIG_00033371,FIG_00033378,2512.08087v1,2512.08087v1,BIOINFO,BIOINFO,0.8443663716316223,1,intra_paper
33370,33376,FIG_00033371,FIG_00033377,2512.08087v1,2512.08087v1,BIOINFO,BIOINFO,0.7985621690750122,2,intra_paper
33390,33391,FIG_00033391,FIG_00033392,2512.07912v1,2512.07912v1,BIOINFO,BIOINFO,0.7843660116195679,1,intra_paper
33411,33414,FIG_00033412,FIG_00033415,2512.06934v1,2512.06934v1,BIOINFO,BIOINFO,0.8759065270423889,1,intra_paper
33412,33414,FIG_00033413,FIG_00033415,2512.06934v1,2512.06934v1,BIOINFO,BIOINFO,0.8694763779640198,1,intra_paper
33431,33432,FIG_00033432,FIG_00033433,2512.06294v1,2512.06294v1,BIOINFO,BIOINFO,0.8867974281311035,1,intra_paper
33480,33481,FIG_00033481,FIG_00033482,2512.05794v3,2512.05794v3,BIOINFO,BIOINFO,0.8972252011299133,2,intra_paper
33481,33484,FIG_00033482,FIG_00033485,2512.05794v3,2512.05794v3,BIOINFO,BIOINFO,0.8592591285705566,2,intra_paper
33493,33494,FIG_00033494,FIG_00033495,2512.05573v1,2512.05573v1,BIOINFO,BIOINFO,0.8170841932296753,1,intra_paper
33497,33498,FIG_00033498,FIG_00033499,2512.05462v1,2512.05462v1,BIOINFO,BIOINFO,0.864789605140686,2,intra_paper
33502,33503,FIG_00033503,FIG_00033504,2512.05365v1,2512.05365v1,BIOINFO,BIOINFO,0.8910636901855469,3,intra_paper
33509,33510,FIG_00033510,FIG_00033511,2512.05346v1,2512.05346v1,BIOINFO,BIOINFO,0.8502247929573059,1,intra_paper
33514,33517,FIG_00033515,FIG_00033518,2512.05256v1,2512.05256v1,BIOINFO,BIOINFO,0.7653026580810547,2,intra_paper
33514,33519,FIG_00033515,FIG_00033520,2512.05256v1,2512.05256v1,BIOINFO,BIOINFO,0.7510826587677002,3,intra_paper
33515,33517,FIG_00033516,FIG_00033518,2512.05256v1,2512.05256v1,BIOINFO,BIOINFO,0.7820178270339966,1,intra_paper
33515,33519,FIG_00033516,FIG_00033520,2512.05256v1,2512.05256v1,BIOINFO,BIOINFO,0.7667886018753052,2,intra_paper
33516,33518,FIG_00033517,FIG_00033519,2512.05256v1,2512.05256v1,BIOINFO,BIOINFO,0.8687927722930908,1,intra_paper
33518,33519,FIG_00033519,FIG_00033520,2512.05256v1,2512.05256v1,BIOINFO,BIOINFO,0.8775008320808411,1,intra_paper
33539,33543,FIG_00033540,FIG_00033544,2512.04393v2,2512.04393v2,BIOINFO,BIOINFO,0.8991669416427612,1,intra_paper
33565,33566,FIG_00033566,FIG_00033567,2512.04311v1,2512.04311v1,BIOINFO,BIOINFO,0.7750641107559204,1,intra_paper
33579,33582,FIG_00033580,FIG_00033583,2512.04225v1,2512.04225v1,BIOINFO,BIOINFO,0.887872040271759,1,intra_paper
33596,33599,FIG_00033597,FIG_00033600,2512.03497v3,2512.03497v3,BIOINFO,BIOINFO,0.8726656436920166,1,intra_paper
33603,33612,FIG_00033604,FIG_00033613,2512.03460v1,2512.03460v1,BIOINFO,BIOINFO,0.8277491331100464,4,intra_paper
33603,33611,FIG_00033604,FIG_00033612,2512.03460v1,2512.03460v1,BIOINFO,BIOINFO,0.8211569786071777,5,intra_paper
33603,33605,FIG_00033604,FIG_00033606,2512.03460v1,2512.03460v1,BIOINFO,BIOINFO,0.8205376267433167,6,intra_paper
33607,33609,FIG_00033608,FIG_00033610,2512.03460v1,2512.03460v1,BIOINFO,BIOINFO,0.8953753709793091,2,intra_paper
33607,33612,FIG_00033608,FIG_00033613,2512.03460v1,2512.03460v1,BIOINFO,BIOINFO,0.8510004281997681,3,intra_paper
33607,33611,FIG_00033608,FIG_00033612,2512.03460v1,2512.03460v1,BIOINFO,BIOINFO,0.8251420259475708,5,intra_paper
33608,33612,FIG_00033609,FIG_00033613,2512.03460v1,2512.03460v1,BIOINFO,BIOINFO,0.8964523077011108,1,intra_paper
33611,33612,FIG_00033612,FIG_00033613,2512.03460v1,2512.03460v1,BIOINFO,BIOINFO,0.8658466339111328,1,intra_paper
33618,33619,FIG_00033619,FIG_00033620,2512.03286v1,2512.03286v1,BIOINFO,BIOINFO,0.8813629150390625,1,intra_paper
33618,33620,FIG_00033619,FIG_00033621,2512.03286v1,2512.03286v1,BIOINFO,BIOINFO,0.8803118467330933,2,intra_paper
33618,33621,FIG_00033619,FIG_00033622,2512.03286v1,2512.03286v1,BIOINFO,BIOINFO,0.8711037635803223,3,intra_paper
33619,33621,FIG_00033620,FIG_00033622,2512.03286v1,2512.03286v1,BIOINFO,BIOINFO,0.874664306640625,2,intra_paper
33620,33621,FIG_00033621,FIG_00033622,2512.03286v1,2512.03286v1,BIOINFO,BIOINFO,0.8721287846565247,1,intra_paper
33627,33628,FIG_00033628,FIG_00033629,2512.03122v1,2512.03122v1,BIOINFO,BIOINFO,0.8580344915390015,1,intra_paper
33636,33637,FIG_00033637,FIG_00033638,2512.02811v1,2512.02811v1,BIOINFO,BIOINFO,0.8967987895011902,1,intra_paper
33642,33644,FIG_00033643,FIG_00033645,2512.02528v3,2512.02528v3,BIOINFO,BIOINFO,0.7693648338317871,2,intra_paper
33643,33644,FIG_00033644,FIG_00033645,2512.02528v3,2512.02528v3,BIOINFO,BIOINFO,0.8933584690093994,1,intra_paper
33646,33648,FIG_00033647,FIG_00033649,2512.02528v3,2512.02528v3,BIOINFO,BIOINFO,0.8890765309333801,2,intra_paper
33647,33648,FIG_00033648,FIG_00033649,2512.02528v3,2512.02528v3,BIOINFO,BIOINFO,0.8859828114509583,1,intra_paper
33652,33653,FIG_00033653,FIG_00033654,2512.03110v1,2512.03110v1,BIOINFO,BIOINFO,0.8045480251312256,1,intra_paper
33657,33661,FIG_00033658,FIG_00033662,2512.02328v1,2512.02328v1,BIOINFO,BIOINFO,0.8954161405563354,1,intra_paper
33699,33711,FIG_00033700,FIG_00033712,2512.02089v1,2512.02089v1,BIOINFO,BIOINFO,0.89251708984375,3,intra_paper
33703,33708,FIG_00033704,FIG_00033709,2512.02089v1,2512.02089v1,BIOINFO,BIOINFO,0.8947009444236755,2,intra_paper
33703,33704,FIG_00033704,FIG_00033705,2512.02089v1,2512.02089v1,BIOINFO,BIOINFO,0.8942638635635376,3,intra_paper
33726,33727,FIG_00033727,FIG_00033728,2512.01462v1,2512.01462v1,BIOINFO,BIOINFO,0.8254036903381348,1,intra_paper
33730,33738,FIG_00033731,FIG_00033739,2512.01462v1,2512.01462v1,BIOINFO,BIOINFO,0.885186493396759,2,intra_paper
33734,33760,FIG_00033735,FIG_00033761,2512.01462v1,2512.01462v1,BIOINFO,BIOINFO,0.8387467861175537,1,intra_paper
33738,33740,FIG_00033739,FIG_00033741,2512.01462v1,2512.01462v1,BIOINFO,BIOINFO,0.8977153301239014,2,intra_paper
33739,33755,FIG_00033740,FIG_00033756,2512.01462v1,2512.01462v1,BIOINFO,BIOINFO,0.8432943224906921,1,intra_paper
33739,33761,FIG_00033740,FIG_00033762,2512.01462v1,2512.01462v1,BIOINFO,BIOINFO,0.812918484210968,2,intra_paper
33739,33754,FIG_00033740,FIG_00033755,2512.01462v1,2512.01462v1,BIOINFO,BIOINFO,0.8123934864997864,3,intra_paper
33745,33747,FIG_00033746,FIG_00033748,2512.01462v1,2512.01462v1,BIOINFO,BIOINFO,0.887217104434967,1,intra_paper
33749,33753,FIG_00033750,FIG_00033754,2512.01462v1,2512.01462v1,BIOINFO,BIOINFO,0.8944168090820312,1,intra_paper
33749,33752,FIG_00033750,FIG_00033753,2512.01462v1,2512.01462v1,BIOINFO,BIOINFO,0.8884378671646118,2,intra_paper
33749,33761,FIG_00033750,FIG_00033762,2512.01462v1,2512.01462v1,BIOINFO,BIOINFO,0.8556200265884399,3,intra_paper
33752,33761,FIG_00033753,FIG_00033762,2512.01462v1,2512.01462v1,BIOINFO,BIOINFO,0.8762807846069336,2,intra_paper
33752,33754,FIG_00033753,FIG_00033755,2512.01462v1,2512.01462v1,BIOINFO,BIOINFO,0.8689730167388916,3,intra_paper
33752,33755,FIG_00033753,FIG_00033756,2512.01462v1,2512.01462v1,BIOINFO,BIOINFO,0.841228723526001,4,intra_paper
33753,33761,FIG_00033754,FIG_00033762,2512.01462v1,2512.01462v1,BIOINFO,BIOINFO,0.8773395419120789,1,intra_paper
33753,33754,FIG_00033754,FIG_00033755,2512.01462v1,2512.01462v1,BIOINFO,BIOINFO,0.8679386973381042,2,intra_paper
33755,33761,FIG_00033756,FIG_00033762,2512.01462v1,2512.01462v1,BIOINFO,BIOINFO,0.8706763386726379,1,intra_paper
33765,33768,FIG_00033766,FIG_00033769,2512.01406v1,2512.01406v1,BIOINFO,BIOINFO,0.8176577091217041,1,intra_paper
33765,33766,FIG_00033766,FIG_00033767,2512.01406v1,2512.01406v1,BIOINFO,BIOINFO,0.7641841173171997,2,intra_paper
33765,33767,FIG_00033766,FIG_00033768,2512.01406v1,2512.01406v1,BIOINFO,BIOINFO,0.7513794898986816,3,intra_paper
33766,33768,FIG_00033767,FIG_00033769,2512.01406v1,2512.01406v1,BIOINFO,BIOINFO,0.766232967376709,1,intra_paper
33794,33795,FIG_00033795,FIG_00033796,2512.01033v1,2512.01033v1,BIOINFO,BIOINFO,0.8653099536895752,2,intra_paper
33795,33796,FIG_00033796,FIG_00033797,2512.01033v1,2512.01033v1,BIOINFO,BIOINFO,0.8809000253677368,1,intra_paper
33813,33816,FIG_00033814,FIG_00033817,2512.00989v1,2512.00989v1,BIOINFO,BIOINFO,0.8884904384613037,5,intra_paper
33815,33816,FIG_00033816,FIG_00033817,2512.00989v1,2512.00989v1,BIOINFO,BIOINFO,0.8799622058868408,3,intra_paper
33816,33817,FIG_00033817,FIG_00033818,2512.00989v1,2512.00989v1,BIOINFO,BIOINFO,0.8890854716300964,1,intra_paper
33816,33820,FIG_00033817,FIG_00033821,2512.00989v1,2512.00989v1,BIOINFO,BIOINFO,0.8875577449798584,2,intra_paper
33816,33821,FIG_00033817,FIG_00033822,2512.00989v1,2512.00989v1,BIOINFO,BIOINFO,0.8774746656417847,3,intra_paper
33817,33820,FIG_00033818,FIG_00033821,2512.00989v1,2512.00989v1,BIOINFO,BIOINFO,0.8153842687606812,1,intra_paper
33817,33821,FIG_00033818,FIG_00033822,2512.00989v1,2512.00989v1,BIOINFO,BIOINFO,0.7999548316001892,2,intra_paper
33863,33870,FIG_00033864,FIG_00033871,2512.00550v1,2512.00550v1,BIOINFO,BIOINFO,0.8361892700195312,2,intra_paper
33863,33872,FIG_00033864,FIG_00033873,2512.00550v1,2512.00550v1,BIOINFO,BIOINFO,0.8110490441322327,3,intra_paper
33863,33867,FIG_00033864,FIG_00033868,2512.00550v1,2512.00550v1,BIOINFO,BIOINFO,0.8033354878425598,4,intra_paper
33863,33865,FIG_00033864,FIG_00033866,2512.00550v1,2512.00550v1,BIOINFO,BIOINFO,0.7907503247261047,5,intra_paper
33863,33871,FIG_00033864,FIG_00033872,2512.00550v1,2512.00550v1,BIOINFO,BIOINFO,0.7746263742446899,6,intra_paper
33863,33874,FIG_00033864,FIG_00033875,2512.00550v1,2512.00550v1,BIOINFO,BIOINFO,0.7633118629455566,7,intra_paper
33864,33870,FIG_00033865,FIG_00033871,2512.00550v1,2512.00550v1,BIOINFO,BIOINFO,0.8579199314117432,1,intra_paper
33864,33872,FIG_00033865,FIG_00033873,2512.00550v1,2512.00550v1,BIOINFO,BIOINFO,0.8388153314590454,2,intra_paper
33864,33865,FIG_00033865,FIG_00033866,2512.00550v1,2512.00550v1,BIOINFO,BIOINFO,0.8387214541435242,3,intra_paper
33864,33867,FIG_00033865,FIG_00033868,2512.00550v1,2512.00550v1,BIOINFO,BIOINFO,0.8316286206245422,4,intra_paper
33864,33871,FIG_00033865,FIG_00033872,2512.00550v1,2512.00550v1,BIOINFO,BIOINFO,0.8302879333496094,5,intra_paper
33864,33874,FIG_00033865,FIG_00033875,2512.00550v1,2512.00550v1,BIOINFO,BIOINFO,0.8209748268127441,6,intra_paper
33865,33867,FIG_00033866,FIG_00033868,2512.00550v1,2512.00550v1,BIOINFO,BIOINFO,0.8848617672920227,2,intra_paper
33865,33873,FIG_00033866,FIG_00033874,2512.00550v1,2512.00550v1,BIOINFO,BIOINFO,0.8837491273880005,3,intra_paper
33865,33871,FIG_00033866,FIG_00033872,2512.00550v1,2512.00550v1,BIOINFO,BIOINFO,0.8547407388687134,4,intra_paper
33865,33870,FIG_00033866,FIG_00033871,2512.00550v1,2512.00550v1,BIOINFO,BIOINFO,0.8467082977294922,5,intra_paper
33865,33874,FIG_00033866,FIG_00033875,2512.00550v1,2512.00550v1,BIOINFO,BIOINFO,0.8446215987205505,6,intra_paper
33865,33868,FIG_00033866,FIG_00033869,2512.00550v1,2512.00550v1,BIOINFO,BIOINFO,0.8386781811714172,7,intra_paper
33865,33875,FIG_00033866,FIG_00033876,2512.00550v1,2512.00550v1,BIOINFO,BIOINFO,0.8302604556083679,8,intra_paper
33865,33866,FIG_00033866,FIG_00033867,2512.00550v1,2512.00550v1,BIOINFO,BIOINFO,0.7990572452545166,9,intra_paper
33866,33874,FIG_00033867,FIG_00033875,2512.00550v1,2512.00550v1,BIOINFO,BIOINFO,0.8283630609512329,1,intra_paper
33866,33872,FIG_00033867,FIG_00033873,2512.00550v1,2512.00550v1,BIOINFO,BIOINFO,0.8155814409255981,2,intra_paper
33866,33873,FIG_00033867,FIG_00033874,2512.00550v1,2512.00550v1,BIOINFO,BIOINFO,0.8136519193649292,3,intra_paper
33866,33867,FIG_00033867,FIG_00033868,2512.00550v1,2512.00550v1,BIOINFO,BIOINFO,0.7784743309020996,4,intra_paper
33866,33870,FIG_00033867,FIG_00033871,2512.00550v1,2512.00550v1,BIOINFO,BIOINFO,0.752110481262207,5,intra_paper
33867,33872,FIG_00033868,FIG_00033873,2512.00550v1,2512.00550v1,BIOINFO,BIOINFO,0.8738279342651367,1,intra_paper
33867,33874,FIG_00033868,FIG_00033875,2512.00550v1,2512.00550v1,BIOINFO,BIOINFO,0.8552765846252441,2,intra_paper
33867,33871,FIG_00033868,FIG_00033872,2512.00550v1,2512.00550v1,BIOINFO,BIOINFO,0.8483510613441467,3,intra_paper
33867,33873,FIG_00033868,FIG_00033874,2512.00550v1,2512.00550v1,BIOINFO,BIOINFO,0.8392205238342285,4,intra_paper
33867,33875,FIG_00033868,FIG_00033876,2512.00550v1,2512.00550v1,BIOINFO,BIOINFO,0.8320555090904236,5,intra_paper
33867,33868,FIG_00033868,FIG_00033869,2512.00550v1,2512.00550v1,BIOINFO,BIOINFO,0.816290557384491,6,intra_paper
33867,33870,FIG_00033868,FIG_00033871,2512.00550v1,2512.00550v1,BIOINFO,BIOINFO,0.7898843884468079,9,intra_paper
33868,33873,FIG_00033869,FIG_00033874,2512.00550v1,2512.00550v1,BIOINFO,BIOINFO,0.8587825894355774,2,intra_paper
33869,33871,FIG_00033870,FIG_00033872,2512.00550v1,2512.00550v1,BIOINFO,BIOINFO,0.782606303691864,1,intra_paper
33869,33870,FIG_00033870,FIG_00033871,2512.00550v1,2512.00550v1,BIOINFO,BIOINFO,0.778800904750824,2,intra_paper
33869,33872,FIG_00033870,FIG_00033873,2512.00550v1,2512.00550v1,BIOINFO,BIOINFO,0.756893515586853,3,intra_paper
33870,33871,FIG_00033871,FIG_00033872,2512.00550v1,2512.00550v1,BIOINFO,BIOINFO,0.8536216020584106,1,intra_paper
33870,33872,FIG_00033871,FIG_00033873,2512.00550v1,2512.00550v1,BIOINFO,BIOINFO,0.8352451920509338,2,intra_paper
33870,33874,FIG_00033871,FIG_00033875,2512.00550v1,2512.00550v1,BIOINFO,BIOINFO,0.7816887497901917,3,intra_paper
33871,33872,FIG_00033872,FIG_00033873,2512.00550v1,2512.00550v1,BIOINFO,BIOINFO,0.8587970733642578,1,intra_paper
33871,33874,FIG_00033872,FIG_00033875,2512.00550v1,2512.00550v1,BIOINFO,BIOINFO,0.841106653213501,2,intra_paper
33872,33874,FIG_00033873,FIG_00033875,2512.00550v1,2512.00550v1,BIOINFO,BIOINFO,0.8680102825164795,1,intra_paper
33872,33873,FIG_00033873,FIG_00033874,2512.00550v1,2512.00550v1,BIOINFO,BIOINFO,0.8629101514816284,2,intra_paper
33872,33875,FIG_00033873,FIG_00033876,2512.00550v1,2512.00550v1,BIOINFO,BIOINFO,0.8040276765823364,3,intra_paper
33873,33875,FIG_00033874,FIG_00033876,2512.00550v1,2512.00550v1,BIOINFO,BIOINFO,0.8528809547424316,1,intra_paper
33873,33874,FIG_00033874,FIG_00033875,2512.00550v1,2512.00550v1,BIOINFO,BIOINFO,0.8149183988571167,2,intra_paper
33886,33900,FIG_00033887,FIG_00033901,2512.00283v3,2512.00283v3,BIOINFO,BIOINFO,0.8494068384170532,6,intra_paper
33891,33900,FIG_00033892,FIG_00033901,2512.00283v3,2512.00283v3,BIOINFO,BIOINFO,0.8523284792900085,5,intra_paper
33901,33903,FIG_00033902,FIG_00033904,2512.00283v3,2512.00283v3,BIOINFO,BIOINFO,0.8923515677452087,1,intra_paper
33901,33902,FIG_00033902,FIG_00033903,2512.00283v3,2512.00283v3,BIOINFO,BIOINFO,0.8863385915756226,2,intra_paper
33924,33928,FIG_00033925,FIG_00033929,2511.22519v1,2511.22519v1,BIOINFO,BIOINFO,0.8730213642120361,1,intra_paper
33954,33958,FIG_00033955,FIG_00033959,2511.21919v1,2511.21919v1,BIOINFO,BIOINFO,0.8674095869064331,1,intra_paper
33954,33955,FIG_00033955,FIG_00033956,2511.21919v1,2511.21919v1,BIOINFO,BIOINFO,0.8341957330703735,2,intra_paper
33955,33958,FIG_00033956,FIG_00033959,2511.21919v1,2511.21919v1,BIOINFO,BIOINFO,0.8163390755653381,1,intra_paper
33955,33956,FIG_00033956,FIG_00033957,2511.21919v1,2511.21919v1,BIOINFO,BIOINFO,0.7783542275428772,2,intra_paper
34002,34003,FIG_00034003,FIG_00034004,2511.21770v1,2511.21770v1,BIOINFO,BIOINFO,0.8993802666664124,3,intra_paper
34004,34011,FIG_00034005,FIG_00034012,2511.20734v2,2511.20734v2,BIOINFO,BIOINFO,0.8274558782577515,1,intra_paper
34005,34013,FIG_00034006,FIG_00034014,2511.20734v2,2511.20734v2,BIOINFO,BIOINFO,0.7875913381576538,1,intra_paper
34035,34036,FIG_00034036,FIG_00034037,2511.20723v1,2511.20723v1,BIOINFO,BIOINFO,0.8516699075698853,1,intra_paper
34042,34048,FIG_00034043,FIG_00034049,2511.19894v1,2511.19894v1,BIOINFO,BIOINFO,0.8979068398475647,3,intra_paper
34042,34046,FIG_00034043,FIG_00034047,2511.19894v1,2511.19894v1,BIOINFO,BIOINFO,0.8665478229522705,4,intra_paper
34043,34046,FIG_00034044,FIG_00034047,2511.19894v1,2511.19894v1,BIOINFO,BIOINFO,0.8923513889312744,2,intra_paper
34043,34048,FIG_00034044,FIG_00034049,2511.19894v1,2511.19894v1,BIOINFO,BIOINFO,0.86921226978302,3,intra_paper
34044,34046,FIG_00034045,FIG_00034047,2511.19894v1,2511.19894v1,BIOINFO,BIOINFO,0.8933722972869873,3,intra_paper
34059,34060,FIG_00034060,FIG_00034061,2511.19423v1,2511.19423v1,BIOINFO,BIOINFO,0.8179394006729126,1,intra_paper
34059,34061,FIG_00034060,FIG_00034062,2511.19423v1,2511.19423v1,BIOINFO,BIOINFO,0.7986613512039185,2,intra_paper
34064,34069,FIG_00034065,FIG_00034070,2511.19549v1,2511.19549v1,BIOINFO,BIOINFO,0.8961843252182007,6,intra_paper
34065,34079,FIG_00034066,FIG_00034080,2511.19549v1,2511.19549v1,BIOINFO,BIOINFO,0.8981553316116333,3,intra_paper
34065,34068,FIG_00034066,FIG_00034069,2511.19549v1,2511.19549v1,BIOINFO,BIOINFO,0.8896932601928711,4,intra_paper
34065,34081,FIG_00034066,FIG_00034082,2511.19549v1,2511.19549v1,BIOINFO,BIOINFO,0.8786561489105225,5,intra_paper
34065,34074,FIG_00034066,FIG_00034075,2511.19549v1,2511.19549v1,BIOINFO,BIOINFO,0.8755358457565308,6,intra_paper
34065,34067,FIG_00034066,FIG_00034068,2511.19549v1,2511.19549v1,BIOINFO,BIOINFO,0.8732037544250488,7,intra_paper
34066,34069,FIG_00034067,FIG_00034070,2511.19549v1,2511.19549v1,BIOINFO,BIOINFO,0.8825045228004456,1,intra_paper
34066,34079,FIG_00034067,FIG_00034080,2511.19549v1,2511.19549v1,BIOINFO,BIOINFO,0.8627791404724121,2,intra_paper
34067,34080,FIG_00034068,FIG_00034081,2511.19549v1,2511.19549v1,BIOINFO,BIOINFO,0.8967136740684509,2,intra_paper
34067,34076,FIG_00034068,FIG_00034077,2511.19549v1,2511.19549v1,BIOINFO,BIOINFO,0.8826397657394409,3,intra_paper
34067,34070,FIG_00034068,FIG_00034071,2511.19549v1,2511.19549v1,BIOINFO,BIOINFO,0.8620103001594543,4,intra_paper
34067,34069,FIG_00034068,FIG_00034070,2511.19549v1,2511.19549v1,BIOINFO,BIOINFO,0.8500456809997559,5,intra_paper
34067,34075,FIG_00034068,FIG_00034076,2511.19549v1,2511.19549v1,BIOINFO,BIOINFO,0.8471910357475281,6,intra_paper
34067,34077,FIG_00034068,FIG_00034078,2511.19549v1,2511.19549v1,BIOINFO,BIOINFO,0.8439145684242249,7,intra_paper
34067,34079,FIG_00034068,FIG_00034080,2511.19549v1,2511.19549v1,BIOINFO,BIOINFO,0.8429677486419678,8,intra_paper
34067,34072,FIG_00034068,FIG_00034073,2511.19549v1,2511.19549v1,BIOINFO,BIOINFO,0.8421080112457275,9,intra_paper
34067,34078,FIG_00034068,FIG_00034079,2511.19549v1,2511.19549v1,BIOINFO,BIOINFO,0.8411945700645447,10,intra_paper
34068,34073,FIG_00034069,FIG_00034074,2511.19549v1,2511.19549v1,BIOINFO,BIOINFO,0.8695662021636963,1,intra_paper
34069,34081,FIG_00034070,FIG_00034082,2511.19549v1,2511.19549v1,BIOINFO,BIOINFO,0.8966296911239624,6,intra_paper
34070,34079,FIG_00034071,FIG_00034080,2511.19549v1,2511.19549v1,BIOINFO,BIOINFO,0.8994391560554504,1,intra_paper
34070,34080,FIG_00034071,FIG_00034081,2511.19549v1,2511.19549v1,BIOINFO,BIOINFO,0.8722274303436279,2,intra_paper
34070,34073,FIG_00034071,FIG_00034074,2511.19549v1,2511.19549v1,BIOINFO,BIOINFO,0.866468071937561,3,intra_paper
34070,34074,FIG_00034071,FIG_00034075,2511.19549v1,2511.19549v1,BIOINFO,BIOINFO,0.8627450466156006,4,intra_paper
34072,34075,FIG_00034073,FIG_00034076,2511.19549v1,2511.19549v1,BIOINFO,BIOINFO,0.8885276317596436,1,intra_paper
34072,34080,FIG_00034073,FIG_00034081,2511.19549v1,2511.19549v1,BIOINFO,BIOINFO,0.8786301612854004,2,intra_paper
34072,34074,FIG_00034073,FIG_00034075,2511.19549v1,2511.19549v1,BIOINFO,BIOINFO,0.8736971616744995,3,intra_paper
34072,34076,FIG_00034073,FIG_00034077,2511.19549v1,2511.19549v1,BIOINFO,BIOINFO,0.8611723184585571,4,intra_paper
34072,34078,FIG_00034073,FIG_00034079,2511.19549v1,2511.19549v1,BIOINFO,BIOINFO,0.8603320121765137,5,intra_paper
34074,34077,FIG_00034075,FIG_00034078,2511.19549v1,2511.19549v1,BIOINFO,BIOINFO,0.8709856271743774,3,intra_paper
34074,34075,FIG_00034075,FIG_00034076,2511.19549v1,2511.19549v1,BIOINFO,BIOINFO,0.8659697771072388,4,intra_paper
34074,34078,FIG_00034075,FIG_00034079,2511.19549v1,2511.19549v1,BIOINFO,BIOINFO,0.860988974571228,5,intra_paper
34074,34079,FIG_00034075,FIG_00034080,2511.19549v1,2511.19549v1,BIOINFO,BIOINFO,0.8554178476333618,6,intra_paper
34076,34079,FIG_00034077,FIG_00034080,2511.19549v1,2511.19549v1,BIOINFO,BIOINFO,0.8906479477882385,4,intra_paper
34090,34094,FIG_00034091,FIG_00034095,2511.18745v1,2511.18745v1,BIOINFO,BIOINFO,0.7634201645851135,4,intra_paper
34100,34104,FIG_00034101,FIG_00034105,2511.18745v1,2511.18745v1,BIOINFO,BIOINFO,0.8661918640136719,1,intra_paper
34137,34138,FIG_00034138,FIG_00034139,2511.17695v4,2511.17695v4,BIOINFO,BIOINFO,0.8518174290657043,1,intra_paper
34143,34145,FIG_00034144,FIG_00034146,2511.17685v1,2511.17685v1,BIOINFO,BIOINFO,0.8708224296569824,1,intra_paper
34143,34147,FIG_00034144,FIG_00034148,2511.17685v1,2511.17685v1,BIOINFO,BIOINFO,0.8648673295974731,2,intra_paper
34143,34146,FIG_00034144,FIG_00034147,2511.17685v1,2511.17685v1,BIOINFO,BIOINFO,0.8511456847190857,3,intra_paper
34145,34146,FIG_00034146,FIG_00034147,2511.17685v1,2511.17685v1,BIOINFO,BIOINFO,0.8831943273544312,1,intra_paper
34145,34147,FIG_00034146,FIG_00034148,2511.17685v1,2511.17685v1,BIOINFO,BIOINFO,0.8509235382080078,2,intra_paper
34146,34147,FIG_00034147,FIG_00034148,2511.17685v1,2511.17685v1,BIOINFO,BIOINFO,0.891495406627655,1,intra_paper
34155,34157,FIG_00034156,FIG_00034158,2511.17652v2,2511.17652v2,BIOINFO,BIOINFO,0.8029965162277222,1,intra_paper
34157,34158,FIG_00034158,FIG_00034159,2511.17652v2,2511.17652v2,BIOINFO,BIOINFO,0.8089900016784668,1,intra_paper
34184,34186,FIG_00034185,FIG_00034187,2511.15839v4,2511.15839v4,BIOINFO,BIOINFO,0.8002899885177612,1,intra_paper
34187,34188,FIG_00034188,FIG_00034189,2511.15839v4,2511.15839v4,BIOINFO,BIOINFO,0.8959895968437195,2,intra_paper
34193,34197,FIG_00034194,FIG_00034198,2511.15839v4,2511.15839v4,BIOINFO,BIOINFO,0.8917489647865295,8,intra_paper
34200,34205,FIG_00034201,FIG_00034206,2511.15839v4,2511.15839v4,BIOINFO,BIOINFO,0.8328016996383667,2,intra_paper
34205,34209,FIG_00034206,FIG_00034210,2511.15839v4,2511.15839v4,BIOINFO,BIOINFO,0.8010201454162598,1,intra_paper
34208,34210,FIG_00034209,FIG_00034211,2511.15839v4,2511.15839v4,BIOINFO,BIOINFO,0.899527907371521,4,intra_paper
34232,34233,FIG_00034233,FIG_00034234,2511.14962v1,2511.14962v1,BIOINFO,BIOINFO,0.7982274889945984,1,intra_paper
34240,34251,FIG_00034241,FIG_00034252,2511.14826v1,2511.14826v1,BIOINFO,BIOINFO,0.860045313835144,2,intra_paper
34240,34250,FIG_00034241,FIG_00034251,2511.14826v1,2511.14826v1,BIOINFO,BIOINFO,0.8265411853790283,3,intra_paper
34252,34253,FIG_00034253,FIG_00034254,2511.14826v1,2511.14826v1,BIOINFO,BIOINFO,0.8739843964576721,2,intra_paper
34253,34254,FIG_00034254,FIG_00034255,2511.14826v1,2511.14826v1,BIOINFO,BIOINFO,0.8999807238578796,1,intra_paper
34255,34258,FIG_00034256,FIG_00034259,2511.14826v1,2511.14826v1,BIOINFO,BIOINFO,0.8391411900520325,2,intra_paper
34255,34256,FIG_00034256,FIG_00034257,2511.14826v1,2511.14826v1,BIOINFO,BIOINFO,0.8373937606811523,3,intra_paper
34256,34257,FIG_00034257,FIG_00034258,2511.14826v1,2511.14826v1,BIOINFO,BIOINFO,0.8079455494880676,2,intra_paper
34257,34258,FIG_00034258,FIG_00034259,2511.14826v1,2511.14826v1,BIOINFO,BIOINFO,0.8303067088127136,1,intra_paper
34274,34275,FIG_00034275,FIG_00034276,2511.17611v1,2511.17611v1,BIOINFO,BIOINFO,0.863577127456665,1,intra_paper
34274,34278,FIG_00034275,FIG_00034279,2511.17611v1,2511.17611v1,BIOINFO,BIOINFO,0.844435453414917,2,intra_paper
34274,34276,FIG_00034275,FIG_00034277,2511.17611v1,2511.17611v1,BIOINFO,BIOINFO,0.8350077271461487,3,intra_paper
34274,34279,FIG_00034275,FIG_00034280,2511.17611v1,2511.17611v1,BIOINFO,BIOINFO,0.8318303823471069,4,intra_paper
34275,34276,FIG_00034276,FIG_00034277,2511.17611v1,2511.17611v1,BIOINFO,BIOINFO,0.8376581072807312,1,intra_paper
34275,34278,FIG_00034276,FIG_00034279,2511.17611v1,2511.17611v1,BIOINFO,BIOINFO,0.775833010673523,2,intra_paper
34275,34279,FIG_00034276,FIG_00034280,2511.17611v1,2511.17611v1,BIOINFO,BIOINFO,0.7634146213531494,3,intra_paper
34276,34278,FIG_00034277,FIG_00034279,2511.17611v1,2511.17611v1,BIOINFO,BIOINFO,0.8115421533584595,1,intra_paper
34277,34279,FIG_00034278,FIG_00034280,2511.17611v1,2511.17611v1,BIOINFO,BIOINFO,0.8680037260055542,1,intra_paper
34277,34278,FIG_00034278,FIG_00034279,2511.17611v1,2511.17611v1,BIOINFO,BIOINFO,0.8168289065361023,2,intra_paper
34278,34279,FIG_00034279,FIG_00034280,2511.17611v1,2511.17611v1,BIOINFO,BIOINFO,0.8907217979431152,1,intra_paper
34302,34317,FIG_00034303,FIG_00034318,2511.13141v1,2511.13141v1,BIOINFO,BIOINFO,0.8227629661560059,1,intra_paper
34330,34333,FIG_00034331,FIG_00034334,2511.13797v1,2511.13797v1,BIOINFO,BIOINFO,0.8252300024032593,2,intra_paper
34331,34333,FIG_00034332,FIG_00034334,2511.13797v1,2511.13797v1,BIOINFO,BIOINFO,0.781641960144043,2,intra_paper
34333,34336,FIG_00034334,FIG_00034337,2511.13797v1,2511.13797v1,BIOINFO,BIOINFO,0.8621329665184021,1,intra_paper
34333,34335,FIG_00034334,FIG_00034336,2511.13797v1,2511.13797v1,BIOINFO,BIOINFO,0.8154136538505554,2,intra_paper
34333,34334,FIG_00034334,FIG_00034335,2511.13797v1,2511.13797v1,BIOINFO,BIOINFO,0.7537557482719421,3,intra_paper
34334,34336,FIG_00034335,FIG_00034337,2511.13797v1,2511.13797v1,BIOINFO,BIOINFO,0.7590291500091553,1,intra_paper
34340,34342,FIG_00034341,FIG_00034343,2511.12990v1,2511.12990v1,BIOINFO,BIOINFO,0.8345089554786682,1,intra_paper
34340,34341,FIG_00034341,FIG_00034342,2511.12990v1,2511.12990v1,BIOINFO,BIOINFO,0.8338691592216492,2,intra_paper
34341,34343,FIG_00034342,FIG_00034344,2511.12990v1,2511.12990v1,BIOINFO,BIOINFO,0.786324679851532,2,intra_paper
34342,34343,FIG_00034343,FIG_00034344,2511.12990v1,2511.12990v1,BIOINFO,BIOINFO,0.8001896142959595,1,intra_paper
34355,34358,FIG_00034356,FIG_00034359,2511.13790v2,2511.13790v2,BIOINFO,BIOINFO,0.8060453534126282,1,intra_paper
34368,34371,FIG_00034369,FIG_00034372,2511.11486v1,2511.11486v1,BIOINFO,BIOINFO,0.782889723777771,1,intra_paper
34377,34381,FIG_00034378,FIG_00034382,2511.11080v1,2511.11080v1,BIOINFO,BIOINFO,0.8688151836395264,1,intra_paper
34377,34384,FIG_00034378,FIG_00034385,2511.11080v1,2511.11080v1,BIOINFO,BIOINFO,0.8450181484222412,2,intra_paper
34380,34383,FIG_00034381,FIG_00034384,2511.11080v1,2511.11080v1,BIOINFO,BIOINFO,0.8811080455780029,1,intra_paper
34405,34406,FIG_00034406,FIG_00034407,2511.10432v1,2511.10432v1,BIOINFO,BIOINFO,0.8069019317626953,1,intra_paper
34405,34407,FIG_00034406,FIG_00034408,2511.10432v1,2511.10432v1,BIOINFO,BIOINFO,0.8065447211265564,2,intra_paper
34405,34411,FIG_00034406,FIG_00034412,2511.10432v1,2511.10432v1,BIOINFO,BIOINFO,0.8032052516937256,3,intra_paper
34405,34408,FIG_00034406,FIG_00034409,2511.10432v1,2511.10432v1,BIOINFO,BIOINFO,0.8013311624526978,4,intra_paper
34414,34416,FIG_00034415,FIG_00034417,2511.10165v1,2511.10165v1,BIOINFO,BIOINFO,0.8555761575698853,1,intra_paper
34425,34427,FIG_00034426,FIG_00034428,2511.09605v3,2511.09605v3,BIOINFO,BIOINFO,0.8335286974906921,1,intra_paper
34426,34433,FIG_00034427,FIG_00034434,2511.09605v3,2511.09605v3,BIOINFO,BIOINFO,0.7826794385910034,1,intra_paper
34427,34432,FIG_00034428,FIG_00034433,2511.09605v3,2511.09605v3,BIOINFO,BIOINFO,0.7673234939575195,1,intra_paper
34441,34445,FIG_00034442,FIG_00034446,2511.09216v2,2511.09216v2,BIOINFO,BIOINFO,0.8578230142593384,1,intra_paper
34460,34464,FIG_00034461,FIG_00034465,2511.09183v1,2511.09183v1,BIOINFO,BIOINFO,0.8370916843414307,2,intra_paper
34468,34470,FIG_00034469,FIG_00034471,2511.09183v1,2511.09183v1,BIOINFO,BIOINFO,0.7939296960830688,1,intra_paper
34469,34474,FIG_00034470,FIG_00034475,2511.09183v1,2511.09183v1,BIOINFO,BIOINFO,0.8908983469009399,1,intra_paper
34475,34476,FIG_00034476,FIG_00034477,2511.09183v1,2511.09183v1,BIOINFO,BIOINFO,0.8399152755737305,1,intra_paper
34477,34478,FIG_00034478,FIG_00034479,2511.09576v1,2511.09576v1,BIOINFO,BIOINFO,0.8814094066619873,1,intra_paper
34483,34484,FIG_00034484,FIG_00034485,2511.09017v1,2511.09017v1,BIOINFO,BIOINFO,0.8581802845001221,1,intra_paper
34483,34485,FIG_00034484,FIG_00034486,2511.09017v1,2511.09017v1,BIOINFO,BIOINFO,0.840979814529419,2,intra_paper
34493,34496,FIG_00034494,FIG_00034497,2511.09574v1,2511.09574v1,BIOINFO,BIOINFO,0.8950909376144409,2,intra_paper
34493,34495,FIG_00034494,FIG_00034496,2511.09574v1,2511.09574v1,BIOINFO,BIOINFO,0.8089104890823364,3,intra_paper
34493,34497,FIG_00034494,FIG_00034498,2511.09574v1,2511.09574v1,BIOINFO,BIOINFO,0.7766906023025513,4,intra_paper
34494,34495,FIG_00034495,FIG_00034496,2511.09574v1,2511.09574v1,BIOINFO,BIOINFO,0.7717524766921997,1,intra_paper
34495,34496,FIG_00034496,FIG_00034497,2511.09574v1,2511.09574v1,BIOINFO,BIOINFO,0.856119692325592,1,intra_paper
34495,34498,FIG_00034496,FIG_00034499,2511.09574v1,2511.09574v1,BIOINFO,BIOINFO,0.8218711614608765,2,intra_paper
34495,34497,FIG_00034496,FIG_00034498,2511.09574v1,2511.09574v1,BIOINFO,BIOINFO,0.808030903339386,3,intra_paper
34496,34498,FIG_00034497,FIG_00034499,2511.09574v1,2511.09574v1,BIOINFO,BIOINFO,0.8685519099235535,1,intra_paper
34497,34498,FIG_00034498,FIG_00034499,2511.09574v1,2511.09574v1,BIOINFO,BIOINFO,0.7983505725860596,1,intra_paper
34505,34506,FIG_00034506,FIG_00034507,2511.08554v1,2511.08554v1,BIOINFO,BIOINFO,0.8805239796638489,1,intra_paper
34512,34515,FIG_00034513,FIG_00034516,2511.08411v1,2511.08411v1,BIOINFO,BIOINFO,0.7794871926307678,1,intra_paper
34519,34522,FIG_00034520,FIG_00034523,2511.09592v1,2511.09592v1,BIOINFO,BIOINFO,0.7500174641609192,1,intra_paper
34534,34535,FIG_00034535,FIG_00034536,2511.07624v2,2511.07624v2,BIOINFO,BIOINFO,0.8822334408760071,1,intra_paper
34539,34551,FIG_00034540,FIG_00034552,2511.07390v2,2511.07390v2,BIOINFO,BIOINFO,0.7533328533172607,1,intra_paper
34561,34562,FIG_00034562,FIG_00034563,2511.07313v1,2511.07313v1,BIOINFO,BIOINFO,0.8750753402709961,1,intra_paper
34561,34564,FIG_00034562,FIG_00034565,2511.07313v1,2511.07313v1,BIOINFO,BIOINFO,0.8528474569320679,2,intra_paper
34561,34563,FIG_00034562,FIG_00034564,2511.07313v1,2511.07313v1,BIOINFO,BIOINFO,0.8527936935424805,3,intra_paper
34572,34574,FIG_00034573,FIG_00034575,2511.06904v1,2511.06904v1,BIOINFO,BIOINFO,0.8859826326370239,1,intra_paper
34579,34580,FIG_00034580,FIG_00034581,2511.06426v2,2511.06426v2,BIOINFO,BIOINFO,0.8423604965209961,1,intra_paper
34580,34581,FIG_00034581,FIG_00034582,2511.06426v2,2511.06426v2,BIOINFO,BIOINFO,0.8179104328155518,1,intra_paper
34580,34588,FIG_00034581,FIG_00034589,2511.06426v2,2511.06426v2,BIOINFO,BIOINFO,0.7921984195709229,2,intra_paper
34581,34588,FIG_00034582,FIG_00034589,2511.06426v2,2511.06426v2,BIOINFO,BIOINFO,0.8694339394569397,1,intra_paper
34583,34589,FIG_00034584,FIG_00034590,2511.06426v2,2511.06426v2,BIOINFO,BIOINFO,0.8441191911697388,1,intra_paper
34600,34604,FIG_00034601,FIG_00034605,2511.06140v3,2511.06140v3,BIOINFO,BIOINFO,0.7629489302635193,1,intra_paper
34607,34608,FIG_00034608,FIG_00034609,2511.05906v3,2511.05906v3,BIOINFO,BIOINFO,0.8514735698699951,1,intra_paper
34608,34609,FIG_00034609,FIG_00034610,2511.05906v3,2511.05906v3,BIOINFO,BIOINFO,0.8946709632873535,1,intra_paper
34611,34613,FIG_00034612,FIG_00034614,2511.05906v3,2511.05906v3,BIOINFO,BIOINFO,0.8011671304702759,1,intra_paper
34612,34613,FIG_00034613,FIG_00034614,2511.05906v3,2511.05906v3,BIOINFO,BIOINFO,0.8909996747970581,1,intra_paper
34618,34624,FIG_00034619,FIG_00034625,2511.05708v1,2511.05708v1,BIOINFO,BIOINFO,0.8636410236358643,1,intra_paper
34621,34623,FIG_00034622,FIG_00034624,2511.05708v1,2511.05708v1,BIOINFO,BIOINFO,0.7952392101287842,1,intra_paper
34621,34624,FIG_00034622,FIG_00034625,2511.05708v1,2511.05708v1,BIOINFO,BIOINFO,0.7817314863204956,2,intra_paper
34623,34624,FIG_00034624,FIG_00034625,2511.05708v1,2511.05708v1,BIOINFO,BIOINFO,0.8711567521095276,1,intra_paper
34702,34704,FIG_00034703,FIG_00034705,2605.31180v1,2605.31180v1,SIGNAL,SIGNAL,0.8244658708572388,2,intra_paper
34707,34708,FIG_00034708,FIG_00034709,2605.31059v1,2605.31059v1,SIGNAL,SIGNAL,0.8174402713775635,1,intra_paper
34708,34712,FIG_00034709,FIG_00034713,2605.31059v1,2605.31059v1,SIGNAL,SIGNAL,0.811470627784729,1,intra_paper
34711,34712,FIG_00034712,FIG_00034713,2605.31059v1,2605.31059v1,SIGNAL,SIGNAL,0.8077037334442139,2,intra_paper
34722,34725,FIG_00034723,FIG_00034726,2605.31017v1,2605.31017v1,SIGNAL,SIGNAL,0.7532540559768677,3,intra_paper
34723,34725,FIG_00034724,FIG_00034726,2605.31017v1,2605.31017v1,SIGNAL,SIGNAL,0.8310669660568237,2,intra_paper
34724,34725,FIG_00034725,FIG_00034726,2605.31017v1,2605.31017v1,SIGNAL,SIGNAL,0.8333016037940979,1,intra_paper
34733,34740,FIG_00034734,FIG_00034741,2605.30787v1,2605.30787v1,SIGNAL,SIGNAL,0.885707437992096,3,intra_paper
34742,34752,FIG_00034743,FIG_00034753,2605.30528v1,2605.30528v1,SIGNAL,SIGNAL,0.8393409252166748,1,intra_paper
34748,34751,FIG_00034749,FIG_00034752,2605.30528v1,2605.30528v1,SIGNAL,SIGNAL,0.8985909223556519,3,intra_paper
34758,34761,FIG_00034759,FIG_00034762,2605.30127v1,2605.30127v1,SIGNAL,SIGNAL,0.8534138798713684,1,intra_paper
34758,34760,FIG_00034759,FIG_00034761,2605.30127v1,2605.30127v1,SIGNAL,SIGNAL,0.8105117082595825,2,intra_paper
34760,34761,FIG_00034761,FIG_00034762,2605.30127v1,2605.30127v1,SIGNAL,SIGNAL,0.8674458861351013,1,intra_paper
34772,34774,FIG_00034773,FIG_00034775,2605.29995v1,2605.29995v1,SIGNAL,SIGNAL,0.8971805572509766,2,intra_paper
34792,34794,FIG_00034793,FIG_00034795,2605.29824v1,2605.29824v1,SIGNAL,SIGNAL,0.8218510150909424,1,intra_paper
34792,34795,FIG_00034793,FIG_00034796,2605.29824v1,2605.29824v1,SIGNAL,SIGNAL,0.7962005138397217,2,intra_paper
34821,34824,FIG_00034822,FIG_00034825,2605.29481v1,2605.29481v1,SIGNAL,SIGNAL,0.8916679620742798,1,intra_paper
34821,34828,FIG_00034822,FIG_00034829,2605.29481v1,2605.29481v1,SIGNAL,SIGNAL,0.834846556186676,2,intra_paper
34821,34822,FIG_00034822,FIG_00034823,2605.29481v1,2605.29481v1,SIGNAL,SIGNAL,0.8243323564529419,3,intra_paper
34825,34827,FIG_00034826,FIG_00034828,2605.29481v1,2605.29481v1,SIGNAL,SIGNAL,0.7826480269432068,1,intra_paper
34844,34845,FIG_00034845,FIG_00034846,2605.29364v1,2605.29364v1,SIGNAL,SIGNAL,0.8961488008499146,3,intra_paper
34845,34846,FIG_00034846,FIG_00034847,2605.29364v1,2605.29364v1,SIGNAL,SIGNAL,0.7791119813919067,3,intra_paper
34908,34919,FIG_00034909,FIG_00034920,2605.28453v1,2605.28453v1,SIGNAL,SIGNAL,0.8297232985496521,1,intra_paper
34908,34914,FIG_00034909,FIG_00034915,2605.28453v1,2605.28453v1,SIGNAL,SIGNAL,0.8274580240249634,2,intra_paper
34908,34913,FIG_00034909,FIG_00034914,2605.28453v1,2605.28453v1,SIGNAL,SIGNAL,0.8223475813865662,3,intra_paper
34908,34911,FIG_00034909,FIG_00034912,2605.28453v1,2605.28453v1,SIGNAL,SIGNAL,0.8207321763038635,4,intra_paper
34908,34918,FIG_00034909,FIG_00034919,2605.28453v1,2605.28453v1,SIGNAL,SIGNAL,0.8198253512382507,5,intra_paper
34909,34916,FIG_00034910,FIG_00034917,2605.28453v1,2605.28453v1,SIGNAL,SIGNAL,0.8992774486541748,2,intra_paper
34909,34913,FIG_00034910,FIG_00034914,2605.28453v1,2605.28453v1,SIGNAL,SIGNAL,0.8829272985458374,3,intra_paper
34910,34914,FIG_00034911,FIG_00034915,2605.28453v1,2605.28453v1,SIGNAL,SIGNAL,0.8923571109771729,2,intra_paper
34910,34916,FIG_00034911,FIG_00034917,2605.28453v1,2605.28453v1,SIGNAL,SIGNAL,0.8812106847763062,3,intra_paper
34910,34911,FIG_00034911,FIG_00034912,2605.28453v1,2605.28453v1,SIGNAL,SIGNAL,0.8552423715591431,4,intra_paper
34911,34918,FIG_00034912,FIG_00034919,2605.28453v1,2605.28453v1,SIGNAL,SIGNAL,0.8863444328308105,4,intra_paper
34911,34916,FIG_00034912,FIG_00034917,2605.28453v1,2605.28453v1,SIGNAL,SIGNAL,0.88410884141922,5,intra_paper
34911,34919,FIG_00034912,FIG_00034920,2605.28453v1,2605.28453v1,SIGNAL,SIGNAL,0.8734724521636963,6,intra_paper
34912,34917,FIG_00034913,FIG_00034918,2605.28453v1,2605.28453v1,SIGNAL,SIGNAL,0.7995084524154663,1,intra_paper
34913,34916,FIG_00034914,FIG_00034917,2605.28453v1,2605.28453v1,SIGNAL,SIGNAL,0.8881422281265259,5,intra_paper
34914,34919,FIG_00034915,FIG_00034920,2605.28453v1,2605.28453v1,SIGNAL,SIGNAL,0.8840478658676147,3,intra_paper
34918,34919,FIG_00034919,FIG_00034920,2605.28453v1,2605.28453v1,SIGNAL,SIGNAL,0.871623158454895,1,intra_paper
34918,34920,FIG_00034919,FIG_00034921,2605.28453v1,2605.28453v1,SIGNAL,SIGNAL,0.831310510635376,2,intra_paper
34918,34921,FIG_00034919,FIG_00034922,2605.28453v1,2605.28453v1,SIGNAL,SIGNAL,0.829961895942688,3,intra_paper
34922,34925,FIG_00034923,FIG_00034926,2605.28434v1,2605.28434v1,SIGNAL,SIGNAL,0.849249541759491,1,intra_paper
34925,34929,FIG_00034926,FIG_00034930,2605.28434v1,2605.28434v1,SIGNAL,SIGNAL,0.811477780342102,1,intra_paper
