paper_id,field,num_figures
2603.03654v1,IMAGING,115
2605.22570v1,CV,94
2602.12410v2,IMAGING,92
2601.18819v1,BIOINFO,70
2604.16851v1,BIOINFO,67
2605.31142v1,AI,55
2605.19120v1,ROBOTICS,55
2601.14183v2,BIOINFO,48
2605.28717v1,AI,47
2512.13927v1,BIOINFO,46
2512.13935v1,BIOINFO,46
2605.26357v2,ML,45
2605.30277v1,ML,45
2605.27767v1,AI,45
2605.28596v1,ML,44
2605.30232v1,ML,44
2512.24945v2,BIOINFO,44
2605.28883v1,AI,43
2512.01462v1,BIOINFO,42
2605.30233v1,AI,42
