{
    "count": 1065,
    "mean": 0.5567906403782922,
    "median": 0.6961514353752136,
    "std": 0.2881012200217,
    "min": 0.026979435235261917,
    "max": 0.9843141436576843,
    "p90": 0.835239565372467,
    "p95": 0.8701581716537475,
    "p97": 0.8828962087631225,
    "p99": 0.9094860529899595
}