anchor_id,positive_id,negative_id
FIG_00033620,FIG_00033621,FIG_00033622
FIG_00033620,FIG_00033621,FIG_00034375
FIG_00001700,FIG_00001701,FIG_00002005
FIG_00001700,FIG_00001701,FIG_00002113
FIG_00001700,FIG_00001701,FIG_00006855
FIG_00001700,FIG_00001701,FIG_00003915
FIG_00001700,FIG_00001701,FIG_00032165
FIG_00007579,FIG_00007585,FIG_00020280
FIG_00007579,FIG_00007585,FIG_00020279
FIG_00031991,FIG_00031992,FIG_00034244
FIG_00031991,FIG_00031995,FIG_00034244
FIG_00027359,FIG_00027360,FIG_00028546
FIG_00027359,FIG_00027360,FIG_00028651
FIG_00027359,FIG_00027360,FIG_00033546
FIG_00027359,FIG_00027360,FIG_00027984
FIG_00027359,FIG_00027360,FIG_00033512
FIG_00017786,FIG_00017787,FIG_00028628
FIG_00017786,FIG_00017787,FIG_00019528
FIG_00017786,FIG_00017787,FIG_00033809
FIG_00017786,FIG_00017787,FIG_00028079
FIG_00017786,FIG_00017787,FIG_00031281
FIG_00004330,FIG_00004332,FIG_00013044
FIG_00004330,FIG_00004332,FIG_00008622
FIG_00004330,FIG_00004332,FIG_00011742
FIG_00004330,FIG_00004332,FIG_00004772
FIG_00004330,FIG_00004332,FIG_00008143
FIG_00018436,FIG_00018438,FIG_00026939
FIG_00018436,FIG_00018438,FIG_00034592
FIG_00018436,FIG_00018438,FIG_00019889
FIG_00018436,FIG_00018438,FIG_00026739
FIG_00018436,FIG_00018452,FIG_00026939
FIG_00018436,FIG_00018452,FIG_00034592
FIG_00018436,FIG_00018452,FIG_00019889
FIG_00018436,FIG_00018452,FIG_00026739
FIG_00018436,FIG_00018441,FIG_00026939
FIG_00018436,FIG_00018441,FIG_00034592
FIG_00018436,FIG_00018441,FIG_00019889
FIG_00018436,FIG_00018441,FIG_00026739
FIG_00004476,FIG_00004477,FIG_00022112
FIG_00004476,FIG_00004477,FIG_00029585
FIG_00004476,FIG_00004477,FIG_00007879
FIG_00004476,FIG_00004477,FIG_00029140
FIG_00004476,FIG_00004477,FIG_00021843
FIG_00011196,FIG_00011201,FIG_00032858
FIG_00011196,FIG_00011201,FIG_00030011
FIG_00011196,FIG_00011201,FIG_00034438
FIG_00011196,FIG_00011201,FIG_00012967
FIG_00011196,FIG_00011201,FIG_00012968
FIG_00011196,FIG_00011205,FIG_00032858
FIG_00011196,FIG_00011205,FIG_00030011
FIG_00011196,FIG_00011205,FIG_00034438
FIG_00011196,FIG_00011205,FIG_00012967
FIG_00011196,FIG_00011205,FIG_00012968
FIG_00011196,FIG_00011203,FIG_00032858
FIG_00011196,FIG_00011203,FIG_00030011
FIG_00011196,FIG_00011203,FIG_00034438
FIG_00011196,FIG_00011203,FIG_00012967
FIG_00011196,FIG_00011203,FIG_00012968
FIG_00007643,FIG_00007647,FIG_00022562
FIG_00007643,FIG_00007647,FIG_00017650
FIG_00007643,FIG_00007647,FIG_00009184
FIG_00007643,FIG_00007647,FIG_00017115
FIG_00013095,FIG_00013097,FIG_00027914
FIG_00013095,FIG_00013097,FIG_00023788
FIG_00013095,FIG_00013097,FIG_00013676
FIG_00013095,FIG_00013097,FIG_00028581
FIG_00013095,FIG_00013097,FIG_00025506
FIG_00013095,FIG_00013096,FIG_00027914
FIG_00013095,FIG_00013096,FIG_00023788
FIG_00013095,FIG_00013096,FIG_00013676
FIG_00013095,FIG_00013096,FIG_00028581
FIG_00013095,FIG_00013096,FIG_00025506
FIG_00018946,FIG_00018947,FIG_00034257
FIG_00018946,FIG_00018947,FIG_00034259
FIG_00018946,FIG_00018947,FIG_00032859
FIG_00018946,FIG_00018947,FIG_00034241
FIG_00018946,FIG_00018947,FIG_00033393
FIG_00007286,FIG_00007287,FIG_00031022
FIG_00007286,FIG_00007287,FIG_00011587
FIG_00007286,FIG_00007287,FIG_00016737
FIG_00007286,FIG_00007287,FIG_00024404
FIG_00007286,FIG_00007287,FIG_00034517
FIG_00015428,FIG_00031241,FIG_00024052
FIG_00008527,FIG_00008532,FIG_00011307
FIG_00008527,FIG_00008533,FIG_00011307
FIG_00003516,FIG_00003517,FIG_00023054
FIG_00003516,FIG_00003517,FIG_00026817
FIG_00003516,FIG_00003517,FIG_00010151
FIG_00003516,FIG_00003517,FIG_00018971
FIG_00003516,FIG_00003517,FIG_00005316
FIG_00004400,FIG_00004402,FIG_00018907
FIG_00004400,FIG_00004402,FIG_00015867
FIG_00004400,FIG_00004402,FIG_00028892
FIG_00004400,FIG_00004402,FIG_00029714
FIG_00004400,FIG_00004402,FIG_00030269
FIG_00011040,FIG_00011045,FIG_00021915
FIG_00011040,FIG_00011045,FIG_00027680
FIG_00011040,FIG_00011045,FIG_00034672
FIG_00011040,FIG_00011045,FIG_00034671
FIG_00011040,FIG_00011045,FIG_00029870
FIG_00011040,FIG_00011050,FIG_00021915
FIG_00011040,FIG_00011050,FIG_00027680
FIG_00011040,FIG_00011050,FIG_00034672
FIG_00011040,FIG_00011050,FIG_00034671
FIG_00011040,FIG_00011050,FIG_00029870
FIG_00000809,FIG_00000812,FIG_00007594
FIG_00000809,FIG_00000812,FIG_00019693
FIG_00000809,FIG_00000812,FIG_00020275
FIG_00000809,FIG_00000812,FIG_00029943
FIG_00000809,FIG_00000812,FIG_00033466
FIG_00016187,FIG_00016188,FIG_00016295
FIG_00033828,FIG_00033829,FIG_00034120
FIG_00033828,FIG_00033830,FIG_00034120
FIG_00004559,FIG_00004561,FIG_00034419
FIG_00004559,FIG_00004561,FIG_00016267
FIG_00004559,FIG_00004562,FIG_00034419
FIG_00004559,FIG_00004562,FIG_00016267
FIG_00004559,FIG_00004560,FIG_00034419
FIG_00004559,FIG_00004560,FIG_00016267
FIG_00008584,FIG_00008585,FIG_00010224
FIG_00008584,FIG_00008585,FIG_00029834
FIG_00008584,FIG_00008585,FIG_00034297
FIG_00008584,FIG_00008585,FIG_00011934
FIG_00008584,FIG_00008585,FIG_00010225
FIG_00011499,FIG_00011503,FIG_00030180
FIG_00011499,FIG_00011503,FIG_00027413
FIG_00011499,FIG_00011503,FIG_00033426
FIG_00011499,FIG_00011503,FIG_00033428
FIG_00011499,FIG_00011503,FIG_00033437
FIG_00011499,FIG_00011502,FIG_00030180
FIG_00011499,FIG_00011502,FIG_00027413
FIG_00011499,FIG_00011502,FIG_00033426
FIG_00011499,FIG_00011502,FIG_00033428
FIG_00011499,FIG_00011502,FIG_00033437
FIG_00011499,FIG_00011501,FIG_00030180
FIG_00011499,FIG_00011501,FIG_00027413
FIG_00011499,FIG_00011501,FIG_00033426
FIG_00011499,FIG_00011501,FIG_00033428
FIG_00011499,FIG_00011501,FIG_00033437
FIG_00018213,FIG_00018214,FIG_00027980
FIG_00018213,FIG_00018214,FIG_00027593
FIG_00018213,FIG_00018214,FIG_00027600
FIG_00018213,FIG_00018214,FIG_00033878
FIG_00018213,FIG_00018214,FIG_00028081
FIG_00033782,FIG_00033784,FIG_00033997
FIG_00033782,FIG_00033784,FIG_00034531
FIG_00033782,FIG_00033788,FIG_00033997
FIG_00033782,FIG_00033788,FIG_00034531
FIG_00033782,FIG_00033786,FIG_00033997
FIG_00033782,FIG_00033786,FIG_00034531
FIG_00009693,FIG_00009694,FIG_00010020
FIG_00009693,FIG_00009694,FIG_00010017
FIG_00009693,FIG_00009694,FIG_00010515
FIG_00009693,FIG_00009694,FIG_00027752
FIG_00009693,FIG_00009694,FIG_00017589
FIG_00001603,FIG_00001604,FIG_00022799
FIG_00001603,FIG_00001604,FIG_00022797
FIG_00001603,FIG_00001604,FIG_00022209
FIG_00001603,FIG_00001604,FIG_00010863
FIG_00001603,FIG_00001604,FIG_00001823
FIG_00000508,FIG_00000534,FIG_00031840
FIG_00000508,FIG_00000534,FIG_00007535
FIG_00000508,FIG_00000534,FIG_00007121
FIG_00000508,FIG_00000534,FIG_00019908
FIG_00000508,FIG_00000534,FIG_00025622
FIG_00013247,FIG_00013249,FIG_00030721
FIG_00013247,FIG_00013249,FIG_00029884
FIG_00013247,FIG_00013249,FIG_00029454
FIG_00013247,FIG_00013249,FIG_00031265
FIG_00013247,FIG_00013249,FIG_00019690
FIG_00013247,FIG_00013248,FIG_00030721
FIG_00013247,FIG_00013248,FIG_00029884
FIG_00013247,FIG_00013248,FIG_00029454
FIG_00013247,FIG_00013248,FIG_00031265
FIG_00013247,FIG_00013248,FIG_00019690
FIG_00030220,FIG_00030227,FIG_00031378
FIG_00030220,FIG_00030227,FIG_00033462
FIG_00030220,FIG_00030227,FIG_00032855
FIG_00030220,FIG_00030227,FIG_00030784
FIG_00030220,FIG_00030227,FIG_00034221
FIG_00012908,FIG_00012909,FIG_00032947
FIG_00012908,FIG_00012909,FIG_00031394
FIG_00012908,FIG_00012909,FIG_00027914
FIG_00012908,FIG_00012909,FIG_00029742
FIG_00012908,FIG_00012909,FIG_00014258
FIG_00023520,FIG_00023521,FIG_00023805
FIG_00023520,FIG_00023521,FIG_00032245
FIG_00023520,FIG_00023521,FIG_00026034
FIG_00023520,FIG_00023521,FIG_00032516
FIG_00023520,FIG_00023521,FIG_00034628
FIG_00005788,FIG_00005790,FIG_00017558
FIG_00005788,FIG_00005790,FIG_00017557
FIG_00005788,FIG_00005790,FIG_00017559
FIG_00005788,FIG_00005790,FIG_00030269
FIG_00005788,FIG_00005790,FIG_00014788
FIG_00005788,FIG_00005789,FIG_00017558
FIG_00005788,FIG_00005789,FIG_00017557
FIG_00005788,FIG_00005789,FIG_00017559
FIG_00005788,FIG_00005789,FIG_00030269
FIG_00005788,FIG_00005789,FIG_00014788
FIG_00012295,FIG_00012296,FIG_00020637
FIG_00012295,FIG_00012296,FIG_00014739
FIG_00012295,FIG_00012296,FIG_00034791
FIG_00012295,FIG_00012296,FIG_00030554
FIG_00012295,FIG_00012296,FIG_00014733
FIG_00008780,FIG_00008782,FIG_00008996
FIG_00008780,FIG_00008782,FIG_00030420
FIG_00008780,FIG_00008782,FIG_00014571
FIG_00008780,FIG_00008782,FIG_00030298
FIG_00008780,FIG_00008782,FIG_00029756
FIG_00018444,FIG_00018446,FIG_00034002
FIG_00018444,FIG_00018446,FIG_00026739
FIG_00018444,FIG_00018446,FIG_00034592
FIG_00018444,FIG_00018446,FIG_00019679
FIG_00018444,FIG_00018445,FIG_00034002
FIG_00018444,FIG_00018445,FIG_00026739
FIG_00018444,FIG_00018445,FIG_00034592
FIG_00018444,FIG_00018445,FIG_00019679
FIG_00018444,FIG_00018449,FIG_00034002
FIG_00018444,FIG_00018449,FIG_00026739
FIG_00018444,FIG_00018449,FIG_00034592
FIG_00018444,FIG_00018449,FIG_00019679
FIG_00008177,FIG_00008179,FIG_00029662
FIG_00008177,FIG_00008179,FIG_00029652
FIG_00008177,FIG_00008179,FIG_00022740
FIG_00008177,FIG_00008179,FIG_00012956
FIG_00008177,FIG_00008179,FIG_00029655
FIG_00008177,FIG_00008178,FIG_00029662
FIG_00008177,FIG_00008178,FIG_00029652
FIG_00008177,FIG_00008178,FIG_00022740
FIG_00008177,FIG_00008178,FIG_00012956
FIG_00008177,FIG_00008178,FIG_00029655
FIG_00010390,FIG_00010393,FIG_00014023
FIG_00010390,FIG_00010393,FIG_00016457
FIG_00010390,FIG_00010393,FIG_00012922
FIG_00010390,FIG_00010393,FIG_00017757
FIG_00010390,FIG_00010393,FIG_00030595
FIG_00010390,FIG_00010391,FIG_00014023
FIG_00010390,FIG_00010391,FIG_00016457
FIG_00010390,FIG_00010391,FIG_00012922
FIG_00010390,FIG_00010391,FIG_00017757
FIG_00010390,FIG_00010391,FIG_00030595
FIG_00027270,FIG_00027271,FIG_00028209
FIG_00006375,FIG_00006381,FIG_00006377
FIG_00006375,FIG_00006381,FIG_00011569
FIG_00006375,FIG_00006381,FIG_00031195
FIG_00006375,FIG_00006380,FIG_00006377
FIG_00006375,FIG_00006380,FIG_00011569
FIG_00006375,FIG_00006380,FIG_00031195
FIG_00006375,FIG_00006378,FIG_00006377
FIG_00006375,FIG_00006378,FIG_00011569
FIG_00006375,FIG_00006378,FIG_00031195
FIG_00027838,FIG_00027847,FIG_00031713
FIG_00027838,FIG_00027847,FIG_00034035
FIG_00027838,FIG_00027847,FIG_00027840
FIG_00027838,FIG_00027847,FIG_00027844
FIG_00027838,FIG_00027847,FIG_00034034
FIG_00027805,FIG_00027811,FIG_00033542
FIG_00027805,FIG_00027811,FIG_00033134
FIG_00027805,FIG_00027811,FIG_00033128
FIG_00027805,FIG_00027811,FIG_00028069
FIG_00027805,FIG_00027811,FIG_00033417
FIG_00027805,FIG_00027806,FIG_00033542
FIG_00027805,FIG_00027806,FIG_00033134
FIG_00027805,FIG_00027806,FIG_00033128
FIG_00027805,FIG_00027806,FIG_00028069
FIG_00027805,FIG_00027806,FIG_00033417
FIG_00027805,FIG_00027812,FIG_00033542
FIG_00027805,FIG_00027812,FIG_00033134
FIG_00027805,FIG_00027812,FIG_00033128
FIG_00027805,FIG_00027812,FIG_00028069
FIG_00027805,FIG_00027812,FIG_00033417
FIG_00022038,FIG_00022039,FIG_00022045
FIG_00005529,FIG_00005532,FIG_00008796
FIG_00005529,FIG_00005532,FIG_00012499
FIG_00005529,FIG_00005532,FIG_00009082
FIG_00005529,FIG_00005532,FIG_00025765
FIG_00005529,FIG_00005532,FIG_00005551
FIG_00005529,FIG_00005533,FIG_00008796
FIG_00005529,FIG_00005533,FIG_00012499
FIG_00005529,FIG_00005533,FIG_00009082
FIG_00005529,FIG_00005533,FIG_00025765
FIG_00005529,FIG_00005533,FIG_00005551
FIG_00005529,FIG_00005531,FIG_00008796
FIG_00005529,FIG_00005531,FIG_00012499
FIG_00005529,FIG_00005531,FIG_00009082
FIG_00005529,FIG_00005531,FIG_00025765
FIG_00005529,FIG_00005531,FIG_00005551
FIG_00017355,FIG_00017356,FIG_00033118
FIG_00017355,FIG_00017356,FIG_00031522
FIG_00017355,FIG_00017356,FIG_00022684
FIG_00017355,FIG_00017356,FIG_00022121
FIG_00017355,FIG_00017356,FIG_00020314
FIG_00007817,FIG_00007823,FIG_00007819
FIG_00007817,FIG_00007823,FIG_00015415
FIG_00007817,FIG_00007823,FIG_00031067
FIG_00007817,FIG_00007823,FIG_00010488
FIG_00007817,FIG_00007823,FIG_00034363
FIG_00008616,FIG_00008618,FIG_00032129
FIG_00008616,FIG_00008618,FIG_00031362
FIG_00008616,FIG_00008618,FIG_00018045
FIG_00008616,FIG_00008618,FIG_00009656
FIG_00008616,FIG_00008618,FIG_00009354
FIG_00008616,FIG_00008617,FIG_00032129
FIG_00008616,FIG_00008617,FIG_00031362
FIG_00008616,FIG_00008617,FIG_00018045
FIG_00008616,FIG_00008617,FIG_00009656
FIG_00008616,FIG_00008617,FIG_00009354
FIG_00028701,FIG_00028703,FIG_00028702
FIG_00028701,FIG_00028703,FIG_00031197
FIG_00028701,FIG_00028703,FIG_00033032
FIG_00028701,FIG_00028703,FIG_00029092
FIG_00028701,FIG_00028703,FIG_00031196
FIG_00030981,FIG_00030982,FIG_00034141
FIG_00030981,FIG_00030982,FIG_00032658
FIG_00030981,FIG_00030982,FIG_00032580
FIG_00030981,FIG_00030982,FIG_00031210
FIG_00030981,FIG_00030982,FIG_00030984
FIG_00003801,FIG_00003802,FIG_00025382
FIG_00003801,FIG_00003802,FIG_00006809
FIG_00003801,FIG_00003802,FIG_00013988
FIG_00003801,FIG_00003802,FIG_00006335
FIG_00003801,FIG_00003802,FIG_00006336
FIG_00032759,FIG_00032768,FIG_00033862
FIG_00032759,FIG_00032768,FIG_00033856
FIG_00032759,FIG_00032768,FIG_00033859
FIG_00032759,FIG_00032768,FIG_00033863
FIG_00032759,FIG_00032768,FIG_00033858
FIG_00032759,FIG_00032760,FIG_00033862
FIG_00032759,FIG_00032760,FIG_00033856
FIG_00032759,FIG_00032760,FIG_00033859
FIG_00032759,FIG_00032760,FIG_00033863
FIG_00032759,FIG_00032760,FIG_00033858
FIG_00032759,FIG_00032767,FIG_00033862
FIG_00032759,FIG_00032767,FIG_00033856
FIG_00032759,FIG_00032767,FIG_00033859
FIG_00032759,FIG_00032767,FIG_00033863
FIG_00032759,FIG_00032767,FIG_00033858
FIG_00002896,FIG_00002897,FIG_00007385
FIG_00002896,FIG_00002897,FIG_00033560
FIG_00002896,FIG_00002897,FIG_00006885
FIG_00002896,FIG_00002897,FIG_00011252
FIG_00002896,FIG_00002897,FIG_00010190
FIG_00027798,FIG_00027799,FIG_00029028
FIG_00027798,FIG_00027799,FIG_00033542
FIG_00027798,FIG_00027800,FIG_00029028
FIG_00027798,FIG_00027800,FIG_00033542
FIG_00027798,FIG_00027801,FIG_00029028
FIG_00027798,FIG_00027801,FIG_00033542
FIG_00015858,FIG_00015859,FIG_00020032
FIG_00015858,FIG_00015859,FIG_00016506
FIG_00015858,FIG_00015859,FIG_00020214
FIG_00015858,FIG_00015859,FIG_00028170
FIG_00015858,FIG_00015859,FIG_00020569
FIG_00031247,FIG_00031251,FIG_00034727
FIG_00031247,FIG_00031251,FIG_00031780
FIG_00031247,FIG_00031251,FIG_00033204
FIG_00018449,FIG_00018458,FIG_00034002
FIG_00018449,FIG_00018458,FIG_00019679
FIG_00018449,FIG_00018458,FIG_00033446
FIG_00018449,FIG_00018458,FIG_00026739
FIG_00018449,FIG_00018458,FIG_00033442
FIG_00018449,FIG_00018451,FIG_00034002
FIG_00018449,FIG_00018451,FIG_00019679
FIG_00018449,FIG_00018451,FIG_00033446
FIG_00018449,FIG_00018451,FIG_00026739
FIG_00018449,FIG_00018451,FIG_00033442
FIG_00018449,FIG_00018450,FIG_00034002
FIG_00018449,FIG_00018450,FIG_00019679
FIG_00018449,FIG_00018450,FIG_00033446
FIG_00018449,FIG_00018450,FIG_00026739
FIG_00018449,FIG_00018450,FIG_00033442
FIG_00011343,FIG_00011345,FIG_00011347
FIG_00011343,FIG_00011345,FIG_00030606
FIG_00007453,FIG_00007454,FIG_00015073
FIG_00007453,FIG_00007454,FIG_00028088
FIG_00007453,FIG_00007454,FIG_00028087
FIG_00007453,FIG_00007454,FIG_00015171
FIG_00007453,FIG_00007454,FIG_00028491
FIG_00029941,FIG_00029943,FIG_00030264
FIG_00029941,FIG_00029943,FIG_00030868
FIG_00003726,FIG_00003727,FIG_00023948
FIG_00003726,FIG_00003727,FIG_00007080
FIG_00003726,FIG_00003727,FIG_00016050
FIG_00003726,FIG_00003727,FIG_00007077
FIG_00003726,FIG_00003727,FIG_00031110
FIG_00003726,FIG_00003728,FIG_00023948
FIG_00003726,FIG_00003728,FIG_00007080
FIG_00003726,FIG_00003728,FIG_00016050
FIG_00003726,FIG_00003728,FIG_00007077
FIG_00003726,FIG_00003728,FIG_00031110
FIG_00009147,FIG_00009151,FIG_00013983
FIG_00009147,FIG_00009151,FIG_00026535
FIG_00009147,FIG_00009151,FIG_00010494
FIG_00009147,FIG_00009151,FIG_00016229
FIG_00009147,FIG_00009151,FIG_00014573
FIG_00025618,FIG_00025619,FIG_00026711
FIG_00025618,FIG_00025619,FIG_00031370
FIG_00028595,FIG_00028597,FIG_00029524
FIG_00028595,FIG_00028597,FIG_00031365
FIG_00028595,FIG_00028597,FIG_00031975
FIG_00028595,FIG_00028597,FIG_00033933
FIG_00028595,FIG_00028596,FIG_00029524
FIG_00028595,FIG_00028596,FIG_00031365
FIG_00028595,FIG_00028596,FIG_00031975
FIG_00028595,FIG_00028596,FIG_00033933
FIG_00030671,FIG_00030672,FIG_00030673
FIG_00030671,FIG_00030672,FIG_00032197
FIG_00030671,FIG_00030672,FIG_00032634
FIG_00024546,FIG_00024547,FIG_00033927
FIG_00024546,FIG_00024547,FIG_00030703
FIG_00024546,FIG_00024547,FIG_00029194
FIG_00024546,FIG_00024547,FIG_00031067
FIG_00024546,FIG_00024547,FIG_00025579
FIG_00025847,FIG_00025848,FIG_00028299
FIG_00005789,FIG_00005790,FIG_00017558
FIG_00005789,FIG_00005790,FIG_00017559
FIG_00005789,FIG_00005790,FIG_00017557
FIG_00005789,FIG_00005790,FIG_00027452
FIG_00005789,FIG_00005790,FIG_00019158
FIG_00004194,FIG_00004196,FIG_00011740
FIG_00004194,FIG_00004196,FIG_00034056
FIG_00004194,FIG_00004196,FIG_00007301
FIG_00004194,FIG_00004195,FIG_00011740
FIG_00004194,FIG_00004195,FIG_00034056
FIG_00004194,FIG_00004195,FIG_00007301
FIG_00004194,FIG_00004197,FIG_00011740
FIG_00004194,FIG_00004197,FIG_00034056
FIG_00004194,FIG_00004197,FIG_00007301
FIG_00010545,FIG_00010546,FIG_00020205
FIG_00010545,FIG_00010546,FIG_00011758
FIG_00007947,FIG_00007948,FIG_00030015
FIG_00007947,FIG_00007948,FIG_00029229
FIG_00007947,FIG_00007948,FIG_00028549
FIG_00007947,FIG_00007948,FIG_00028550
FIG_00007947,FIG_00007948,FIG_00031392
FIG_00010707,FIG_00010710,FIG_00010716
FIG_00010707,FIG_00010710,FIG_00010714
FIG_00010707,FIG_00010710,FIG_00010715
FIG_00010707,FIG_00010710,FIG_00010713
FIG_00010707,FIG_00010710,FIG_00010709
FIG_00031984,FIG_00031992,FIG_00034244
FIG_00031984,FIG_00031992,FIG_00031999
FIG_00031984,FIG_00031990,FIG_00034244
FIG_00031984,FIG_00031990,FIG_00031999
FIG_00031984,FIG_00031991,FIG_00034244
FIG_00031984,FIG_00031991,FIG_00031999
FIG_00030886,FIG_00030892,FIG_00031965
FIG_00030886,FIG_00030892,FIG_00031162
FIG_00030886,FIG_00030892,FIG_00032336
FIG_00030886,FIG_00030892,FIG_00031163
FIG_00030886,FIG_00030892,FIG_00031158
FIG_00026382,FIG_00026383,FIG_00026722
FIG_00026382,FIG_00026383,FIG_00030783
FIG_00026382,FIG_00026383,FIG_00027087
FIG_00007611,FIG_00007614,FIG_00033135
FIG_00007611,FIG_00007614,FIG_00033142
FIG_00007611,FIG_00007614,FIG_00017305
FIG_00007611,FIG_00007614,FIG_00033127
FIG_00007611,FIG_00007614,FIG_00031859
FIG_00007611,FIG_00007615,FIG_00033135
FIG_00007611,FIG_00007615,FIG_00033142
FIG_00007611,FIG_00007615,FIG_00017305
FIG_00007611,FIG_00007615,FIG_00033127
FIG_00007611,FIG_00007615,FIG_00031859
FIG_00000794,FIG_00006555,FIG_00006559
FIG_00000794,FIG_00006555,FIG_00000796
FIG_00000794,FIG_00006555,FIG_00004495
FIG_00000794,FIG_00006555,FIG_00029250
FIG_00000794,FIG_00006555,FIG_00006558
FIG_00000794,FIG_00006560,FIG_00006559
FIG_00000794,FIG_00006560,FIG_00000796
FIG_00000794,FIG_00006560,FIG_00004495
FIG_00000794,FIG_00006560,FIG_00029250
FIG_00000794,FIG_00006560,FIG_00006558
FIG_00000794,FIG_00000797,FIG_00006559
FIG_00000794,FIG_00000797,FIG_00000796
FIG_00000794,FIG_00000797,FIG_00004495
FIG_00000794,FIG_00000797,FIG_00029250
FIG_00000794,FIG_00000797,FIG_00006558
FIG_00026320,FIG_00026321,FIG_00028293
FIG_00026320,FIG_00026321,FIG_00026858
FIG_00025185,FIG_00025186,FIG_00026965
FIG_00025185,FIG_00025186,FIG_00031813
FIG_00008336,FIG_00008342,FIG_00021063
FIG_00008336,FIG_00008342,FIG_00013044
FIG_00008336,FIG_00008342,FIG_00033603
FIG_00008336,FIG_00008342,FIG_00025986
FIG_00008336,FIG_00008342,FIG_00030859
FIG_00008979,FIG_00008982,FIG_00034463
FIG_00008979,FIG_00008982,FIG_00034462
FIG_00008979,FIG_00008982,FIG_00013458
FIG_00008979,FIG_00008982,FIG_00031074
FIG_00008979,FIG_00008982,FIG_00033086
FIG_00032503,FIG_00032506,FIG_00033059
FIG_00026658,FIG_00026659,FIG_00026662
FIG_00026658,FIG_00026659,FIG_00028406
FIG_00005897,FIG_00005898,FIG_00029929
FIG_00005897,FIG_00005898,FIG_00031514
FIG_00005897,FIG_00005898,FIG_00013368
FIG_00005897,FIG_00005898,FIG_00031515
FIG_00005897,FIG_00005898,FIG_00005899
FIG_00005142,FIG_00005145,FIG_00021003
FIG_00005142,FIG_00005145,FIG_00021036
FIG_00005142,FIG_00005145,FIG_00021017
FIG_00005142,FIG_00005145,FIG_00021021
FIG_00005142,FIG_00005145,FIG_00020981
FIG_00005142,FIG_00005143,FIG_00021003
FIG_00005142,FIG_00005143,FIG_00021036
FIG_00005142,FIG_00005143,FIG_00021017
FIG_00005142,FIG_00005143,FIG_00021021
FIG_00005142,FIG_00005143,FIG_00020981
FIG_00007458,FIG_00007459,FIG_00020288
FIG_00007458,FIG_00007459,FIG_00014891
FIG_00007458,FIG_00007459,FIG_00014149
FIG_00007458,FIG_00007459,FIG_00017412
FIG_00007458,FIG_00007459,FIG_00011607
FIG_00007458,FIG_00007460,FIG_00020288
FIG_00007458,FIG_00007460,FIG_00014891
FIG_00007458,FIG_00007460,FIG_00014149
FIG_00007458,FIG_00007460,FIG_00017412
FIG_00007458,FIG_00007460,FIG_00011607
FIG_00011829,FIG_00011837,FIG_00018077
FIG_00015223,FIG_00015224,FIG_00033488
FIG_00015223,FIG_00015224,FIG_00015891
FIG_00015223,FIG_00015224,FIG_00030394
FIG_00015223,FIG_00015224,FIG_00024944
FIG_00015223,FIG_00015224,FIG_00030734
FIG_00004866,FIG_00004871,FIG_00024420
FIG_00004866,FIG_00004871,FIG_00004869
FIG_00004866,FIG_00004871,FIG_00006288
FIG_00004866,FIG_00004871,FIG_00014785
FIG_00004866,FIG_00004871,FIG_00012054
FIG_00001667,FIG_00001668,FIG_00006522
FIG_00001667,FIG_00001668,FIG_00028849
FIG_00001667,FIG_00001668,FIG_00007305
FIG_00001667,FIG_00001668,FIG_00003599
FIG_00001667,FIG_00001668,FIG_00002684
FIG_00002077,FIG_00002078,FIG_00010759
FIG_00002077,FIG_00002078,FIG_00002634
FIG_00002077,FIG_00002078,FIG_00018532
FIG_00002077,FIG_00002078,FIG_00031810
FIG_00002077,FIG_00002078,FIG_00007763
FIG_00028240,FIG_00028242,FIG_00028241
FIG_00030103,FIG_00030106,FIG_00030955
FIG_00030103,FIG_00030106,FIG_00030108
FIG_00030103,FIG_00030106,FIG_00034221
FIG_00030103,FIG_00030106,FIG_00031113
FIG_00030103,FIG_00030106,FIG_00030298
FIG_00030103,FIG_00030105,FIG_00030955
FIG_00030103,FIG_00030105,FIG_00030108
FIG_00030103,FIG_00030105,FIG_00034221
FIG_00030103,FIG_00030105,FIG_00031113
FIG_00030103,FIG_00030105,FIG_00030298
FIG_00031898,FIG_00031900,FIG_00033924
FIG_00031898,FIG_00031900,FIG_00033953
FIG_00031898,FIG_00031900,FIG_00031899
FIG_00010249,FIG_00010250,FIG_00027116
FIG_00010249,FIG_00010250,FIG_00021160
FIG_00013853,FIG_00013854,FIG_00019082
FIG_00013853,FIG_00013854,FIG_00025051
FIG_00013853,FIG_00013854,FIG_00015106
FIG_00013853,FIG_00013854,FIG_00032186
FIG_00013853,FIG_00013854,FIG_00018453
FIG_00013853,FIG_00013855,FIG_00019082
FIG_00013853,FIG_00013855,FIG_00025051
FIG_00013853,FIG_00013855,FIG_00015106
FIG_00013853,FIG_00013855,FIG_00032186
FIG_00013853,FIG_00013855,FIG_00018453
FIG_00009075,FIG_00009076,FIG_00009077
FIG_00009075,FIG_00009076,FIG_00030092
FIG_00009075,FIG_00009076,FIG_00030091
FIG_00009075,FIG_00009076,FIG_00026386
FIG_00009075,FIG_00009076,FIG_00009635
FIG_00006085,FIG_00006091,FIG_00007003
FIG_00006085,FIG_00006091,FIG_00029002
FIG_00006085,FIG_00006091,FIG_00009031
FIG_00006085,FIG_00006091,FIG_00017000
FIG_00006085,FIG_00006091,FIG_00019533
FIG_00006085,FIG_00006087,FIG_00007003
FIG_00006085,FIG_00006087,FIG_00029002
FIG_00006085,FIG_00006087,FIG_00009031
FIG_00006085,FIG_00006087,FIG_00017000
FIG_00006085,FIG_00006087,FIG_00019533
FIG_00005630,FIG_00005631,FIG_00011833
FIG_00005630,FIG_00005631,FIG_00010295
FIG_00005630,FIG_00005631,FIG_00013151
FIG_00005630,FIG_00005631,FIG_00015124
FIG_00005630,FIG_00005631,FIG_00006924
FIG_00007917,FIG_00007923,FIG_00023074
FIG_00007917,FIG_00007923,FIG_00031530
FIG_00007917,FIG_00007923,FIG_00009835
FIG_00007917,FIG_00007923,FIG_00023073
FIG_00007917,FIG_00007923,FIG_00030471
FIG_00031177,FIG_00031178,FIG_00033563
FIG_00031177,FIG_00031178,FIG_00032882
FIG_00031177,FIG_00031178,FIG_00033564
FIG_00031177,FIG_00031178,FIG_00031179
FIG_00031177,FIG_00031178,FIG_00031569
FIG_00031177,FIG_00031181,FIG_00033563
FIG_00031177,FIG_00031181,FIG_00032882
FIG_00031177,FIG_00031181,FIG_00033564
FIG_00031177,FIG_00031181,FIG_00031179
FIG_00031177,FIG_00031181,FIG_00031569
FIG_00026063,FIG_00026067,FIG_00033123
FIG_00026063,FIG_00026067,FIG_00031859
FIG_00026063,FIG_00026067,FIG_00033135
FIG_00026063,FIG_00026067,FIG_00027147
FIG_00026063,FIG_00026067,FIG_00033126
FIG_00007312,FIG_00007313,FIG_00010573
FIG_00007312,FIG_00007313,FIG_00030256
FIG_00007312,FIG_00007313,FIG_00033811
FIG_00007312,FIG_00007313,FIG_00024198
FIG_00007312,FIG_00007313,FIG_00033018
FIG_00027015,FIG_00027018,FIG_00034587
FIG_00023809,FIG_00023810,FIG_00025929
FIG_00026012,FIG_00026013,FIG_00033661
FIG_00026012,FIG_00026013,FIG_00034795
FIG_00026012,FIG_00026013,FIG_00028090
FIG_00010487,FIG_00010488,FIG_00028994
FIG_00010487,FIG_00010488,FIG_00028997
FIG_00010487,FIG_00010488,FIG_00028774
FIG_00010487,FIG_00010488,FIG_00032605
FIG_00010487,FIG_00010488,FIG_00015278
FIG_00012797,FIG_00013260,FIG_00030164
FIG_00012797,FIG_00013260,FIG_00026599
FIG_00012797,FIG_00013260,FIG_00023623
FIG_00012797,FIG_00013260,FIG_00029673
FIG_00011863,FIG_00011865,FIG_00015110
FIG_00011863,FIG_00011865,FIG_00017103
FIG_00011863,FIG_00011865,FIG_00017537
FIG_00011863,FIG_00011865,FIG_00019321
FIG_00011863,FIG_00011865,FIG_00019320
FIG_00011863,FIG_00011864,FIG_00015110
FIG_00011863,FIG_00011864,FIG_00017103
FIG_00011863,FIG_00011864,FIG_00017537
FIG_00011863,FIG_00011864,FIG_00019321
FIG_00011863,FIG_00011864,FIG_00019320
FIG_00018304,FIG_00018306,FIG_00029172
FIG_00018304,FIG_00018306,FIG_00022432
FIG_00018304,FIG_00018306,FIG_00020681
FIG_00018304,FIG_00018306,FIG_00028945
FIG_00018304,FIG_00018306,FIG_00020893
FIG_00001945,FIG_00001947,FIG_00020579
FIG_00001945,FIG_00001947,FIG_00006895
FIG_00001945,FIG_00001947,FIG_00010988
FIG_00001945,FIG_00001947,FIG_00003313
FIG_00001945,FIG_00001947,FIG_00010987
FIG_00010000,FIG_00010001,FIG_00011933
FIG_00010000,FIG_00010001,FIG_00030265
FIG_00010000,FIG_00010001,FIG_00017730
FIG_00010000,FIG_00010001,FIG_00030073
FIG_00010000,FIG_00010001,FIG_00029396
FIG_00010000,FIG_00010002,FIG_00011933
FIG_00010000,FIG_00010002,FIG_00030265
FIG_00010000,FIG_00010002,FIG_00017730
FIG_00010000,FIG_00010002,FIG_00030073
FIG_00010000,FIG_00010002,FIG_00029396
FIG_00009878,FIG_00009884,FIG_00011254
FIG_00009878,FIG_00009884,FIG_00029055
FIG_00009878,FIG_00009884,FIG_00011764
FIG_00009878,FIG_00009884,FIG_00030298
FIG_00009878,FIG_00009884,FIG_00011613
FIG_00009179,FIG_00009180,FIG_00025125
FIG_00009179,FIG_00009180,FIG_00013246
FIG_00009179,FIG_00009180,FIG_00029925
FIG_00009179,FIG_00009180,FIG_00019607
FIG_00009179,FIG_00009180,FIG_00033675
FIG_00009470,FIG_00009471,FIG_00023911
FIG_00009470,FIG_00009471,FIG_00010012
FIG_00009470,FIG_00009471,FIG_00010715
FIG_00009470,FIG_00009471,FIG_00010706
FIG_00009470,FIG_00009471,FIG_00010716
FIG_00032803,FIG_00032804,FIG_00033426
FIG_00032803,FIG_00032804,FIG_00033439
FIG_00032803,FIG_00032804,FIG_00033428
FIG_00032803,FIG_00032804,FIG_00034422
FIG_00001101,FIG_00001104,FIG_00030104
FIG_00001101,FIG_00001104,FIG_00016037
FIG_00001101,FIG_00001104,FIG_00027784
FIG_00001101,FIG_00001104,FIG_00012922
FIG_00001101,FIG_00001104,FIG_00019945
FIG_00001101,FIG_00001105,FIG_00030104
FIG_00001101,FIG_00001105,FIG_00016037
FIG_00001101,FIG_00001105,FIG_00027784
FIG_00001101,FIG_00001105,FIG_00012922
FIG_00001101,FIG_00001105,FIG_00019945
FIG_00005993,FIG_00005996,FIG_00020304
FIG_00005993,FIG_00005996,FIG_00033115
FIG_00005993,FIG_00005996,FIG_00009301
FIG_00005993,FIG_00005996,FIG_00031343
FIG_00005993,FIG_00005996,FIG_00033137
FIG_00005993,FIG_00005994,FIG_00020304
FIG_00005993,FIG_00005994,FIG_00033115
FIG_00005993,FIG_00005994,FIG_00009301
FIG_00005993,FIG_00005994,FIG_00031343
FIG_00005993,FIG_00005994,FIG_00033137
FIG_00033195,FIG_00033196,FIG_00033925
FIG_00033195,FIG_00033196,FIG_00033199
FIG_00033195,FIG_00033196,FIG_00033929
FIG_00021951,FIG_00021952,FIG_00025489
FIG_00021951,FIG_00021952,FIG_00032911
FIG_00033775,FIG_00033776,FIG_00034838
FIG_00033775,FIG_00033776,FIG_00034837
FIG_00033775,FIG_00033776,FIG_00034841
FIG_00007240,FIG_00007245,FIG_00010155
FIG_00007240,FIG_00007245,FIG_00015275
FIG_00007240,FIG_00007245,FIG_00030597
FIG_00007240,FIG_00007245,FIG_00013646
FIG_00007240,FIG_00007245,FIG_00020659
FIG_00028399,FIG_00028402,FIG_00030581
FIG_00028399,FIG_00028401,FIG_00030581
FIG_00028399,FIG_00028403,FIG_00030581
FIG_00011042,FIG_00011045,FIG_00011052
FIG_00011042,FIG_00011045,FIG_00031474
FIG_00011042,FIG_00011045,FIG_00015280
FIG_00011042,FIG_00011045,FIG_00033809
FIG_00011042,FIG_00011045,FIG_00033716
FIG_00003716,FIG_00003719,FIG_00019497
FIG_00003716,FIG_00003719,FIG_00007122
FIG_00003716,FIG_00003719,FIG_00011064
FIG_00031029,FIG_00031031,FIG_00032860
FIG_00031029,FIG_00031031,FIG_00032334
FIG_00005730,FIG_00005737,FIG_00034297
FIG_00005730,FIG_00005737,FIG_00034292
FIG_00005730,FIG_00005737,FIG_00034295
FIG_00005730,FIG_00005737,FIG_00029834
FIG_00005730,FIG_00005737,FIG_00010224
FIG_00017272,FIG_00017273,FIG_00018581
FIG_00017272,FIG_00017273,FIG_00030825
FIG_00017272,FIG_00017273,FIG_00023408
FIG_00017272,FIG_00017273,FIG_00017274
FIG_00017272,FIG_00017273,FIG_00018582
FIG_00009935,FIG_00009936,FIG_00019484
FIG_00009935,FIG_00009936,FIG_00015098
FIG_00009935,FIG_00009936,FIG_00015101
FIG_00009935,FIG_00009936,FIG_00020279
FIG_00009935,FIG_00009936,FIG_00026244
FIG_00007176,FIG_00007181,FIG_00008780
FIG_00007176,FIG_00007181,FIG_00009386
FIG_00007176,FIG_00007181,FIG_00029756
FIG_00007176,FIG_00007181,FIG_00009729
FIG_00007176,FIG_00007181,FIG_00012586
FIG_00013309,FIG_00013318,FIG_00020748
FIG_00013309,FIG_00013318,FIG_00014898
FIG_00013309,FIG_00013318,FIG_00018189
FIG_00013309,FIG_00013318,FIG_00014371
FIG_00013309,FIG_00013318,FIG_00016399
FIG_00002887,FIG_00005777,FIG_00034297
FIG_00002887,FIG_00005777,FIG_00010224
FIG_00002887,FIG_00005777,FIG_00004197
FIG_00002887,FIG_00005777,FIG_00010225
FIG_00002887,FIG_00005777,FIG_00004193
FIG_00007888,FIG_00007891,FIG_00007890
FIG_00010703,FIG_00010706,FIG_00033032
FIG_00010703,FIG_00010704,FIG_00033032
FIG_00010703,FIG_00010705,FIG_00033032
FIG_00012516,FIG_00012517,FIG_00018151
FIG_00012516,FIG_00012517,FIG_00024881
FIG_00005540,FIG_00005544,FIG_00012066
FIG_00005540,FIG_00005544,FIG_00006115
FIG_00005540,FIG_00005544,FIG_00006117
FIG_00005540,FIG_00005544,FIG_00006116
FIG_00005540,FIG_00005544,FIG_00033603
FIG_00005540,FIG_00005542,FIG_00012066
FIG_00005540,FIG_00005542,FIG_00006115
FIG_00005540,FIG_00005542,FIG_00006117
FIG_00005540,FIG_00005542,FIG_00006116
FIG_00005540,FIG_00005542,FIG_00033603
FIG_00025217,FIG_00025220,FIG_00025218
FIG_00025217,FIG_00025220,FIG_00025219
FIG_00025217,FIG_00025220,FIG_00025223
FIG_00025217,FIG_00025220,FIG_00031092
FIG_00025217,FIG_00025220,FIG_00031086
FIG_00005542,FIG_00005544,FIG_00006115
FIG_00005542,FIG_00005544,FIG_00006116
FIG_00005542,FIG_00005544,FIG_00006117
FIG_00005542,FIG_00005544,FIG_00006118
FIG_00005542,FIG_00005544,FIG_00006105
FIG_00003848,FIG_00003849,FIG_00031609
FIG_00003848,FIG_00003849,FIG_00029351
FIG_00003848,FIG_00003849,FIG_00028800
FIG_00003848,FIG_00003849,FIG_00009442
FIG_00003848,FIG_00003849,FIG_00029412
FIG_00003848,FIG_00003850,FIG_00031609
FIG_00003848,FIG_00003850,FIG_00029351
FIG_00003848,FIG_00003850,FIG_00028800
FIG_00003848,FIG_00003850,FIG_00009442
FIG_00003848,FIG_00003850,FIG_00029412
FIG_00003848,FIG_00003851,FIG_00031609
FIG_00003848,FIG_00003851,FIG_00029351
FIG_00003848,FIG_00003851,FIG_00028800
FIG_00003848,FIG_00003851,FIG_00009442
FIG_00003848,FIG_00003851,FIG_00029412
FIG_00005471,FIG_00005472,FIG_00034294
FIG_00025083,FIG_00025087,FIG_00029900
FIG_00025083,FIG_00025087,FIG_00027577
FIG_00025083,FIG_00025087,FIG_00028077
FIG_00025083,FIG_00025087,FIG_00033606
FIG_00033261,FIG_00033262,FIG_00033264
FIG_00033261,FIG_00033262,FIG_00033308
FIG_00033261,FIG_00033262,FIG_00033540
FIG_00007490,FIG_00007491,FIG_00028355
FIG_00007490,FIG_00007491,FIG_00032206
FIG_00007490,FIG_00007491,FIG_00010845
FIG_00007490,FIG_00007491,FIG_00032208
FIG_00007490,FIG_00007491,FIG_00025983
FIG_00001675,FIG_00001686,FIG_00033669
FIG_00001675,FIG_00001686,FIG_00001682
FIG_00001675,FIG_00001686,FIG_00001684
FIG_00001675,FIG_00001686,FIG_00017294
FIG_00001675,FIG_00001686,FIG_00026535
FIG_00001675,FIG_00001685,FIG_00033669
FIG_00001675,FIG_00001685,FIG_00001682
FIG_00001675,FIG_00001685,FIG_00001684
FIG_00001675,FIG_00001685,FIG_00017294
FIG_00001675,FIG_00001685,FIG_00026535
FIG_00001675,FIG_00001683,FIG_00033669
FIG_00001675,FIG_00001683,FIG_00001682
FIG_00001675,FIG_00001683,FIG_00001684
FIG_00001675,FIG_00001683,FIG_00017294
FIG_00001675,FIG_00001683,FIG_00026535
FIG_00008612,FIG_00008618,FIG_00032129
FIG_00008612,FIG_00008618,FIG_00018045
FIG_00008612,FIG_00008618,FIG_00031362
FIG_00008612,FIG_00008618,FIG_00009354
FIG_00008612,FIG_00008618,FIG_00015136
FIG_00008612,FIG_00008615,FIG_00032129
FIG_00008612,FIG_00008615,FIG_00018045
FIG_00008612,FIG_00008615,FIG_00031362
FIG_00008612,FIG_00008615,FIG_00009354
FIG_00008612,FIG_00008615,FIG_00015136
FIG_00008612,FIG_00008613,FIG_00032129
FIG_00008612,FIG_00008613,FIG_00018045
FIG_00008612,FIG_00008613,FIG_00031362
FIG_00008612,FIG_00008613,FIG_00009354
FIG_00008612,FIG_00008613,FIG_00015136
FIG_00008467,FIG_00008473,FIG_00014008
FIG_00008467,FIG_00008473,FIG_00029055
FIG_00008467,FIG_00008473,FIG_00012608
FIG_00008467,FIG_00008473,FIG_00017770
FIG_00008467,FIG_00008473,FIG_00011254
FIG_00008467,FIG_00008471,FIG_00014008
FIG_00008467,FIG_00008471,FIG_00029055
FIG_00008467,FIG_00008471,FIG_00012608
FIG_00008467,FIG_00008471,FIG_00017770
FIG_00008467,FIG_00008471,FIG_00011254
FIG_00003464,FIG_00003466,FIG_00011365
FIG_00003464,FIG_00003466,FIG_00005362
FIG_00003464,FIG_00003466,FIG_00009676
FIG_00003464,FIG_00003466,FIG_00003467
FIG_00003464,FIG_00003466,FIG_00017138
FIG_00003464,FIG_00003465,FIG_00011365
FIG_00003464,FIG_00003465,FIG_00005362
FIG_00003464,FIG_00003465,FIG_00009676
FIG_00003464,FIG_00003465,FIG_00003467
FIG_00003464,FIG_00003465,FIG_00017138
FIG_00003464,FIG_00003470,FIG_00011365
FIG_00003464,FIG_00003470,FIG_00005362
FIG_00003464,FIG_00003470,FIG_00009676
FIG_00003464,FIG_00003470,FIG_00003467
FIG_00003464,FIG_00003470,FIG_00017138
FIG_00001683,FIG_00001685,FIG_00032525
FIG_00001683,FIG_00001685,FIG_00017294
FIG_00001683,FIG_00001685,FIG_00009900
FIG_00001683,FIG_00001685,FIG_00019756
FIG_00001683,FIG_00001685,FIG_00032387
FIG_00001683,FIG_00001686,FIG_00032525
FIG_00001683,FIG_00001686,FIG_00017294
FIG_00001683,FIG_00001686,FIG_00009900
FIG_00001683,FIG_00001686,FIG_00019756
FIG_00001683,FIG_00001686,FIG_00032387
FIG_00023909,FIG_00023910,FIG_00023912
FIG_00023909,FIG_00023910,FIG_00029188
FIG_00023909,FIG_00023910,FIG_00033306
FIG_00033087,FIG_00033088,FIG_00033453
FIG_00033087,FIG_00033088,FIG_00034326
FIG_00014733,FIG_00014739,FIG_00033104
FIG_00014733,FIG_00014739,FIG_00033105
FIG_00014733,FIG_00014739,FIG_00031829
FIG_00014733,FIG_00014739,FIG_00024490
FIG_00014733,FIG_00014739,FIG_00017710
FIG_00026833,FIG_00026834,FIG_00026853
FIG_00026833,FIG_00026834,FIG_00026856
FIG_00026833,FIG_00026834,FIG_00026851
FIG_00026833,FIG_00026834,FIG_00026859
FIG_00026833,FIG_00026834,FIG_00031673
FIG_00005517,FIG_00005521,FIG_00005526
FIG_00005517,FIG_00005521,FIG_00032897
FIG_00005517,FIG_00005521,FIG_00031711
FIG_00005517,FIG_00005521,FIG_00029239
FIG_00005517,FIG_00005521,FIG_00011633
FIG_00005517,FIG_00005518,FIG_00005526
FIG_00005517,FIG_00005518,FIG_00032897
FIG_00005517,FIG_00005518,FIG_00031711
FIG_00005517,FIG_00005518,FIG_00029239
FIG_00005517,FIG_00005518,FIG_00011633
FIG_00005517,FIG_00005520,FIG_00005526
FIG_00005517,FIG_00005520,FIG_00032897
FIG_00005517,FIG_00005520,FIG_00031711
FIG_00005517,FIG_00005520,FIG_00029239
FIG_00005517,FIG_00005520,FIG_00011633
FIG_00031433,FIG_00031437,FIG_00034373
FIG_00031433,FIG_00031437,FIG_00033885
FIG_00010711,FIG_00010713,FIG_00033654
FIG_00010711,FIG_00010713,FIG_00034352
FIG_00010711,FIG_00010713,FIG_00032725
FIG_00010711,FIG_00010713,FIG_00010715
FIG_00010711,FIG_00010713,FIG_00033032
FIG_00006589,FIG_00006590,FIG_00019258
FIG_00006589,FIG_00006590,FIG_00006592
FIG_00006589,FIG_00006590,FIG_00007768
FIG_00006589,FIG_00006590,FIG_00009023
FIG_00006589,FIG_00006590,FIG_00025621
FIG_00006573,FIG_00006575,FIG_00031826
FIG_00011034,FIG_00011039,FIG_00021539
FIG_00011034,FIG_00011039,FIG_00020306
FIG_00011034,FIG_00011039,FIG_00022657
FIG_00011034,FIG_00011039,FIG_00025929
FIG_00011034,FIG_00011039,FIG_00022666
FIG_00011034,FIG_00011038,FIG_00021539
FIG_00011034,FIG_00011038,FIG_00020306
FIG_00011034,FIG_00011038,FIG_00022657
FIG_00011034,FIG_00011038,FIG_00025929
FIG_00011034,FIG_00011038,FIG_00022666
FIG_00011034,FIG_00011048,FIG_00021539
FIG_00011034,FIG_00011048,FIG_00020306
FIG_00011034,FIG_00011048,FIG_00022657
FIG_00011034,FIG_00011048,FIG_00025929
FIG_00011034,FIG_00011048,FIG_00022666
FIG_00034724,FIG_00034725,FIG_00034726
FIG_00016160,FIG_00016164,FIG_00016162
FIG_00016160,FIG_00016164,FIG_00016163
FIG_00018743,FIG_00018745,FIG_00031074
FIG_00018743,FIG_00018745,FIG_00032364
FIG_00018743,FIG_00018745,FIG_00031343
FIG_00018743,FIG_00018745,FIG_00020911
FIG_00018743,FIG_00018745,FIG_00025231
FIG_00030349,FIG_00030350,FIG_00031377
FIG_00030349,FIG_00030350,FIG_00031422
FIG_00030349,FIG_00030350,FIG_00032315
FIG_00030349,FIG_00030350,FIG_00033603
FIG_00031756,FIG_00031760,FIG_00031761
FIG_00031756,FIG_00031760,FIG_00031765
FIG_00031756,FIG_00031760,FIG_00031764
FIG_00031756,FIG_00031760,FIG_00031758
FIG_00031756,FIG_00031759,FIG_00031761
FIG_00031756,FIG_00031759,FIG_00031765
FIG_00031756,FIG_00031759,FIG_00031764
FIG_00031756,FIG_00031759,FIG_00031758
FIG_00010231,FIG_00010232,FIG_00029076
FIG_00010231,FIG_00010232,FIG_00029077
FIG_00010231,FIG_00010232,FIG_00026317
FIG_00010231,FIG_00010232,FIG_00021592
FIG_00010231,FIG_00010232,FIG_00017315
FIG_00034043,FIG_00034048,FIG_00034049
FIG_00034043,FIG_00034048,FIG_00034047
FIG_00034043,FIG_00034048,FIG_00034123
FIG_00031055,FIG_00031056,FIG_00032849
FIG_00031055,FIG_00031057,FIG_00032849
FIG_00031055,FIG_00031058,FIG_00032849
FIG_00031196,FIG_00031197,FIG_00032725
FIG_00031196,FIG_00031197,FIG_00033032
FIG_00031196,FIG_00031197,FIG_00032633
FIG_00031196,FIG_00031197,FIG_00034352
FIG_00031196,FIG_00031197,FIG_00031784
FIG_00006602,FIG_00006603,FIG_00008578
FIG_00006602,FIG_00006603,FIG_00010247
FIG_00006602,FIG_00006603,FIG_00033520
FIG_00006602,FIG_00006603,FIG_00033519
FIG_00006602,FIG_00006603,FIG_00010250
FIG_00005833,FIG_00005841,FIG_00009473
FIG_00005833,FIG_00005841,FIG_00024068
FIG_00005833,FIG_00005841,FIG_00012380
FIG_00005833,FIG_00005841,FIG_00021985
FIG_00005833,FIG_00005841,FIG_00009336
FIG_00028355,FIG_00028357,FIG_00030391
FIG_00028355,FIG_00028357,FIG_00029031
FIG_00028355,FIG_00028357,FIG_00030217
FIG_00028355,FIG_00028357,FIG_00030396
FIG_00028355,FIG_00028356,FIG_00030391
FIG_00028355,FIG_00028356,FIG_00029031
FIG_00028355,FIG_00028356,FIG_00030217
FIG_00028355,FIG_00028356,FIG_00030396
FIG_00021130,FIG_00021131,FIG_00034631
FIG_00009879,FIG_00009880,FIG_00010757
FIG_00009879,FIG_00009880,FIG_00030332
FIG_00009879,FIG_00009880,FIG_00021357
FIG_00031053,FIG_00031055,FIG_00031059
FIG_00031053,FIG_00031055,FIG_00032849
FIG_00031053,FIG_00031056,FIG_00031059
FIG_00031053,FIG_00031056,FIG_00032849
FIG_00005547,FIG_00005551,FIG_00005549
FIG_00005547,FIG_00005551,FIG_00013552
FIG_00005547,FIG_00005551,FIG_00005550
FIG_00005547,FIG_00005551,FIG_00005553
FIG_00005547,FIG_00005551,FIG_00005558
FIG_00003417,FIG_00003427,FIG_00003423
FIG_00003417,FIG_00003427,FIG_00033783
FIG_00003417,FIG_00003427,FIG_00003424
FIG_00003417,FIG_00003427,FIG_00008776
FIG_00003417,FIG_00003427,FIG_00011032
FIG_00028965,FIG_00028966,FIG_00032130
FIG_00028965,FIG_00028966,FIG_00029785
FIG_00028965,FIG_00028966,FIG_00031609
FIG_00028965,FIG_00028966,FIG_00034620
FIG_00028965,FIG_00028966,FIG_00030457
FIG_00028965,FIG_00028967,FIG_00032130
FIG_00028965,FIG_00028967,FIG_00029785
FIG_00028965,FIG_00028967,FIG_00031609
FIG_00028965,FIG_00028967,FIG_00034620
FIG_00028965,FIG_00028967,FIG_00030457
FIG_00005541,FIG_00005543,FIG_00006117
FIG_00005541,FIG_00005543,FIG_00028101
FIG_00005541,FIG_00005543,FIG_00006897
FIG_00005541,FIG_00005543,FIG_00006116
FIG_00005541,FIG_00005543,FIG_00008342
FIG_00000813,FIG_00000815,FIG_00033282
FIG_00000813,FIG_00000815,FIG_00011936
FIG_00000813,FIG_00000815,FIG_00003021
FIG_00000813,FIG_00000815,FIG_00032398
FIG_00000813,FIG_00000815,FIG_00004705
FIG_00000813,FIG_00000816,FIG_00033282
FIG_00000813,FIG_00000816,FIG_00011936
FIG_00000813,FIG_00000816,FIG_00003021
FIG_00000813,FIG_00000816,FIG_00032398
FIG_00000813,FIG_00000816,FIG_00004705
FIG_00027727,FIG_00027730,FIG_00034838
FIG_00027727,FIG_00027730,FIG_00034730
FIG_00027727,FIG_00027730,FIG_00029431
FIG_00027727,FIG_00027729,FIG_00034838
FIG_00027727,FIG_00027729,FIG_00034730
FIG_00027727,FIG_00027729,FIG_00029431
FIG_00010304,FIG_00010305,FIG_00013150
FIG_00010304,FIG_00010305,FIG_00015300
FIG_00010304,FIG_00010305,FIG_00031244
FIG_00010304,FIG_00010305,FIG_00017754
FIG_00010304,FIG_00010305,FIG_00030790
FIG_00006557,FIG_00006560,FIG_00006559
FIG_00006557,FIG_00006560,FIG_00029250
FIG_00006557,FIG_00006560,FIG_00006558
FIG_00006557,FIG_00006560,FIG_00010002
FIG_00006557,FIG_00006560,FIG_00034485
FIG_00030989,FIG_00030991,FIG_00032897
FIG_00030989,FIG_00030991,FIG_00032487
FIG_00030989,FIG_00030991,FIG_00031934
FIG_00030989,FIG_00030993,FIG_00032897
FIG_00030989,FIG_00030993,FIG_00032487
FIG_00030989,FIG_00030993,FIG_00031934
FIG_00030989,FIG_00030992,FIG_00032897
FIG_00030989,FIG_00030992,FIG_00032487
FIG_00030989,FIG_00030992,FIG_00031934
FIG_00017352,FIG_00017354,FIG_00024471
FIG_00017352,FIG_00017354,FIG_00024570
FIG_00017352,FIG_00017354,FIG_00021476
FIG_00017352,FIG_00017354,FIG_00023322
FIG_00017352,FIG_00017354,FIG_00031108
FIG_00007887,FIG_00007888,FIG_00007889
FIG_00007887,FIG_00007888,FIG_00007890
FIG_00007887,FIG_00007891,FIG_00007889
FIG_00007887,FIG_00007891,FIG_00007890
FIG_00007881,FIG_00007882,FIG_00007884
FIG_00007881,FIG_00007891,FIG_00007884
FIG_00033291,FIG_00033292,FIG_00033840
FIG_00033291,FIG_00033292,FIG_00033813
FIG_00033291,FIG_00033292,FIG_00033827
FIG_00033291,FIG_00033292,FIG_00033844
FIG_00033291,FIG_00033292,FIG_00033845
FIG_00031249,FIG_00031251,FIG_00033204
FIG_00031249,FIG_00031251,FIG_00033541
FIG_00010319,FIG_00010325,FIG_00030380
FIG_00010319,FIG_00010325,FIG_00010689
FIG_00010319,FIG_00010325,FIG_00010323
FIG_00010319,FIG_00010325,FIG_00010688
FIG_00010319,FIG_00010325,FIG_00015303
FIG_00000509,FIG_00000541,FIG_00011748
FIG_00000509,FIG_00000541,FIG_00020657
FIG_00000509,FIG_00000541,FIG_00030414
FIG_00000509,FIG_00000541,FIG_00019497
FIG_00000509,FIG_00000541,FIG_00011746
FIG_00023531,FIG_00026598,FIG_00031575
FIG_00023531,FIG_00026598,FIG_00031374
FIG_00023531,FIG_00029673,FIG_00031575
FIG_00023531,FIG_00029673,FIG_00031374
FIG_00020532,FIG_00020533,FIG_00034791
FIG_00020532,FIG_00020533,FIG_00033170
FIG_00020532,FIG_00020533,FIG_00023776
FIG_00020532,FIG_00020533,FIG_00033032
FIG_00020532,FIG_00020533,FIG_00023828
FIG_00004938,FIG_00004940,FIG_00022583
FIG_00004938,FIG_00004940,FIG_00032018
FIG_00004938,FIG_00004940,FIG_00029248
FIG_00004938,FIG_00004940,FIG_00029785
FIG_00004938,FIG_00004940,FIG_00033790
FIG_00007930,FIG_00007931,FIG_00029751
FIG_00007930,FIG_00007931,FIG_00030828
FIG_00007930,FIG_00007931,FIG_00024023
FIG_00007930,FIG_00007931,FIG_00027358
FIG_00007930,FIG_00007931,FIG_00029956
FIG_00030832,FIG_00030833,FIG_00031392
FIG_00030832,FIG_00030833,FIG_00031329
FIG_00030832,FIG_00030833,FIG_00031477
FIG_00030832,FIG_00030833,FIG_00033370
FIG_00030832,FIG_00030833,FIG_00030834
FIG_00003722,FIG_00003724,FIG_00009398
FIG_00003722,FIG_00003724,FIG_00030808
FIG_00003722,FIG_00003724,FIG_00007448
FIG_00003722,FIG_00003724,FIG_00030082
FIG_00003722,FIG_00003724,FIG_00018055
FIG_00003722,FIG_00003725,FIG_00009398
FIG_00003722,FIG_00003725,FIG_00030808
FIG_00003722,FIG_00003725,FIG_00007448
FIG_00003722,FIG_00003725,FIG_00030082
FIG_00003722,FIG_00003725,FIG_00018055
FIG_00005273,FIG_00005274,FIG_00008738
FIG_00005273,FIG_00005274,FIG_00011048
FIG_00005273,FIG_00005274,FIG_00011039
FIG_00005273,FIG_00005274,FIG_00011038
FIG_00005273,FIG_00005274,FIG_00011034
FIG_00013240,FIG_00013241,FIG_00021974
FIG_00013240,FIG_00013241,FIG_00030866
FIG_00013240,FIG_00013241,FIG_00014519
FIG_00013240,FIG_00013241,FIG_00030868
FIG_00013240,FIG_00013241,FIG_00030869
FIG_00029531,FIG_00029532,FIG_00030677
FIG_00029531,FIG_00029532,FIG_00033523
FIG_00013153,FIG_00013154,FIG_00019350
FIG_00013153,FIG_00013154,FIG_00015801
FIG_00013153,FIG_00013154,FIG_00028386
FIG_00013153,FIG_00013154,FIG_00028938
FIG_00013153,FIG_00013155,FIG_00019350
FIG_00013153,FIG_00013155,FIG_00015801
FIG_00013153,FIG_00013155,FIG_00028386
FIG_00013153,FIG_00013155,FIG_00028938
FIG_00030738,FIG_00030741,FIG_00030742
FIG_00030738,FIG_00030741,FIG_00030748
FIG_00030738,FIG_00030741,FIG_00030754
FIG_00030738,FIG_00030741,FIG_00030767
FIG_00030738,FIG_00030741,FIG_00030747
FIG_00030769,FIG_00030771,FIG_00031335
FIG_00030769,FIG_00030771,FIG_00031334
FIG_00030769,FIG_00030771,FIG_00033001
FIG_00030769,FIG_00030771,FIG_00033000
FIG_00030769,FIG_00030772,FIG_00031335
FIG_00030769,FIG_00030772,FIG_00031334
FIG_00030769,FIG_00030772,FIG_00033001
FIG_00030769,FIG_00030772,FIG_00033000
FIG_00030769,FIG_00030770,FIG_00031335
FIG_00030769,FIG_00030770,FIG_00031334
FIG_00030769,FIG_00030770,FIG_00033001
FIG_00030769,FIG_00030770,FIG_00033000
FIG_00031163,FIG_00031164,FIG_00032852
FIG_00031163,FIG_00031164,FIG_00031963
FIG_00031163,FIG_00031164,FIG_00034268
FIG_00031163,FIG_00031166,FIG_00032852
FIG_00031163,FIG_00031166,FIG_00031963
FIG_00031163,FIG_00031166,FIG_00034268
FIG_00031163,FIG_00031165,FIG_00032852
FIG_00031163,FIG_00031165,FIG_00031963
FIG_00031163,FIG_00031165,FIG_00034268
FIG_00003893,FIG_00003894,FIG_00004914
FIG_00003893,FIG_00003894,FIG_00008340
FIG_00003893,FIG_00003894,FIG_00024217
FIG_00003893,FIG_00003894,FIG_00004414
FIG_00003893,FIG_00003894,FIG_00005141
FIG_00024673,FIG_00024674,FIG_00033785
FIG_00024673,FIG_00024674,FIG_00029248
FIG_00024673,FIG_00024674,FIG_00024750
FIG_00024673,FIG_00024674,FIG_00033787
FIG_00024673,FIG_00024674,FIG_00031287
FIG_00034045,FIG_00034049,FIG_00034047
FIG_00034045,FIG_00034049,FIG_00034123
FIG_00003466,FIG_00003470,FIG_00022345
FIG_00003466,FIG_00003470,FIG_00005362
FIG_00003466,FIG_00003470,FIG_00003467
FIG_00003466,FIG_00003470,FIG_00011365
FIG_00003466,FIG_00003470,FIG_00017138
FIG_00003466,FIG_00003468,FIG_00022345
FIG_00003466,FIG_00003468,FIG_00005362
FIG_00003466,FIG_00003468,FIG_00003467
FIG_00003466,FIG_00003468,FIG_00011365
FIG_00003466,FIG_00003468,FIG_00017138
FIG_00003466,FIG_00003472,FIG_00022345
FIG_00003466,FIG_00003472,FIG_00005362
FIG_00003466,FIG_00003472,FIG_00003467
FIG_00003466,FIG_00003472,FIG_00011365
FIG_00003466,FIG_00003472,FIG_00017138
FIG_00009190,FIG_00009192,FIG_00011252
FIG_00009190,FIG_00009192,FIG_00010029
FIG_00009190,FIG_00009192,FIG_00016218
FIG_00009190,FIG_00009192,FIG_00018216
FIG_00009190,FIG_00009192,FIG_00028721
FIG_00009190,FIG_00009191,FIG_00011252
FIG_00009190,FIG_00009191,FIG_00010029
FIG_00009190,FIG_00009191,FIG_00016218
FIG_00009190,FIG_00009191,FIG_00018216
FIG_00009190,FIG_00009191,FIG_00028721
FIG_00023845,FIG_00023846,FIG_00028624
FIG_00033892,FIG_00033900,FIG_00033901
FIG_00006489,FIG_00006490,FIG_00025542
FIG_00006489,FIG_00006490,FIG_00030734
FIG_00006489,FIG_00006490,FIG_00032272
FIG_00006489,FIG_00006490,FIG_00030351
FIG_00006489,FIG_00006490,FIG_00021489
FIG_00006489,FIG_00006493,FIG_00025542
FIG_00006489,FIG_00006493,FIG_00030734
FIG_00006489,FIG_00006493,FIG_00032272
FIG_00006489,FIG_00006493,FIG_00030351
FIG_00006489,FIG_00006493,FIG_00021489
FIG_00006244,FIG_00006245,FIG_00031958
FIG_00006244,FIG_00006245,FIG_00031189
FIG_00006244,FIG_00006245,FIG_00022574
FIG_00006244,FIG_00006245,FIG_00029223
FIG_00006244,FIG_00006245,FIG_00031964
FIG_00009812,FIG_00009813,FIG_00014634
FIG_00009812,FIG_00009813,FIG_00010572
FIG_00033123,FIG_00033135,FIG_00033134
FIG_00033123,FIG_00033135,FIG_00033128
FIG_00031157,FIG_00031173,FIG_00033521
FIG_00031157,FIG_00031173,FIG_00032852
FIG_00031157,FIG_00031173,FIG_00031964
FIG_00031157,FIG_00031173,FIG_00033523
FIG_00009447,FIG_00009448,FIG_00029070
FIG_00009447,FIG_00009448,FIG_00034517
FIG_00009447,FIG_00009448,FIG_00016690
FIG_00009447,FIG_00009448,FIG_00025795
FIG_00009447,FIG_00009448,FIG_00033284
FIG_00030991,FIG_00030992,FIG_00032897
FIG_00030991,FIG_00030992,FIG_00032487
FIG_00030991,FIG_00030992,FIG_00031934
FIG_00030991,FIG_00030992,FIG_00031719
FIG_00030991,FIG_00030993,FIG_00032897
FIG_00030991,FIG_00030993,FIG_00032487
FIG_00030991,FIG_00030993,FIG_00031934
FIG_00030991,FIG_00030993,FIG_00031719
FIG_00032322,FIG_00032323,FIG_00032391
FIG_00032322,FIG_00032323,FIG_00034573
FIG_00006388,FIG_00006390,FIG_00019567
FIG_00006388,FIG_00006390,FIG_00033468
FIG_00006388,FIG_00006390,FIG_00024510
FIG_00006388,FIG_00006390,FIG_00024508
FIG_00006388,FIG_00006390,FIG_00009656
FIG_00006388,FIG_00006389,FIG_00019567
FIG_00006388,FIG_00006389,FIG_00033468
FIG_00006388,FIG_00006389,FIG_00024510
FIG_00006388,FIG_00006389,FIG_00024508
FIG_00006388,FIG_00006389,FIG_00009656
FIG_00010914,FIG_00010915,FIG_00030644
FIG_00010914,FIG_00010915,FIG_00033439
FIG_00010914,FIG_00010915,FIG_00031295
FIG_00010914,FIG_00010915,FIG_00031147
FIG_00010914,FIG_00010915,FIG_00011663
FIG_00005994,FIG_00005995,FIG_00020304
FIG_00005994,FIG_00005995,FIG_00020309
FIG_00005994,FIG_00005995,FIG_00019549
FIG_00005994,FIG_00005995,FIG_00012131
FIG_00005994,FIG_00005995,FIG_00020311
FIG_00014061,FIG_00014062,FIG_00030555
FIG_00014061,FIG_00014062,FIG_00027098
FIG_00014061,FIG_00014062,FIG_00030556
FIG_00014061,FIG_00014062,FIG_00030194
FIG_00014061,FIG_00014062,FIG_00031379
FIG_00005260,FIG_00005261,FIG_00006656
FIG_00005260,FIG_00005261,FIG_00011447
FIG_00005260,FIG_00005261,FIG_00011449
FIG_00005752,FIG_00005753,FIG_00012438
FIG_00005752,FIG_00005753,FIG_00020092
FIG_00005752,FIG_00005753,FIG_00007934
FIG_00005752,FIG_00005753,FIG_00029966
FIG_00005752,FIG_00005753,FIG_00033821
FIG_00007880,FIG_00007883,FIG_00007890
FIG_00007880,FIG_00007883,FIG_00007889
FIG_00032553,FIG_00032555,FIG_00033946
FIG_00032553,FIG_00032555,FIG_00034078
FIG_00032553,FIG_00032555,FIG_00034824
FIG_00032553,FIG_00032555,FIG_00033968
FIG_00010086,FIG_00010087,FIG_00010088
FIG_00010086,FIG_00010087,FIG_00010089
FIG_00020309,FIG_00020311,FIG_00020911
FIG_00020309,FIG_00020311,FIG_00032601
FIG_00020309,FIG_00020311,FIG_00031343
FIG_00020309,FIG_00020311,FIG_00028764
FIG_00020309,FIG_00020311,FIG_00033115
FIG_00028671,FIG_00028672,FIG_00028681
FIG_00028671,FIG_00028672,FIG_00030283
FIG_00003553,FIG_00020905,FIG_00006572
FIG_00003553,FIG_00020905,FIG_00020488
FIG_00003553,FIG_00020905,FIG_00026000
FIG_00003553,FIG_00020905,FIG_00028889
FIG_00003553,FIG_00020905,FIG_00029365
FIG_00003553,FIG_00020904,FIG_00006572
FIG_00003553,FIG_00020904,FIG_00020488
FIG_00003553,FIG_00020904,FIG_00026000
FIG_00003553,FIG_00020904,FIG_00028889
FIG_00003553,FIG_00020904,FIG_00029365
FIG_00020853,FIG_00020854,FIG_00029249
FIG_00020853,FIG_00020854,FIG_00031038
FIG_00020853,FIG_00020854,FIG_00028836
FIG_00020853,FIG_00020854,FIG_00030104
FIG_00020853,FIG_00020854,FIG_00032754
FIG_00010533,FIG_00010539,FIG_00018405
FIG_00010533,FIG_00010539,FIG_00016589
FIG_00010533,FIG_00010539,FIG_00016590
FIG_00010533,FIG_00010539,FIG_00029313
FIG_00010533,FIG_00010539,FIG_00034379
FIG_00010533,FIG_00010536,FIG_00018405
FIG_00010533,FIG_00010536,FIG_00016589
FIG_00010533,FIG_00010536,FIG_00016590
FIG_00010533,FIG_00010536,FIG_00029313
FIG_00010533,FIG_00010536,FIG_00034379
FIG_00020399,FIG_00020400,FIG_00020401
FIG_00001327,FIG_00006613,FIG_00027180
FIG_00001327,FIG_00006613,FIG_00016972
FIG_00001327,FIG_00006613,FIG_00021487
FIG_00001327,FIG_00006613,FIG_00021296
FIG_00001327,FIG_00006613,FIG_00033878
FIG_00001327,FIG_00006612,FIG_00027180
FIG_00001327,FIG_00006612,FIG_00016972
FIG_00001327,FIG_00006612,FIG_00021487
FIG_00001327,FIG_00006612,FIG_00021296
FIG_00001327,FIG_00006612,FIG_00033878
FIG_00034342,FIG_00034343,FIG_00034344
FIG_00003032,FIG_00003033,FIG_00003042
FIG_00003032,FIG_00003033,FIG_00019756
FIG_00003032,FIG_00003033,FIG_00022740
FIG_00003032,FIG_00003033,FIG_00017194
FIG_00003032,FIG_00003033,FIG_00031986
FIG_00003032,FIG_00003035,FIG_00003042
FIG_00003032,FIG_00003035,FIG_00019756
FIG_00003032,FIG_00003035,FIG_00022740
FIG_00003032,FIG_00003035,FIG_00017194
FIG_00003032,FIG_00003035,FIG_00031986
FIG_00003032,FIG_00003034,FIG_00003042
FIG_00003032,FIG_00003034,FIG_00019756
FIG_00003032,FIG_00003034,FIG_00022740
FIG_00003032,FIG_00003034,FIG_00017194
FIG_00003032,FIG_00003034,FIG_00031986
FIG_00017516,FIG_00017517,FIG_00017519
FIG_00017516,FIG_00017517,FIG_00017526
FIG_00017516,FIG_00017517,FIG_00017524
FIG_00017516,FIG_00017517,FIG_00017523
FIG_00017516,FIG_00017517,FIG_00018747
FIG_00033753,FIG_00033754,FIG_00033762
FIG_00033753,FIG_00033754,FIG_00033755
FIG_00033753,FIG_00033754,FIG_00033756
FIG_00026032,FIG_00026033,FIG_00034766
FIG_00026032,FIG_00026033,FIG_00026603
FIG_00026032,FIG_00026033,FIG_00033402
FIG_00026032,FIG_00026033,FIG_00026038
FIG_00009195,FIG_00009196,FIG_00024217
FIG_00009195,FIG_00009196,FIG_00013501
FIG_00009195,FIG_00009196,FIG_00032495
FIG_00009195,FIG_00009196,FIG_00032936
FIG_00009195,FIG_00009196,FIG_00013503
FIG_00018630,FIG_00018633,FIG_00026817
FIG_00018630,FIG_00018633,FIG_00034064
FIG_00018630,FIG_00018633,FIG_00030549
FIG_00018630,FIG_00018633,FIG_00019607
FIG_00018630,FIG_00018633,FIG_00018893
FIG_00006837,FIG_00006838,FIG_00029886
FIG_00006837,FIG_00006838,FIG_00022634
FIG_00006837,FIG_00006838,FIG_00018087
FIG_00006837,FIG_00006838,FIG_00009069
FIG_00006837,FIG_00006838,FIG_00018794
FIG_00011862,FIG_00011864,FIG_00015110
FIG_00011862,FIG_00011864,FIG_00017103
FIG_00011862,FIG_00011864,FIG_00019321
FIG_00011862,FIG_00011864,FIG_00019320
FIG_00011862,FIG_00011864,FIG_00017537
FIG_00011862,FIG_00011863,FIG_00015110
FIG_00011862,FIG_00011863,FIG_00017103
FIG_00011862,FIG_00011863,FIG_00019321
FIG_00011862,FIG_00011863,FIG_00019320
FIG_00011862,FIG_00011863,FIG_00017537
FIG_00011862,FIG_00011865,FIG_00015110
FIG_00011862,FIG_00011865,FIG_00017103
FIG_00011862,FIG_00011865,FIG_00019321
FIG_00011862,FIG_00011865,FIG_00019320
FIG_00011862,FIG_00011865,FIG_00017537
FIG_00019203,FIG_00019204,FIG_00019205
FIG_00019203,FIG_00019204,FIG_00019206
FIG_00021109,FIG_00021110,FIG_00030516
FIG_00021109,FIG_00021110,FIG_00034706
FIG_00021109,FIG_00021110,FIG_00031048
FIG_00021109,FIG_00021110,FIG_00034597
FIG_00011229,FIG_00011236,FIG_00033965
FIG_00011229,FIG_00011236,FIG_00013055
FIG_00011229,FIG_00011236,FIG_00018062
FIG_00011229,FIG_00011236,FIG_00031221
FIG_00011229,FIG_00011236,FIG_00018063
FIG_00011229,FIG_00011237,FIG_00033965
FIG_00011229,FIG_00011237,FIG_00013055
FIG_00011229,FIG_00011237,FIG_00018062
FIG_00011229,FIG_00011237,FIG_00031221
FIG_00011229,FIG_00011237,FIG_00018063
FIG_00034068,FIG_00034075,FIG_00034081
FIG_00034068,FIG_00034075,FIG_00034077
FIG_00034068,FIG_00034075,FIG_00034071
FIG_00034068,FIG_00034075,FIG_00034070
FIG_00034068,FIG_00034075,FIG_00034076
FIG_00002038,FIG_00002039,FIG_00029117
FIG_00002038,FIG_00002039,FIG_00010448
FIG_00002038,FIG_00002039,FIG_00003340
FIG_00030990,FIG_00030992,FIG_00032897
FIG_00030990,FIG_00030992,FIG_00031719
FIG_00030990,FIG_00030992,FIG_00031934
FIG_00030990,FIG_00030992,FIG_00032487
FIG_00030990,FIG_00030992,FIG_00032456
FIG_00030990,FIG_00030993,FIG_00032897
FIG_00030990,FIG_00030993,FIG_00031719
FIG_00030990,FIG_00030993,FIG_00031934
FIG_00030990,FIG_00030993,FIG_00032487
FIG_00030990,FIG_00030993,FIG_00032456
FIG_00018309,FIG_00018314,FIG_00034855
FIG_00018309,FIG_00018314,FIG_00029431
FIG_00018309,FIG_00018314,FIG_00029438
FIG_00032557,FIG_00032559,FIG_00033571
FIG_00032557,FIG_00032559,FIG_00033989
FIG_00032557,FIG_00032558,FIG_00033571
FIG_00032557,FIG_00032558,FIG_00033989
FIG_00032767,FIG_00032768,FIG_00033862
FIG_00032767,FIG_00032768,FIG_00033856
FIG_00003714,FIG_00003715,FIG_00029811
FIG_00003714,FIG_00003715,FIG_00003725
FIG_00003714,FIG_00003715,FIG_00010511
FIG_00003714,FIG_00003715,FIG_00010510
FIG_00003714,FIG_00003715,FIG_00003717
FIG_00030763,FIG_00030772,FIG_00031256
FIG_00030763,FIG_00030772,FIG_00031025
FIG_00030763,FIG_00030772,FIG_00032527
FIG_00030763,FIG_00030772,FIG_00034255
FIG_00030763,FIG_00030770,FIG_00031256
FIG_00030763,FIG_00030770,FIG_00031025
FIG_00030763,FIG_00030770,FIG_00032527
FIG_00030763,FIG_00030770,FIG_00034255
FIG_00015086,FIG_00015087,FIG_00020498
FIG_00015086,FIG_00015087,FIG_00023710
FIG_00015086,FIG_00015087,FIG_00024233
FIG_00015086,FIG_00015087,FIG_00024547
FIG_00015086,FIG_00015087,FIG_00018142
FIG_00018741,FIG_00018742,FIG_00031343
FIG_00018741,FIG_00018742,FIG_00031074
FIG_00018741,FIG_00018742,FIG_00020911
FIG_00018741,FIG_00018742,FIG_00032364
FIG_00018741,FIG_00018742,FIG_00031842
FIG_00018741,FIG_00018743,FIG_00031343
FIG_00018741,FIG_00018743,FIG_00031074
FIG_00018741,FIG_00018743,FIG_00020911
FIG_00018741,FIG_00018743,FIG_00032364
FIG_00018741,FIG_00018743,FIG_00031842
FIG_00018741,FIG_00018745,FIG_00031343
FIG_00018741,FIG_00018745,FIG_00031074
FIG_00018741,FIG_00018745,FIG_00020911
FIG_00018741,FIG_00018745,FIG_00032364
FIG_00018741,FIG_00018745,FIG_00031842
FIG_00010336,FIG_00010338,FIG_00016225
FIG_00010336,FIG_00010338,FIG_00034697
FIG_00010336,FIG_00010338,FIG_00025734
FIG_00010336,FIG_00010338,FIG_00031211
FIG_00010336,FIG_00010338,FIG_00011257
FIG_00010336,FIG_00010341,FIG_00016225
FIG_00010336,FIG_00010341,FIG_00034697
FIG_00010336,FIG_00010341,FIG_00025734
FIG_00010336,FIG_00010341,FIG_00031211
FIG_00010336,FIG_00010341,FIG_00011257
FIG_00010336,FIG_00010337,FIG_00016225
FIG_00010336,FIG_00010337,FIG_00034697
FIG_00010336,FIG_00010337,FIG_00025734
FIG_00010336,FIG_00010337,FIG_00031211
FIG_00010336,FIG_00010337,FIG_00011257
FIG_00009519,FIG_00009520,FIG_00016101
FIG_00009519,FIG_00009520,FIG_00024600
FIG_00009519,FIG_00009520,FIG_00033010
FIG_00007882,FIG_00007885,FIG_00007889
FIG_00007882,FIG_00007885,FIG_00007886
FIG_00007882,FIG_00007885,FIG_00007890
FIG_00007882,FIG_00007885,FIG_00007884
FIG_00007882,FIG_00007891,FIG_00007889
FIG_00007882,FIG_00007891,FIG_00007886
FIG_00007882,FIG_00007891,FIG_00007890
FIG_00007882,FIG_00007891,FIG_00007884
FIG_00007882,FIG_00007887,FIG_00007889
FIG_00007882,FIG_00007887,FIG_00007886
FIG_00007882,FIG_00007887,FIG_00007890
FIG_00007882,FIG_00007887,FIG_00007884
FIG_00030260,FIG_00030261,FIG_00032470
FIG_00030260,FIG_00030261,FIG_00033555
FIG_00029916,FIG_00029917,FIG_00031389
FIG_00011859,FIG_00011864,FIG_00015110
FIG_00011859,FIG_00011864,FIG_00017103
FIG_00011859,FIG_00011864,FIG_00017537
FIG_00011859,FIG_00011864,FIG_00019321
FIG_00011859,FIG_00011864,FIG_00019320
FIG_00011859,FIG_00011865,FIG_00015110
FIG_00011859,FIG_00011865,FIG_00017103
FIG_00011859,FIG_00011865,FIG_00017537
FIG_00011859,FIG_00011865,FIG_00019321
FIG_00011859,FIG_00011865,FIG_00019320
FIG_00011859,FIG_00011861,FIG_00015110
FIG_00011859,FIG_00011861,FIG_00017103
FIG_00011859,FIG_00011861,FIG_00017537
FIG_00011859,FIG_00011861,FIG_00019321
FIG_00011859,FIG_00011861,FIG_00019320
FIG_00029379,FIG_00029380,FIG_00034213
FIG_00029379,FIG_00029380,FIG_00031212
FIG_00012808,FIG_00012809,FIG_00012818
FIG_00012808,FIG_00012809,FIG_00030618
FIG_00012808,FIG_00012809,FIG_00034326
FIG_00012808,FIG_00012809,FIG_00014289
FIG_00012808,FIG_00012809,FIG_00033400
FIG_00003002,FIG_00003006,FIG_00030239
FIG_00003002,FIG_00003006,FIG_00028546
FIG_00003002,FIG_00003003,FIG_00030239
FIG_00003002,FIG_00003003,FIG_00028546
FIG_00003002,FIG_00003004,FIG_00030239
FIG_00003002,FIG_00003004,FIG_00028546
FIG_00002932,FIG_00002934,FIG_00029047
FIG_00002932,FIG_00002934,FIG_00023797
FIG_00002932,FIG_00002934,FIG_00024579
FIG_00002932,FIG_00002934,FIG_00029046
FIG_00002932,FIG_00002934,FIG_00033149
FIG_00007919,FIG_00007920,FIG_00007923
FIG_00007919,FIG_00007920,FIG_00007922
FIG_00007919,FIG_00007920,FIG_00031529
FIG_00007919,FIG_00007920,FIG_00010912
FIG_00007919,FIG_00007920,FIG_00007935
FIG_00007919,FIG_00007921,FIG_00007923
FIG_00007919,FIG_00007921,FIG_00007922
FIG_00007919,FIG_00007921,FIG_00031529
FIG_00007919,FIG_00007921,FIG_00010912
FIG_00007919,FIG_00007921,FIG_00007935
FIG_00033126,FIG_00033136,FIG_00033134
FIG_00033126,FIG_00033135,FIG_00033134
FIG_00033126,FIG_00033127,FIG_00033134
FIG_00007577,FIG_00007581,FIG_00020280
FIG_00007577,FIG_00007581,FIG_00020279
FIG_00007577,FIG_00007585,FIG_00020280
FIG_00007577,FIG_00007585,FIG_00020279
FIG_00007577,FIG_00007579,FIG_00020280
FIG_00007577,FIG_00007579,FIG_00020279
FIG_00001955,FIG_00001956,FIG_00006104
FIG_00001955,FIG_00001956,FIG_00033512
FIG_00001955,FIG_00001956,FIG_00022634
FIG_00001955,FIG_00001956,FIG_00006109
FIG_00001955,FIG_00001956,FIG_00032886
FIG_00026853,FIG_00026856,FIG_00026859
FIG_00026853,FIG_00026856,FIG_00030486
FIG_00026853,FIG_00026856,FIG_00026860
FIG_00026853,FIG_00026855,FIG_00026859
FIG_00026853,FIG_00026855,FIG_00030486
FIG_00026853,FIG_00026855,FIG_00026860
FIG_00026853,FIG_00026854,FIG_00026859
FIG_00026853,FIG_00026854,FIG_00030486
FIG_00026853,FIG_00026854,FIG_00026860
FIG_00015645,FIG_00015646,FIG_00030344
FIG_00015645,FIG_00015646,FIG_00032927
FIG_00015645,FIG_00015646,FIG_00023624
FIG_00028775,FIG_00028776,FIG_00031226
FIG_00007926,FIG_00007934,FIG_00007927
FIG_00007926,FIG_00007934,FIG_00017513
FIG_00007926,FIG_00007934,FIG_00008833
FIG_00007926,FIG_00007934,FIG_00030003
FIG_00007926,FIG_00007934,FIG_00022432
FIG_00018139,FIG_00018142,FIG_00023710
FIG_00018139,FIG_00018142,FIG_00030543
FIG_00018139,FIG_00018142,FIG_00028659
FIG_00018139,FIG_00018142,FIG_00030544
FIG_00018139,FIG_00018142,FIG_00030148
FIG_00018139,FIG_00018140,FIG_00023710
FIG_00018139,FIG_00018140,FIG_00030543
FIG_00018139,FIG_00018140,FIG_00028659
FIG_00018139,FIG_00018140,FIG_00030544
FIG_00018139,FIG_00018140,FIG_00030148
FIG_00007121,FIG_00007122,FIG_00008437
FIG_00007121,FIG_00007122,FIG_00011080
FIG_00007121,FIG_00007122,FIG_00024082
FIG_00007121,FIG_00007122,FIG_00008438
FIG_00007121,FIG_00007122,FIG_00030293
FIG_00009221,FIG_00009222,FIG_00034509
FIG_00009221,FIG_00009222,FIG_00030753
FIG_00009221,FIG_00009222,FIG_00025227
FIG_00009221,FIG_00009222,FIG_00020869
FIG_00009221,FIG_00009222,FIG_00029434
FIG_00011411,FIG_00011412,FIG_00013702
FIG_00011411,FIG_00011412,FIG_00019607
FIG_00011411,FIG_00011412,FIG_00021175
FIG_00011411,FIG_00011412,FIG_00026792
FIG_00011411,FIG_00011412,FIG_00018103
FIG_00000527,FIG_00000529,FIG_00031776
FIG_00000527,FIG_00000529,FIG_00023380
FIG_00000527,FIG_00000529,FIG_00022892
FIG_00000527,FIG_00000529,FIG_00031620
FIG_00000527,FIG_00000529,FIG_00034323
FIG_00000527,FIG_00000528,FIG_00031776
FIG_00000527,FIG_00000528,FIG_00023380
FIG_00000527,FIG_00000528,FIG_00022892
FIG_00000527,FIG_00000528,FIG_00031620
FIG_00000527,FIG_00000528,FIG_00034323
FIG_00034194,FIG_00034195,FIG_00034198
FIG_00034194,FIG_00034196,FIG_00034198
FIG_00034194,FIG_00034215,FIG_00034198
FIG_00001953,FIG_00001954,FIG_00033512
FIG_00001953,FIG_00001954,FIG_00006109
FIG_00001953,FIG_00001954,FIG_00004813
FIG_00001953,FIG_00001954,FIG_00029439
FIG_00001953,FIG_00001954,FIG_00029239
FIG_00001953,FIG_00001956,FIG_00033512
FIG_00001953,FIG_00001956,FIG_00006109
FIG_00001953,FIG_00001956,FIG_00004813
FIG_00001953,FIG_00001956,FIG_00029439
FIG_00001953,FIG_00001956,FIG_00029239
FIG_00001953,FIG_00001955,FIG_00033512
FIG_00001953,FIG_00001955,FIG_00006109
FIG_00001953,FIG_00001955,FIG_00004813
FIG_00001953,FIG_00001955,FIG_00029439
FIG_00001953,FIG_00001955,FIG_00029239
FIG_00019668,FIG_00019670,FIG_00019671
FIG_00019668,FIG_00019670,FIG_00034509
FIG_00019668,FIG_00019670,FIG_00033395
FIG_00019668,FIG_00019670,FIG_00030753
FIG_00019668,FIG_00019670,FIG_00025579
FIG_00029105,FIG_00029106,FIG_00030312
FIG_00003846,FIG_00003848,FIG_00029351
FIG_00003846,FIG_00003848,FIG_00029452
FIG_00003846,FIG_00003848,FIG_00031609
FIG_00003846,FIG_00003848,FIG_00028800
FIG_00003846,FIG_00003848,FIG_00009442
FIG_00003846,FIG_00003849,FIG_00029351
FIG_00003846,FIG_00003849,FIG_00029452
FIG_00003846,FIG_00003849,FIG_00031609
FIG_00003846,FIG_00003849,FIG_00028800
FIG_00003846,FIG_00003849,FIG_00009442
FIG_00003846,FIG_00003851,FIG_00029351
FIG_00003846,FIG_00003851,FIG_00029452
FIG_00003846,FIG_00003851,FIG_00031609
FIG_00003846,FIG_00003851,FIG_00028800
FIG_00003846,FIG_00003851,FIG_00009442
FIG_00004894,FIG_00006686,FIG_00019945
FIG_00004894,FIG_00004895,FIG_00019945
FIG_00027732,FIG_00027733,FIG_00031396
FIG_00027732,FIG_00027733,FIG_00027825
FIG_00027732,FIG_00027733,FIG_00032562
FIG_00027732,FIG_00027733,FIG_00031243
FIG_00027732,FIG_00027733,FIG_00028132
FIG_00005955,FIG_00005956,FIG_00029394
FIG_00005955,FIG_00005956,FIG_00010727
FIG_00020395,FIG_00020396,FIG_00021915
FIG_00020395,FIG_00020396,FIG_00027680
FIG_00020395,FIG_00020396,FIG_00029869
FIG_00020395,FIG_00020396,FIG_00029870
FIG_00020395,FIG_00020396,FIG_00024732
FIG_00008627,FIG_00008628,FIG_00008980
FIG_00008627,FIG_00008628,FIG_00034066
FIG_00008627,FIG_00008628,FIG_00034070
FIG_00008627,FIG_00008628,FIG_00025076
FIG_00008627,FIG_00008628,FIG_00025078
FIG_00032934,FIG_00032935,FIG_00034646
FIG_00000528,FIG_00000529,FIG_00029291
FIG_00000528,FIG_00000529,FIG_00031776
FIG_00000528,FIG_00000529,FIG_00030733
FIG_00000528,FIG_00000529,FIG_00031620
FIG_00000528,FIG_00000529,FIG_00007338
FIG_00003338,FIG_00003341,FIG_00003344
FIG_00003338,FIG_00003341,FIG_00018069
FIG_00003338,FIG_00003341,FIG_00005235
FIG_00003338,FIG_00003341,FIG_00033376
FIG_00003338,FIG_00003341,FIG_00014430
FIG_00003338,FIG_00003343,FIG_00003344
FIG_00003338,FIG_00003343,FIG_00018069
FIG_00003338,FIG_00003343,FIG_00005235
FIG_00003338,FIG_00003343,FIG_00033376
FIG_00003338,FIG_00003343,FIG_00014430
FIG_00021629,FIG_00021630,FIG_00024126
FIG_00021629,FIG_00021630,FIG_00030698
FIG_00027456,FIG_00027462,FIG_00033280
FIG_00027456,FIG_00027462,FIG_00034193
FIG_00027456,FIG_00027462,FIG_00031456
FIG_00010715,FIG_00010716,FIG_00034003
FIG_00010715,FIG_00010716,FIG_00033032
FIG_00010715,FIG_00010716,FIG_00025457
FIG_00032545,FIG_00032551,FIG_00032547
FIG_00032545,FIG_00032551,FIG_00032653
FIG_00032545,FIG_00032551,FIG_00033856
FIG_00032545,FIG_00032551,FIG_00033858
FIG_00032545,FIG_00032546,FIG_00032547
FIG_00032545,FIG_00032546,FIG_00032653
FIG_00032545,FIG_00032546,FIG_00033856
FIG_00032545,FIG_00032546,FIG_00033858
FIG_00032545,FIG_00032550,FIG_00032547
FIG_00032545,FIG_00032550,FIG_00032653
FIG_00032545,FIG_00032550,FIG_00033856
FIG_00032545,FIG_00032550,FIG_00033858
FIG_00009807,FIG_00009811,FIG_00020250
FIG_00009807,FIG_00009811,FIG_00015139
FIG_00009807,FIG_00009814,FIG_00020250
FIG_00009807,FIG_00009814,FIG_00015139
FIG_00003909,FIG_00003910,FIG_00030869
FIG_00003909,FIG_00003910,FIG_00025497
FIG_00003909,FIG_00003910,FIG_00029117
FIG_00003909,FIG_00003910,FIG_00007210
FIG_00003909,FIG_00003910,FIG_00006467
FIG_00003419,FIG_00003421,FIG_00027199
FIG_00003419,FIG_00003421,FIG_00031091
FIG_00003419,FIG_00003421,FIG_00030717
FIG_00003419,FIG_00003421,FIG_00006109
FIG_00003419,FIG_00003421,FIG_00006110
FIG_00003419,FIG_00003420,FIG_00027199
FIG_00003419,FIG_00003420,FIG_00031091
FIG_00003419,FIG_00003420,FIG_00030717
FIG_00003419,FIG_00003420,FIG_00006109
FIG_00003419,FIG_00003420,FIG_00006110
FIG_00003419,FIG_00003422,FIG_00027199
FIG_00003419,FIG_00003422,FIG_00031091
FIG_00003419,FIG_00003422,FIG_00030717
FIG_00003419,FIG_00003422,FIG_00006109
FIG_00003419,FIG_00003422,FIG_00006110
FIG_00029866,FIG_00029869,FIG_00034671
FIG_00029866,FIG_00029869,FIG_00034672
FIG_00029866,FIG_00029869,FIG_00033625
FIG_00029866,FIG_00029870,FIG_00034671
FIG_00029866,FIG_00029870,FIG_00034672
FIG_00029866,FIG_00029870,FIG_00033625
FIG_00014077,FIG_00014079,FIG_00014078
FIG_00006233,FIG_00006236,FIG_00020488
FIG_00006233,FIG_00006236,FIG_00009343
FIG_00006233,FIG_00006236,FIG_00009500
FIG_00006233,FIG_00006236,FIG_00028989
FIG_00006233,FIG_00006236,FIG_00009498
FIG_00006233,FIG_00006234,FIG_00020488
FIG_00006233,FIG_00006234,FIG_00009343
FIG_00006233,FIG_00006234,FIG_00009500
FIG_00006233,FIG_00006234,FIG_00028989
FIG_00006233,FIG_00006234,FIG_00009498
FIG_00029371,FIG_00029381,FIG_00029377
FIG_00029371,FIG_00029381,FIG_00029379
FIG_00029371,FIG_00029381,FIG_00029380
FIG_00003711,FIG_00003719,FIG_00003721
FIG_00003711,FIG_00003719,FIG_00010075
FIG_00003711,FIG_00003719,FIG_00007385
FIG_00003711,FIG_00003719,FIG_00005055
FIG_00003711,FIG_00003719,FIG_00009154
FIG_00003711,FIG_00003716,FIG_00003721
FIG_00003711,FIG_00003716,FIG_00010075
FIG_00003711,FIG_00003716,FIG_00007385
FIG_00003711,FIG_00003716,FIG_00005055
FIG_00003711,FIG_00003716,FIG_00009154
FIG_00029076,FIG_00029077,FIG_00029759
FIG_00029076,FIG_00029077,FIG_00029078
FIG_00029076,FIG_00029077,FIG_00029181
FIG_00029076,FIG_00029077,FIG_00029388
FIG_00029076,FIG_00029077,FIG_00032361
FIG_00000490,FIG_00000491,FIG_00000492
FIG_00000490,FIG_00000491,FIG_00025598
FIG_00000490,FIG_00000491,FIG_00031093
FIG_00000490,FIG_00000491,FIG_00031094
FIG_00000490,FIG_00000491,FIG_00025600
FIG_00001868,FIG_00001871,FIG_00032617
FIG_00001868,FIG_00001871,FIG_00011778
FIG_00001868,FIG_00001871,FIG_00011265
FIG_00001868,FIG_00001871,FIG_00012570
FIG_00001868,FIG_00001871,FIG_00024725
FIG_00023092,FIG_00023093,FIG_00023094
FIG_00002481,FIG_00002482,FIG_00004124
FIG_00002481,FIG_00002482,FIG_00008152
FIG_00002481,FIG_00002482,FIG_00023049
FIG_00002481,FIG_00002482,FIG_00003509
FIG_00002481,FIG_00002482,FIG_00022537
FIG_00002481,FIG_00002483,FIG_00004124
FIG_00002481,FIG_00002483,FIG_00008152
FIG_00002481,FIG_00002483,FIG_00023049
FIG_00002481,FIG_00002483,FIG_00003509
FIG_00002481,FIG_00002483,FIG_00022537
FIG_00000559,FIG_00001278,FIG_00001736
FIG_00000559,FIG_00001278,FIG_00001735
FIG_00000559,FIG_00001278,FIG_00020957
FIG_00000559,FIG_00016606,FIG_00001736
FIG_00000559,FIG_00016606,FIG_00001735
FIG_00000559,FIG_00016606,FIG_00020957
FIG_00000559,FIG_00001279,FIG_00001736
FIG_00000559,FIG_00001279,FIG_00001735
FIG_00000559,FIG_00001279,FIG_00020957
FIG_00019919,FIG_00019920,FIG_00034919
FIG_00019919,FIG_00019920,FIG_00027580
FIG_00019919,FIG_00019920,FIG_00034904
FIG_00019919,FIG_00019920,FIG_00020261
FIG_00019919,FIG_00019920,FIG_00029487
FIG_00019335,FIG_00019340,FIG_00027280
FIG_00019335,FIG_00019340,FIG_00027284
FIG_00019335,FIG_00019340,FIG_00028383
FIG_00019335,FIG_00019340,FIG_00021127
FIG_00019335,FIG_00019340,FIG_00026151
FIG_00011044,FIG_00011049,FIG_00021539
FIG_00011044,FIG_00011049,FIG_00025929
FIG_00011044,FIG_00011049,FIG_00020306
FIG_00011044,FIG_00011049,FIG_00022657
FIG_00011044,FIG_00011049,FIG_00022666
FIG_00006490,FIG_00006493,FIG_00025542
FIG_00006490,FIG_00006493,FIG_00032272
FIG_00006490,FIG_00006493,FIG_00030734
FIG_00006490,FIG_00006493,FIG_00033488
FIG_00006490,FIG_00006493,FIG_00030351
FIG_00001385,FIG_00001386,FIG_00021779
FIG_00001385,FIG_00001386,FIG_00010650
FIG_00001385,FIG_00001386,FIG_00018581
FIG_00001385,FIG_00001386,FIG_00026560
FIG_00001385,FIG_00001386,FIG_00005909
FIG_00020964,FIG_00020971,FIG_00027176
FIG_00020964,FIG_00020971,FIG_00031475
FIG_00020964,FIG_00020971,FIG_00020986
FIG_00020964,FIG_00020967,FIG_00027176
FIG_00020964,FIG_00020967,FIG_00031475
FIG_00020964,FIG_00020967,FIG_00020986
FIG_00003837,FIG_00003841,FIG_00021829
FIG_00003837,FIG_00003841,FIG_00027184
FIG_00003837,FIG_00003841,FIG_00032894
FIG_00003837,FIG_00003841,FIG_00010312
FIG_00003837,FIG_00003841,FIG_00031320
FIG_00003837,FIG_00003844,FIG_00021829
FIG_00003837,FIG_00003844,FIG_00027184
FIG_00003837,FIG_00003844,FIG_00032894
FIG_00003837,FIG_00003844,FIG_00010312
FIG_00003837,FIG_00003844,FIG_00031320
FIG_00007811,FIG_00030659,FIG_00026593
FIG_00007811,FIG_00030659,FIG_00011263
FIG_00007811,FIG_00030659,FIG_00030119
FIG_00007811,FIG_00033077,FIG_00026593
FIG_00007811,FIG_00033077,FIG_00011263
FIG_00007811,FIG_00033077,FIG_00030119
FIG_00005556,FIG_00005560,FIG_00016263
FIG_00005556,FIG_00005560,FIG_00029119
FIG_00005556,FIG_00005560,FIG_00026849
FIG_00005556,FIG_00005560,FIG_00013686
FIG_00005556,FIG_00005560,FIG_00013685
FIG_00005556,FIG_00005557,FIG_00016263
FIG_00005556,FIG_00005557,FIG_00029119
FIG_00005556,FIG_00005557,FIG_00026849
FIG_00005556,FIG_00005557,FIG_00013686
FIG_00005556,FIG_00005557,FIG_00013685
FIG_00009259,FIG_00009262,FIG_00033354
FIG_00009259,FIG_00009262,FIG_00023482
FIG_00009259,FIG_00009262,FIG_00018063
FIG_00009259,FIG_00009262,FIG_00026131
FIG_00009259,FIG_00009262,FIG_00010613
FIG_00009259,FIG_00009260,FIG_00033354
FIG_00009259,FIG_00009260,FIG_00023482
FIG_00009259,FIG_00009260,FIG_00018063
FIG_00009259,FIG_00009260,FIG_00026131
FIG_00009259,FIG_00009260,FIG_00010613
FIG_00029491,FIG_00029493,FIG_00029533
FIG_00029491,FIG_00029493,FIG_00032663
FIG_00018727,FIG_00018740,FIG_00034069
FIG_00018727,FIG_00018740,FIG_00028607
FIG_00018727,FIG_00018740,FIG_00032302
FIG_00018727,FIG_00018740,FIG_00028612
FIG_00018727,FIG_00018740,FIG_00032391
FIG_00018727,FIG_00018739,FIG_00034069
FIG_00018727,FIG_00018739,FIG_00028607
FIG_00018727,FIG_00018739,FIG_00032302
FIG_00018727,FIG_00018739,FIG_00028612
FIG_00018727,FIG_00018739,FIG_00032391
FIG_00018727,FIG_00018738,FIG_00034069
FIG_00018727,FIG_00018738,FIG_00028607
FIG_00018727,FIG_00018738,FIG_00032302
FIG_00018727,FIG_00018738,FIG_00028612
FIG_00018727,FIG_00018738,FIG_00032391
FIG_00030755,FIG_00030757,FIG_00031594
FIG_00030755,FIG_00030757,FIG_00033801
FIG_00006373,FIG_00006381,FIG_00006377
FIG_00006373,FIG_00006381,FIG_00011569
FIG_00006373,FIG_00006383,FIG_00006377
FIG_00006373,FIG_00006383,FIG_00011569
FIG_00006373,FIG_00006374,FIG_00006377
FIG_00006373,FIG_00006374,FIG_00011569
FIG_00016156,FIG_00016157,FIG_00016166
FIG_00016156,FIG_00016157,FIG_00016161
FIG_00016156,FIG_00016157,FIG_00032620
FIG_00027687,FIG_00027689,FIG_00028393
FIG_00027687,FIG_00027689,FIG_00028401
FIG_00010375,FIG_00010377,FIG_00026950
FIG_00010375,FIG_00010377,FIG_00024161
FIG_00010375,FIG_00010377,FIG_00010792
FIG_00010375,FIG_00010377,FIG_00029171
FIG_00010375,FIG_00010377,FIG_00016471
FIG_00009811,FIG_00009814,FIG_00012022
FIG_00009535,FIG_00009536,FIG_00023281
FIG_00009535,FIG_00009536,FIG_00018283
FIG_00009535,FIG_00009536,FIG_00021859
FIG_00009535,FIG_00009536,FIG_00031560
FIG_00009535,FIG_00009536,FIG_00026188
FIG_00029391,FIG_00029392,FIG_00031145
FIG_00029391,FIG_00029392,FIG_00034092
FIG_00029391,FIG_00029392,FIG_00031144
FIG_00029391,FIG_00029392,FIG_00032602
FIG_00004636,FIG_00004638,FIG_00008823
FIG_00004636,FIG_00004638,FIG_00018865
FIG_00000495,FIG_00000496,FIG_00003678
FIG_00000495,FIG_00000496,FIG_00027497
FIG_00000495,FIG_00000496,FIG_00008509
FIG_00000495,FIG_00000496,FIG_00001060
FIG_00000495,FIG_00000496,FIG_00002000
FIG_00027779,FIG_00027780,FIG_00033552
FIG_00027779,FIG_00027780,FIG_00028407
FIG_00027779,FIG_00027780,FIG_00030351
FIG_00027779,FIG_00027780,FIG_00033551
FIG_00027779,FIG_00027780,FIG_00032035
FIG_00010224,FIG_00010225,FIG_00034294
FIG_00010224,FIG_00010225,FIG_00021160
FIG_00006378,FIG_00006379,FIG_00011569
FIG_00006378,FIG_00006379,FIG_00031195
FIG_00006378,FIG_00006383,FIG_00011569
FIG_00006378,FIG_00006383,FIG_00031195
FIG_00006378,FIG_00006380,FIG_00011569
FIG_00006378,FIG_00006380,FIG_00031195
FIG_00026141,FIG_00026142,FIG_00031658
FIG_00026141,FIG_00026142,FIG_00027359
FIG_00026141,FIG_00026142,FIG_00027984
FIG_00026141,FIG_00026142,FIG_00033121
FIG_00026141,FIG_00026143,FIG_00031658
FIG_00026141,FIG_00026143,FIG_00027359
FIG_00026141,FIG_00026143,FIG_00027984
FIG_00026141,FIG_00026143,FIG_00033121
FIG_00016025,FIG_00019343,FIG_00034123
FIG_00016025,FIG_00019343,FIG_00034049
FIG_00016025,FIG_00019343,FIG_00028333
FIG_00016025,FIG_00019343,FIG_00031594
FIG_00006098,FIG_00006100,FIG_00012805
FIG_00006098,FIG_00006100,FIG_00024600
FIG_00006098,FIG_00006100,FIG_00008326
FIG_00006098,FIG_00006100,FIG_00019280
FIG_00006098,FIG_00006100,FIG_00023570
FIG_00006098,FIG_00006099,FIG_00012805
FIG_00006098,FIG_00006099,FIG_00024600
FIG_00006098,FIG_00006099,FIG_00008326
FIG_00006098,FIG_00006099,FIG_00019280
FIG_00006098,FIG_00006099,FIG_00023570
FIG_00009702,FIG_00009703,FIG_00010747
FIG_00009702,FIG_00009703,FIG_00030757
FIG_00009702,FIG_00009703,FIG_00022681
FIG_00009702,FIG_00009703,FIG_00030755
FIG_00009702,FIG_00009703,FIG_00019017
FIG_00031683,FIG_00031684,FIG_00033032
FIG_00010538,FIG_00010542,FIG_00033155
FIG_00010538,FIG_00010542,FIG_00033686
FIG_00010538,FIG_00010542,FIG_00014676
FIG_00010538,FIG_00010542,FIG_00012526
FIG_00010538,FIG_00010542,FIG_00014677
FIG_00024236,FIG_00024237,FIG_00026418
FIG_00003851,FIG_00003853,FIG_00031611
FIG_00003851,FIG_00003853,FIG_00033912
FIG_00003851,FIG_00003853,FIG_00006109
FIG_00003851,FIG_00003853,FIG_00006841
FIG_00003851,FIG_00003853,FIG_00006111
FIG_00033903,FIG_00033904,FIG_00033923
FIG_00033903,FIG_00033904,FIG_00033939
FIG_00033903,FIG_00033904,FIG_00034847
FIG_00012967,FIG_00012968,FIG_00032275
FIG_00012967,FIG_00012968,FIG_00032858
FIG_00012967,FIG_00012968,FIG_00033869
FIG_00012967,FIG_00012968,FIG_00028102
FIG_00012967,FIG_00012968,FIG_00033876
FIG_00006096,FIG_00006097,FIG_00020263
FIG_00006096,FIG_00006097,FIG_00030959
FIG_00006096,FIG_00006097,FIG_00011414
FIG_00006096,FIG_00006097,FIG_00008326
FIG_00006096,FIG_00006097,FIG_00011380
FIG_00006096,FIG_00006098,FIG_00020263
FIG_00006096,FIG_00006098,FIG_00030959
FIG_00006096,FIG_00006098,FIG_00011414
FIG_00006096,FIG_00006098,FIG_00008326
FIG_00006096,FIG_00006098,FIG_00011380
FIG_00006096,FIG_00006099,FIG_00020263
FIG_00006096,FIG_00006099,FIG_00030959
FIG_00006096,FIG_00006099,FIG_00011414
FIG_00006096,FIG_00006099,FIG_00008326
FIG_00006096,FIG_00006099,FIG_00011380
FIG_00030378,FIG_00030387,FIG_00034403
FIG_00030378,FIG_00030387,FIG_00030784
FIG_00030378,FIG_00030387,FIG_00031008
FIG_00030378,FIG_00030387,FIG_00034559
FIG_00030378,FIG_00030387,FIG_00031379
FIG_00017082,FIG_00017083,FIG_00020177
FIG_00007404,FIG_00007405,FIG_00033090
FIG_00007404,FIG_00007405,FIG_00024844
FIG_00007404,FIG_00007405,FIG_00015644
FIG_00007404,FIG_00007405,FIG_00015645
FIG_00007404,FIG_00007405,FIG_00021539
FIG_00003600,FIG_00003602,FIG_00009636
FIG_00003600,FIG_00003602,FIG_00009614
FIG_00003600,FIG_00003602,FIG_00009630
FIG_00003600,FIG_00003602,FIG_00009634
FIG_00003600,FIG_00003606,FIG_00009636
FIG_00003600,FIG_00003606,FIG_00009614
FIG_00003600,FIG_00003606,FIG_00009630
FIG_00003600,FIG_00003606,FIG_00009634
FIG_00003600,FIG_00003603,FIG_00009636
FIG_00003600,FIG_00003603,FIG_00009614
FIG_00003600,FIG_00003603,FIG_00009630
FIG_00003600,FIG_00003603,FIG_00009634
FIG_00007986,FIG_00007987,FIG_00034272
FIG_00007986,FIG_00007987,FIG_00009340
FIG_00007986,FIG_00007987,FIG_00020368
FIG_00007986,FIG_00007987,FIG_00010623
FIG_00007986,FIG_00007987,FIG_00015120
FIG_00007986,FIG_00007988,FIG_00034272
FIG_00007986,FIG_00007988,FIG_00009340
FIG_00007986,FIG_00007988,FIG_00020368
FIG_00007986,FIG_00007988,FIG_00010623
FIG_00007986,FIG_00007988,FIG_00015120
FIG_00021606,FIG_00021607,FIG_00026872
FIG_00021606,FIG_00021607,FIG_00023027
FIG_00021606,FIG_00021607,FIG_00032711
FIG_00021606,FIG_00021607,FIG_00023912
FIG_00021606,FIG_00021607,FIG_00032717
FIG_00007587,FIG_00007588,FIG_00015533
FIG_00007587,FIG_00007588,FIG_00026747
FIG_00007587,FIG_00007588,FIG_00021417
FIG_00007587,FIG_00007588,FIG_00026742
FIG_00007587,FIG_00007588,FIG_00034731
FIG_00001954,FIG_00001956,FIG_00033512
FIG_00001954,FIG_00001956,FIG_00029439
FIG_00001954,FIG_00001956,FIG_00006109
FIG_00001954,FIG_00001956,FIG_00004813
FIG_00001954,FIG_00001956,FIG_00029239
FIG_00001954,FIG_00001955,FIG_00033512
FIG_00001954,FIG_00001955,FIG_00029439
FIG_00001954,FIG_00001955,FIG_00006109
FIG_00001954,FIG_00001955,FIG_00004813
FIG_00001954,FIG_00001955,FIG_00029239
FIG_00008072,FIG_00008073,FIG_00020461
FIG_00008072,FIG_00008073,FIG_00018218
FIG_00008072,FIG_00008073,FIG_00029308
FIG_00008072,FIG_00008073,FIG_00009936
FIG_00008072,FIG_00008073,FIG_00009935
FIG_00001100,FIG_00001105,FIG_00010294
FIG_00001100,FIG_00001105,FIG_00004755
FIG_00001100,FIG_00001105,FIG_00003610
FIG_00001100,FIG_00001105,FIG_00004887
FIG_00001100,FIG_00001105,FIG_00007193
FIG_00001100,FIG_00001104,FIG_00010294
FIG_00001100,FIG_00001104,FIG_00004755
FIG_00001100,FIG_00001104,FIG_00003610
FIG_00001100,FIG_00001104,FIG_00004887
FIG_00001100,FIG_00001104,FIG_00007193
FIG_00001100,FIG_00001101,FIG_00010294
FIG_00001100,FIG_00001101,FIG_00004755
FIG_00001100,FIG_00001101,FIG_00003610
FIG_00001100,FIG_00001101,FIG_00004887
FIG_00001100,FIG_00001101,FIG_00007193
FIG_00007815,FIG_00007823,FIG_00034363
FIG_00007815,FIG_00007823,FIG_00031067
FIG_00007815,FIG_00007823,FIG_00032727
FIG_00007815,FIG_00007823,FIG_00011583
FIG_00007815,FIG_00007816,FIG_00034363
FIG_00007815,FIG_00007816,FIG_00031067
FIG_00007815,FIG_00007816,FIG_00032727
FIG_00007815,FIG_00007816,FIG_00011583
FIG_00010331,FIG_00010342,FIG_00016225
FIG_00010331,FIG_00010342,FIG_00014023
FIG_00010331,FIG_00010342,FIG_00034697
FIG_00010331,FIG_00010342,FIG_00011257
FIG_00010331,FIG_00010342,FIG_00025734
FIG_00010331,FIG_00010343,FIG_00016225
FIG_00010331,FIG_00010343,FIG_00014023
FIG_00010331,FIG_00010343,FIG_00034697
FIG_00010331,FIG_00010343,FIG_00011257
FIG_00010331,FIG_00010343,FIG_00025734
FIG_00010331,FIG_00010340,FIG_00016225
FIG_00010331,FIG_00010340,FIG_00014023
FIG_00010331,FIG_00010340,FIG_00034697
FIG_00010331,FIG_00010340,FIG_00011257
FIG_00010331,FIG_00010340,FIG_00025734
FIG_00025950,FIG_00025954,FIG_00025952
FIG_00025950,FIG_00025954,FIG_00032442
FIG_00025950,FIG_00025954,FIG_00034486
FIG_00009252,FIG_00009254,FIG_00031784
FIG_00009252,FIG_00009254,FIG_00009267
FIG_00009252,FIG_00009254,FIG_00010711
FIG_00009252,FIG_00009254,FIG_00032180
FIG_00009252,FIG_00009254,FIG_00009268
FIG_00018443,FIG_00018449,FIG_00034002
FIG_00018443,FIG_00018449,FIG_00019679
FIG_00018443,FIG_00018449,FIG_00034592
FIG_00018443,FIG_00018449,FIG_00033446
FIG_00018443,FIG_00018449,FIG_00033449
FIG_00018443,FIG_00018445,FIG_00034002
FIG_00018443,FIG_00018445,FIG_00019679
FIG_00018443,FIG_00018445,FIG_00034592
FIG_00018443,FIG_00018445,FIG_00033446
FIG_00018443,FIG_00018445,FIG_00033449
FIG_00018443,FIG_00018446,FIG_00034002
FIG_00018443,FIG_00018446,FIG_00019679
FIG_00018443,FIG_00018446,FIG_00034592
FIG_00018443,FIG_00018446,FIG_00033446
FIG_00018443,FIG_00018446,FIG_00033449
FIG_00000868,FIG_00000872,FIG_00002536
FIG_00000868,FIG_00000872,FIG_00002533
FIG_00000868,FIG_00000872,FIG_00002534
FIG_00000868,FIG_00000872,FIG_00002535
FIG_00000868,FIG_00000872,FIG_00000870
FIG_00019659,FIG_00019664,FIG_00019845
FIG_00019659,FIG_00019664,FIG_00019665
FIG_00019659,FIG_00019664,FIG_00028132
FIG_00019659,FIG_00019664,FIG_00020503
FIG_00019659,FIG_00019664,FIG_00020507
FIG_00008252,FIG_00008253,FIG_00026921
FIG_00008252,FIG_00008253,FIG_00021692
FIG_00008252,FIG_00008253,FIG_00014541
FIG_00008252,FIG_00008253,FIG_00027863
FIG_00008252,FIG_00008253,FIG_00030532
FIG_00007903,FIG_00020868,FIG_00017037
FIG_00010286,FIG_00010299,FIG_00015800
FIG_00010286,FIG_00010299,FIG_00010295
FIG_00010286,FIG_00010299,FIG_00027753
FIG_00010286,FIG_00010298,FIG_00015800
FIG_00010286,FIG_00010298,FIG_00010295
FIG_00010286,FIG_00010298,FIG_00027753
FIG_00027807,FIG_00027813,FIG_00033542
FIG_00027807,FIG_00027813,FIG_00033134
FIG_00027807,FIG_00027813,FIG_00033417
FIG_00027807,FIG_00027813,FIG_00033128
FIG_00027807,FIG_00027813,FIG_00028069
FIG_00027807,FIG_00027811,FIG_00033542
FIG_00027807,FIG_00027811,FIG_00033134
FIG_00027807,FIG_00027811,FIG_00033417
FIG_00027807,FIG_00027811,FIG_00033128
FIG_00027807,FIG_00027811,FIG_00028069
FIG_00027807,FIG_00027812,FIG_00033542
FIG_00027807,FIG_00027812,FIG_00033134
FIG_00027807,FIG_00027812,FIG_00033417
FIG_00027807,FIG_00027812,FIG_00033128
FIG_00027807,FIG_00027812,FIG_00028069
FIG_00027225,FIG_00027226,FIG_00029188
FIG_00013096,FIG_00013097,FIG_00014614
FIG_00013096,FIG_00013097,FIG_00013676
FIG_00013096,FIG_00013097,FIG_00027914
FIG_00013096,FIG_00013097,FIG_00033602
FIG_00013096,FIG_00013097,FIG_00028581
FIG_00029956,FIG_00029998,FIG_00033777
FIG_00029956,FIG_00029998,FIG_00033791
FIG_00029956,FIG_00029998,FIG_00033790
FIG_00029956,FIG_00029998,FIG_00033787
FIG_00029956,FIG_00029998,FIG_00033793
FIG_00029163,FIG_00029164,FIG_00030549
FIG_00018685,FIG_00018686,FIG_00018688
FIG_00032604,FIG_00032605,FIG_00032951
FIG_00016977,FIG_00016979,FIG_00028828
FIG_00016977,FIG_00016979,FIG_00021554
FIG_00016977,FIG_00016979,FIG_00024943
FIG_00016977,FIG_00016978,FIG_00028828
FIG_00016977,FIG_00016978,FIG_00021554
FIG_00016977,FIG_00016978,FIG_00024943
FIG_00000291,FIG_00013985,FIG_00021175
FIG_00000291,FIG_00013985,FIG_00008508
FIG_00000291,FIG_00013985,FIG_00008563
FIG_00000291,FIG_00013985,FIG_00011411
FIG_00000291,FIG_00013985,FIG_00010151
FIG_00020430,FIG_00020431,FIG_00020974
FIG_00020430,FIG_00020431,FIG_00020958
FIG_00005225,FIG_00005232,FIG_00014406
FIG_00005225,FIG_00005232,FIG_00032525
FIG_00005225,FIG_00005232,FIG_00028207
FIG_00005225,FIG_00005232,FIG_00030374
FIG_00005225,FIG_00005232,FIG_00032387
FIG_00010382,FIG_00010391,FIG_00017757
FIG_00010382,FIG_00010391,FIG_00027077
FIG_00010382,FIG_00010386,FIG_00017757
FIG_00010382,FIG_00010386,FIG_00027077
FIG_00010382,FIG_00010390,FIG_00017757
FIG_00010382,FIG_00010390,FIG_00027077
FIG_00031811,FIG_00031812,FIG_00033421
FIG_00031811,FIG_00031812,FIG_00033422
FIG_00031811,FIG_00031812,FIG_00034236
FIG_00029955,FIG_00029997,FIG_00031242
FIG_00029955,FIG_00029997,FIG_00033822
FIG_00029955,FIG_00029997,FIG_00033814
FIG_00029955,FIG_00029997,FIG_00033821
FIG_00029955,FIG_00029997,FIG_00030022
FIG_00010530,FIG_00010536,FIG_00034172
FIG_00010530,FIG_00010536,FIG_00029313
FIG_00010530,FIG_00010536,FIG_00020092
FIG_00010530,FIG_00010536,FIG_00021905
FIG_00010530,FIG_00010536,FIG_00019294
FIG_00010530,FIG_00010539,FIG_00034172
FIG_00010530,FIG_00010539,FIG_00029313
FIG_00010530,FIG_00010539,FIG_00020092
FIG_00010530,FIG_00010539,FIG_00021905
FIG_00010530,FIG_00010539,FIG_00019294
FIG_00010530,FIG_00010543,FIG_00034172
FIG_00010530,FIG_00010543,FIG_00029313
FIG_00010530,FIG_00010543,FIG_00020092
FIG_00010530,FIG_00010543,FIG_00021905
FIG_00010530,FIG_00010543,FIG_00019294
FIG_00031330,FIG_00031331,FIG_00032631
FIG_00031330,FIG_00031331,FIG_00032967
FIG_00001331,FIG_00001332,FIG_00002567
FIG_00001331,FIG_00001332,FIG_00014159
FIG_00001331,FIG_00001332,FIG_00029925
FIG_00001331,FIG_00001332,FIG_00002040
FIG_00001331,FIG_00001332,FIG_00003084
FIG_00008471,FIG_00008473,FIG_00031274
FIG_00008471,FIG_00008473,FIG_00012608
FIG_00008471,FIG_00008473,FIG_00026042
FIG_00008471,FIG_00008473,FIG_00024076
FIG_00008471,FIG_00008473,FIG_00018079
FIG_00017300,FIG_00017301,FIG_00031578
FIG_00017300,FIG_00017301,FIG_00026535
FIG_00017300,FIG_00017301,FIG_00031623
FIG_00017300,FIG_00017301,FIG_00027617
FIG_00017300,FIG_00017301,FIG_00028586
FIG_00005706,FIG_00005709,FIG_00010441
FIG_00005706,FIG_00005709,FIG_00009430
FIG_00005706,FIG_00005709,FIG_00026850
FIG_00005706,FIG_00005709,FIG_00022196
FIG_00005706,FIG_00005709,FIG_00028133
FIG_00005706,FIG_00005708,FIG_00010441
FIG_00005706,FIG_00005708,FIG_00009430
FIG_00005706,FIG_00005708,FIG_00026850
FIG_00005706,FIG_00005708,FIG_00022196
FIG_00005706,FIG_00005708,FIG_00028133
FIG_00005706,FIG_00005707,FIG_00010441
FIG_00005706,FIG_00005707,FIG_00009430
FIG_00005706,FIG_00005707,FIG_00026850
FIG_00005706,FIG_00005707,FIG_00022196
FIG_00005706,FIG_00005707,FIG_00028133
FIG_00019198,FIG_00019205,FIG_00019203
FIG_00019198,FIG_00019205,FIG_00019204
FIG_00019198,FIG_00019206,FIG_00019203
FIG_00019198,FIG_00019206,FIG_00019204
FIG_00003298,FIG_00003305,FIG_00020659
FIG_00003298,FIG_00003305,FIG_00026265
FIG_00003298,FIG_00003305,FIG_00009917
FIG_00003298,FIG_00003305,FIG_00029666
FIG_00003298,FIG_00003305,FIG_00006003
FIG_00014312,FIG_00014314,FIG_00031077
FIG_00014312,FIG_00014314,FIG_00031238
FIG_00014312,FIG_00014314,FIG_00014892
FIG_00014312,FIG_00014314,FIG_00026384
FIG_00014312,FIG_00014314,FIG_00032349
FIG_00014312,FIG_00014313,FIG_00031077
FIG_00014312,FIG_00014313,FIG_00031238
FIG_00014312,FIG_00014313,FIG_00014892
FIG_00014312,FIG_00014313,FIG_00026384
FIG_00014312,FIG_00014313,FIG_00032349
FIG_00034408,FIG_00034409,FIG_00034414
FIG_00034408,FIG_00034409,FIG_00034556
FIG_00034408,FIG_00034409,FIG_00034559
FIG_00015577,FIG_00015578,FIG_00018824
FIG_00015577,FIG_00015578,FIG_00018227
FIG_00015577,FIG_00015578,FIG_00017843
FIG_00015577,FIG_00015578,FIG_00017844
FIG_00015577,FIG_00015578,FIG_00032978
FIG_00011037,FIG_00011042,FIG_00011052
FIG_00011037,FIG_00011042,FIG_00031474
FIG_00011037,FIG_00011042,FIG_00015280
FIG_00011037,FIG_00011042,FIG_00029501
FIG_00011037,FIG_00011042,FIG_00033716
FIG_00011037,FIG_00011041,FIG_00011052
FIG_00011037,FIG_00011041,FIG_00031474
FIG_00011037,FIG_00011041,FIG_00015280
FIG_00011037,FIG_00011041,FIG_00029501
FIG_00011037,FIG_00011041,FIG_00033716
FIG_00011037,FIG_00011045,FIG_00011052
FIG_00011037,FIG_00011045,FIG_00031474
FIG_00011037,FIG_00011045,FIG_00015280
FIG_00011037,FIG_00011045,FIG_00029501
FIG_00011037,FIG_00011045,FIG_00033716
FIG_00014484,FIG_00014485,FIG_00017804
FIG_00014484,FIG_00014485,FIG_00017801
FIG_00014484,FIG_00014485,FIG_00014987
FIG_00014484,FIG_00014485,FIG_00014486
FIG_00014484,FIG_00014485,FIG_00014488
FIG_00003997,FIG_00008299,FIG_00031575
FIG_00003997,FIG_00008299,FIG_00018333
FIG_00003997,FIG_00008299,FIG_00034452
FIG_00003997,FIG_00008299,FIG_00006132
FIG_00003997,FIG_00008299,FIG_00014455
FIG_00003997,FIG_00006499,FIG_00031575
FIG_00003997,FIG_00006499,FIG_00018333
FIG_00003997,FIG_00006499,FIG_00034452
FIG_00003997,FIG_00006499,FIG_00006132
FIG_00003997,FIG_00006499,FIG_00014455
FIG_00003997,FIG_00013080,FIG_00031575
FIG_00003997,FIG_00013080,FIG_00018333
FIG_00003997,FIG_00013080,FIG_00034452
FIG_00003997,FIG_00013080,FIG_00006132
FIG_00003997,FIG_00013080,FIG_00014455
FIG_00003532,FIG_00012796,FIG_00010862
FIG_00003532,FIG_00012796,FIG_00006525
FIG_00003532,FIG_00012796,FIG_00011138
FIG_00033887,FIG_00033892,FIG_00033901
FIG_00033887,FIG_00033892,FIG_00034304
FIG_00033887,FIG_00033900,FIG_00033901
FIG_00033887,FIG_00033900,FIG_00034304
FIG_00027802,FIG_00027809,FIG_00031715
FIG_00027802,FIG_00027809,FIG_00034039
FIG_00027802,FIG_00027803,FIG_00031715
FIG_00027802,FIG_00027803,FIG_00034039
FIG_00027802,FIG_00027804,FIG_00031715
FIG_00027802,FIG_00027804,FIG_00034039
FIG_00030927,FIG_00030928,FIG_00034050
FIG_00030927,FIG_00030928,FIG_00034165
FIG_00030927,FIG_00030928,FIG_00031479
FIG_00010386,FIG_00010391,FIG_00017757
FIG_00010386,FIG_00010391,FIG_00014023
FIG_00010386,FIG_00010391,FIG_00027077
FIG_00010386,FIG_00010390,FIG_00017757
FIG_00010386,FIG_00010390,FIG_00014023
FIG_00010386,FIG_00010390,FIG_00027077
FIG_00010386,FIG_00010393,FIG_00017757
FIG_00010386,FIG_00010393,FIG_00014023
FIG_00010386,FIG_00010393,FIG_00027077
FIG_00029869,FIG_00029870,FIG_00034672
FIG_00029869,FIG_00029870,FIG_00033355
FIG_00029869,FIG_00029870,FIG_00031773
FIG_00029869,FIG_00029870,FIG_00033353
FIG_00029869,FIG_00029870,FIG_00034417
FIG_00003904,FIG_00003905,FIG_00003907
FIG_00003904,FIG_00003905,FIG_00003915
FIG_00003904,FIG_00003905,FIG_00030081
FIG_00003904,FIG_00003905,FIG_00018855
FIG_00003904,FIG_00003905,FIG_00030201
FIG_00008071,FIG_00008072,FIG_00020461
FIG_00008071,FIG_00008072,FIG_00011466
FIG_00008071,FIG_00008072,FIG_00008704
FIG_00008071,FIG_00008072,FIG_00008377
FIG_00008071,FIG_00008072,FIG_00031733
FIG_00008071,FIG_00008073,FIG_00020461
FIG_00008071,FIG_00008073,FIG_00011466
FIG_00008071,FIG_00008073,FIG_00008704
FIG_00008071,FIG_00008073,FIG_00008377
FIG_00008071,FIG_00008073,FIG_00031733
FIG_00007077,FIG_00007080,FIG_00009057
FIG_00007077,FIG_00007079,FIG_00009057
FIG_00007927,FIG_00007933,FIG_00007934
FIG_00007927,FIG_00007933,FIG_00029474
FIG_00007927,FIG_00007933,FIG_00012741
FIG_00007927,FIG_00007933,FIG_00029317
FIG_00007927,FIG_00007933,FIG_00022913
FIG_00030848,FIG_00030859,FIG_00031611
FIG_00030848,FIG_00030859,FIG_00031609
FIG_00030848,FIG_00030859,FIG_00031391
FIG_00030848,FIG_00030858,FIG_00031611
FIG_00030848,FIG_00030858,FIG_00031609
FIG_00030848,FIG_00030858,FIG_00031391
FIG_00028670,FIG_00028671,FIG_00028681
FIG_00028670,FIG_00028671,FIG_00030283
FIG_00028670,FIG_00028672,FIG_00028681
FIG_00028670,FIG_00028672,FIG_00030283
FIG_00022826,FIG_00022827,FIG_00031462
FIG_00018909,FIG_00018910,FIG_00024947
FIG_00018909,FIG_00018910,FIG_00023776
FIG_00018909,FIG_00018910,FIG_00029478
FIG_00018909,FIG_00018910,FIG_00030284
FIG_00018909,FIG_00018910,FIG_00024706
FIG_00006275,FIG_00006276,FIG_00032444
FIG_00006275,FIG_00006276,FIG_00009041
FIG_00006275,FIG_00006276,FIG_00032445
FIG_00006275,FIG_00006276,FIG_00028861
FIG_00006275,FIG_00006276,FIG_00009276
FIG_00010987,FIG_00010988,FIG_00030457
FIG_00010987,FIG_00010988,FIG_00014597
FIG_00010987,FIG_00010988,FIG_00028967
FIG_00010987,FIG_00010988,FIG_00020577
FIG_00010987,FIG_00010988,FIG_00020579
FIG_00033396,FIG_00033397,FIG_00034134
FIG_00033396,FIG_00033397,FIG_00034230
FIG_00006499,FIG_00020076,FIG_00013421
FIG_00006499,FIG_00020076,FIG_00016380
FIG_00006499,FIG_00020076,FIG_00016518
FIG_00006499,FIG_00020076,FIG_00012797
FIG_00006499,FIG_00020076,FIG_00013260
FIG_00006499,FIG_00008299,FIG_00013421
FIG_00006499,FIG_00008299,FIG_00016380
FIG_00006499,FIG_00008299,FIG_00016518
FIG_00006499,FIG_00008299,FIG_00012797
FIG_00006499,FIG_00008299,FIG_00013260
FIG_00012484,FIG_00012486,FIG_00028948
FIG_00012484,FIG_00012485,FIG_00028948
FIG_00031166,FIG_00031167,FIG_00034221
FIG_00031166,FIG_00031173,FIG_00034221
FIG_00015702,FIG_00015703,FIG_00015707
FIG_00015702,FIG_00015703,FIG_00017139
FIG_00015702,FIG_00015703,FIG_00017140
FIG_00015702,FIG_00015703,FIG_00017840
FIG_00015702,FIG_00015703,FIG_00017900
FIG_00031054,FIG_00031059,FIG_00031812
FIG_00031054,FIG_00031059,FIG_00031811
FIG_00031054,FIG_00031059,FIG_00033421
FIG_00030100,FIG_00030106,FIG_00030955
FIG_00030100,FIG_00030106,FIG_00030298
FIG_00030100,FIG_00030106,FIG_00030108
FIG_00030100,FIG_00030106,FIG_00034221
FIG_00030100,FIG_00030106,FIG_00034415
FIG_00030100,FIG_00030105,FIG_00030955
FIG_00030100,FIG_00030105,FIG_00030298
FIG_00030100,FIG_00030105,FIG_00030108
FIG_00030100,FIG_00030105,FIG_00034221
FIG_00030100,FIG_00030105,FIG_00034415
FIG_00030100,FIG_00030103,FIG_00030955
FIG_00030100,FIG_00030103,FIG_00030298
FIG_00030100,FIG_00030103,FIG_00030108
FIG_00030100,FIG_00030103,FIG_00034221
FIG_00030100,FIG_00030103,FIG_00034415
FIG_00009248,FIG_00009249,FIG_00034901
FIG_00009248,FIG_00009249,FIG_00026750
FIG_00009248,FIG_00009249,FIG_00027237
FIG_00009248,FIG_00009249,FIG_00011303
FIG_00009248,FIG_00009249,FIG_00032389
FIG_00015659,FIG_00015663,FIG_00024774
FIG_00015659,FIG_00015663,FIG_00031212
FIG_00015659,FIG_00015663,FIG_00017038
FIG_00015659,FIG_00015663,FIG_00034178
FIG_00015659,FIG_00015663,FIG_00030195
FIG_00007870,FIG_00007872,FIG_00007871
FIG_00007870,FIG_00007872,FIG_00007890
FIG_00007870,FIG_00007872,FIG_00007881
FIG_00007870,FIG_00007872,FIG_00007891
FIG_00007870,FIG_00007872,FIG_00007889
FIG_00020959,FIG_00020964,FIG_00027176
FIG_00020959,FIG_00020964,FIG_00020986
FIG_00020959,FIG_00020964,FIG_00021012
FIG_00020959,FIG_00020961,FIG_00027176
FIG_00020959,FIG_00020961,FIG_00020986
FIG_00020959,FIG_00020961,FIG_00021012
FIG_00020959,FIG_00020971,FIG_00027176
FIG_00020959,FIG_00020971,FIG_00020986
FIG_00020959,FIG_00020971,FIG_00021012
FIG_00013854,FIG_00013855,FIG_00018095
FIG_00013854,FIG_00013855,FIG_00027216
FIG_00013854,FIG_00013855,FIG_00033291
FIG_00013854,FIG_00013855,FIG_00026594
FIG_00013854,FIG_00013855,FIG_00028987
FIG_00027803,FIG_00027804,FIG_00034042
FIG_00027803,FIG_00027804,FIG_00031160
FIG_00027803,FIG_00027804,FIG_00034040
FIG_00027803,FIG_00027804,FIG_00031166
FIG_00027803,FIG_00027804,FIG_00031167
FIG_00027803,FIG_00027810,FIG_00034042
FIG_00027803,FIG_00027810,FIG_00031160
FIG_00027803,FIG_00027810,FIG_00034040
FIG_00027803,FIG_00027810,FIG_00031166
FIG_00027803,FIG_00027810,FIG_00031167
FIG_00027803,FIG_00027809,FIG_00034042
FIG_00027803,FIG_00027809,FIG_00031160
FIG_00027803,FIG_00027809,FIG_00034040
FIG_00027803,FIG_00027809,FIG_00031166
FIG_00027803,FIG_00027809,FIG_00031167
FIG_00030992,FIG_00030993,FIG_00032897
FIG_00030992,FIG_00030993,FIG_00032487
FIG_00030992,FIG_00030993,FIG_00032456
FIG_00030992,FIG_00030993,FIG_00031719
FIG_00030992,FIG_00030993,FIG_00033372
FIG_00010888,FIG_00010898,FIG_00025905
FIG_00010888,FIG_00010898,FIG_00028713
FIG_00010888,FIG_00010898,FIG_00011278
FIG_00010888,FIG_00010898,FIG_00011438
FIG_00010888,FIG_00010898,FIG_00028706
FIG_00000213,FIG_00000214,FIG_00003399
FIG_00000213,FIG_00000214,FIG_00024140
FIG_00000213,FIG_00000214,FIG_00003401
FIG_00000213,FIG_00000214,FIG_00011990
FIG_00000213,FIG_00000214,FIG_00004134
FIG_00012481,FIG_00012484,FIG_00031066
FIG_00012481,FIG_00012483,FIG_00031066
FIG_00012481,FIG_00012486,FIG_00031066
FIG_00006494,FIG_00006495,FIG_00017012
FIG_00006494,FIG_00006495,FIG_00032878
FIG_00006494,FIG_00006495,FIG_00017013
FIG_00006494,FIG_00006495,FIG_00015654
FIG_00006494,FIG_00006495,FIG_00009567
FIG_00005526,FIG_00005528,FIG_00005537
FIG_00005526,FIG_00005528,FIG_00005542
FIG_00005526,FIG_00005528,FIG_00005541
FIG_00005526,FIG_00005528,FIG_00005539
FIG_00005526,FIG_00005528,FIG_00005544
FIG_00006279,FIG_00006280,FIG_00009040
FIG_00006279,FIG_00006280,FIG_00023453
FIG_00006279,FIG_00006280,FIG_00009914
FIG_00006279,FIG_00006280,FIG_00011451
FIG_00006279,FIG_00006280,FIG_00034600
FIG_00008457,FIG_00008458,FIG_00011722
FIG_00008457,FIG_00008458,FIG_00011278
FIG_00008457,FIG_00008458,FIG_00029565
FIG_00008457,FIG_00008458,FIG_00010599
FIG_00008457,FIG_00008458,FIG_00010292
FIG_00007033,FIG_00007038,FIG_00013297
FIG_00007033,FIG_00007038,FIG_00011438
FIG_00007033,FIG_00007038,FIG_00007338
FIG_00007033,FIG_00007038,FIG_00021798
FIG_00007033,FIG_00007038,FIG_00029660
FIG_00007033,FIG_00007034,FIG_00013297
FIG_00007033,FIG_00007034,FIG_00011438
FIG_00007033,FIG_00007034,FIG_00007338
FIG_00007033,FIG_00007034,FIG_00021798
FIG_00007033,FIG_00007034,FIG_00029660
FIG_00007537,FIG_00007538,FIG_00010709
FIG_00031985,FIG_00031998,FIG_00034557
FIG_00031985,FIG_00031998,FIG_00034244
FIG_00031985,FIG_00031999,FIG_00034557
FIG_00031985,FIG_00031999,FIG_00034244
FIG_00031985,FIG_00031994,FIG_00034557
FIG_00031985,FIG_00031994,FIG_00034244
FIG_00008160,FIG_00008178,FIG_00020854
FIG_00008160,FIG_00008178,FIG_00031607
FIG_00008160,FIG_00008178,FIG_00009117
FIG_00008160,FIG_00008178,FIG_00017621
FIG_00008160,FIG_00008178,FIG_00030099
FIG_00008160,FIG_00008175,FIG_00020854
FIG_00008160,FIG_00008175,FIG_00031607
FIG_00008160,FIG_00008175,FIG_00009117
FIG_00008160,FIG_00008175,FIG_00017621
FIG_00008160,FIG_00008175,FIG_00030099
FIG_00008160,FIG_00008173,FIG_00020854
FIG_00008160,FIG_00008173,FIG_00031607
FIG_00008160,FIG_00008173,FIG_00009117
FIG_00008160,FIG_00008173,FIG_00017621
FIG_00008160,FIG_00008173,FIG_00030099
FIG_00007079,FIG_00007080,FIG_00016234
FIG_00007079,FIG_00007080,FIG_00015127
FIG_00007079,FIG_00007080,FIG_00009057
FIG_00007079,FIG_00007080,FIG_00029435
FIG_00007079,FIG_00007080,FIG_00010603
FIG_00009142,FIG_00009143,FIG_00011567
FIG_00009142,FIG_00009143,FIG_00016719
FIG_00009142,FIG_00009143,FIG_00029186
FIG_00009142,FIG_00009143,FIG_00029184
FIG_00009142,FIG_00009143,FIG_00012408
FIG_00030305,FIG_00030307,FIG_00034672
FIG_00030305,FIG_00030307,FIG_00034671
FIG_00030305,FIG_00030307,FIG_00031965
FIG_00030305,FIG_00030307,FIG_00031964
FIG_00030305,FIG_00030307,FIG_00031963
FIG_00005551,FIG_00005553,FIG_00005552
FIG_00005551,FIG_00005553,FIG_00009817
FIG_00005551,FIG_00005553,FIG_00026424
FIG_00005551,FIG_00005553,FIG_00008796
FIG_00005551,FIG_00005553,FIG_00024440
FIG_00033361,FIG_00033364,FIG_00033365
FIG_00033361,FIG_00033364,FIG_00034170
FIG_00010529,FIG_00010532,FIG_00033155
FIG_00010529,FIG_00010532,FIG_00033686
FIG_00010529,FIG_00010532,FIG_00014676
FIG_00010529,FIG_00010532,FIG_00015439
FIG_00010529,FIG_00010532,FIG_00014677
FIG_00010529,FIG_00010538,FIG_00033155
FIG_00010529,FIG_00010538,FIG_00033686
FIG_00010529,FIG_00010538,FIG_00014676
FIG_00010529,FIG_00010538,FIG_00015439
FIG_00010529,FIG_00010538,FIG_00014677
FIG_00010529,FIG_00010542,FIG_00033155
FIG_00010529,FIG_00010542,FIG_00033686
FIG_00010529,FIG_00010542,FIG_00014676
FIG_00010529,FIG_00010542,FIG_00015439
FIG_00010529,FIG_00010542,FIG_00014677
FIG_00010625,FIG_00010626,FIG_00015348
FIG_00010625,FIG_00010626,FIG_00024386
FIG_00010625,FIG_00010626,FIG_00026851
FIG_00010625,FIG_00010626,FIG_00011715
FIG_00010625,FIG_00010626,FIG_00034908
FIG_00018925,FIG_00018927,FIG_00027841
FIG_00018925,FIG_00018927,FIG_00019860
FIG_00018925,FIG_00018927,FIG_00026361
FIG_00018925,FIG_00018927,FIG_00020181
FIG_00018925,FIG_00018927,FIG_00028299
FIG_00010706,FIG_00010716,FIG_00033032
FIG_00010706,FIG_00010716,FIG_00010708
FIG_00010706,FIG_00010715,FIG_00033032
FIG_00010706,FIG_00010715,FIG_00010708
FIG_00010706,FIG_00010714,FIG_00033032
FIG_00010706,FIG_00010714,FIG_00010708
FIG_00033816,FIG_00033821,FIG_00033817
FIG_00033816,FIG_00033821,FIG_00034172
FIG_00006588,FIG_00006590,FIG_00026134
FIG_00006588,FIG_00006590,FIG_00029154
FIG_00006588,FIG_00006593,FIG_00026134
FIG_00006588,FIG_00006593,FIG_00029154
FIG_00006588,FIG_00006589,FIG_00026134
FIG_00006588,FIG_00006589,FIG_00029154
FIG_00006968,FIG_00006969,FIG_00016000
FIG_00006968,FIG_00006969,FIG_00020357
FIG_00006968,FIG_00006969,FIG_00012046
FIG_00006968,FIG_00006969,FIG_00019787
FIG_00006968,FIG_00006969,FIG_00011292
FIG_00006968,FIG_00006970,FIG_00016000
FIG_00006968,FIG_00006970,FIG_00020357
FIG_00006968,FIG_00006970,FIG_00012046
FIG_00006968,FIG_00006970,FIG_00019787
FIG_00006968,FIG_00006970,FIG_00011292
FIG_00003914,FIG_00003916,FIG_00034587
FIG_00003914,FIG_00003916,FIG_00024106
FIG_00003914,FIG_00003916,FIG_00009426
FIG_00003914,FIG_00003916,FIG_00009035
FIG_00003914,FIG_00003916,FIG_00016585
FIG_00032206,FIG_00032207,FIG_00032209
FIG_00032206,FIG_00032207,FIG_00034838
FIG_00032206,FIG_00032207,FIG_00032385
FIG_00012345,FIG_00012346,FIG_00028251
FIG_00000489,FIG_00000492,FIG_00000490
FIG_00000489,FIG_00000492,FIG_00000491
FIG_00000489,FIG_00000492,FIG_00029354
FIG_00000489,FIG_00000492,FIG_00007771
FIG_00000489,FIG_00000492,FIG_00033970
FIG_00031753,FIG_00031761,FIG_00031764
FIG_00031753,FIG_00031761,FIG_00031755
FIG_00031753,FIG_00031761,FIG_00031762
FIG_00031753,FIG_00031761,FIG_00031757
FIG_00031753,FIG_00031761,FIG_00031754
FIG_00020308,FIG_00020311,FIG_00020310
FIG_00020308,FIG_00020311,FIG_00032601
FIG_00020308,FIG_00020311,FIG_00020911
FIG_00014008,FIG_00014009,FIG_00029565
FIG_00014008,FIG_00014009,FIG_00032200
FIG_00014008,FIG_00014009,FIG_00032199
FIG_00005536,FIG_00005544,FIG_00012066
FIG_00005536,FIG_00005544,FIG_00032334
FIG_00005536,FIG_00005544,FIG_00006105
FIG_00005536,FIG_00005544,FIG_00006115
FIG_00005536,FIG_00005540,FIG_00012066
FIG_00005536,FIG_00005540,FIG_00032334
FIG_00005536,FIG_00005540,FIG_00006105
FIG_00005536,FIG_00005540,FIG_00006115
FIG_00005536,FIG_00005542,FIG_00012066
FIG_00005536,FIG_00005542,FIG_00032334
FIG_00005536,FIG_00005542,FIG_00006105
FIG_00005536,FIG_00005542,FIG_00006115
FIG_00011041,FIG_00011042,FIG_00011052
FIG_00011041,FIG_00011045,FIG_00011052
FIG_00026142,FIG_00026143,FIG_00031658
FIG_00026142,FIG_00026143,FIG_00027359
FIG_00026142,FIG_00026143,FIG_00027984
FIG_00026142,FIG_00026143,FIG_00027360
FIG_00016688,FIG_00016689,FIG_00017514
FIG_00016688,FIG_00016689,FIG_00018729
FIG_00016688,FIG_00016689,FIG_00031932
FIG_00016688,FIG_00016689,FIG_00034110
FIG_00016688,FIG_00016689,FIG_00034517
FIG_00003547,FIG_00003548,FIG_00033520
FIG_00003547,FIG_00003548,FIG_00030027
FIG_00003547,FIG_00003548,FIG_00004706
FIG_00003547,FIG_00003548,FIG_00033519
FIG_00003547,FIG_00003548,FIG_00008578
FIG_00020093,FIG_00020095,FIG_00020094
FIG_00020093,FIG_00020095,FIG_00033814
FIG_00020093,FIG_00020095,FIG_00033822
FIG_00020093,FIG_00020095,FIG_00031242
FIG_00020093,FIG_00020095,FIG_00029955
FIG_00003421,FIG_00003422,FIG_00027199
FIG_00003421,FIG_00003422,FIG_00030717
FIG_00003421,FIG_00003422,FIG_00031091
FIG_00003421,FIG_00003422,FIG_00028625
FIG_00003421,FIG_00003422,FIG_00031092
FIG_00011340,FIG_00011342,FIG_00011357
FIG_00011340,FIG_00011342,FIG_00034502
FIG_00011340,FIG_00011342,FIG_00011356
FIG_00011340,FIG_00011342,FIG_00027147
FIG_00011340,FIG_00011342,FIG_00011447
FIG_00011340,FIG_00011345,FIG_00011357
FIG_00011340,FIG_00011345,FIG_00034502
FIG_00011340,FIG_00011345,FIG_00011356
FIG_00011340,FIG_00011345,FIG_00027147
FIG_00011340,FIG_00011345,FIG_00011447
FIG_00011340,FIG_00011343,FIG_00011357
FIG_00011340,FIG_00011343,FIG_00034502
FIG_00011340,FIG_00011343,FIG_00011356
FIG_00011340,FIG_00011343,FIG_00027147
FIG_00011340,FIG_00011343,FIG_00011447
FIG_00016709,FIG_00016710,FIG_00022543
FIG_00016709,FIG_00016710,FIG_00028403
FIG_00016709,FIG_00016710,FIG_00023074
FIG_00016709,FIG_00016710,FIG_00029318
FIG_00016709,FIG_00016710,FIG_00017752
FIG_00001019,FIG_00001022,FIG_00006003
FIG_00001019,FIG_00001022,FIG_00026311
FIG_00001019,FIG_00001022,FIG_00018913
FIG_00001019,FIG_00001022,FIG_00026275
FIG_00001019,FIG_00001022,FIG_00010507
FIG_00019344,FIG_00019345,FIG_00019787
FIG_00019344,FIG_00019345,FIG_00029022
FIG_00019344,FIG_00019345,FIG_00031780
FIG_00019344,FIG_00019345,FIG_00029617
FIG_00029982,FIG_00029983,FIG_00029992
FIG_00029982,FIG_00029983,FIG_00029993
FIG_00029982,FIG_00029983,FIG_00029990
FIG_00029982,FIG_00029983,FIG_00029991
FIG_00011202,FIG_00011204,FIG_00011205
FIG_00011202,FIG_00011204,FIG_00011203
FIG_00011202,FIG_00011204,FIG_00028102
FIG_00011202,FIG_00011204,FIG_00019465
FIG_00011202,FIG_00011204,FIG_00034438
FIG_00011202,FIG_00011207,FIG_00011205
FIG_00011202,FIG_00011207,FIG_00011203
FIG_00011202,FIG_00011207,FIG_00028102
FIG_00011202,FIG_00011207,FIG_00019465
FIG_00011202,FIG_00011207,FIG_00034438
FIG_00005140,FIG_00005144,FIG_00005141
FIG_00005140,FIG_00005144,FIG_00005142
FIG_00005140,FIG_00005144,FIG_00006043
FIG_00005140,FIG_00005144,FIG_00018563
FIG_00005140,FIG_00005144,FIG_00005145
FIG_00005707,FIG_00005709,FIG_00010441
FIG_00005707,FIG_00005709,FIG_00009430
FIG_00005707,FIG_00005709,FIG_00006655
FIG_00005707,FIG_00005709,FIG_00028133
FIG_00005707,FIG_00005709,FIG_00010727
FIG_00005707,FIG_00005708,FIG_00010441
FIG_00005707,FIG_00005708,FIG_00009430
FIG_00005707,FIG_00005708,FIG_00006655
FIG_00005707,FIG_00005708,FIG_00028133
FIG_00005707,FIG_00005708,FIG_00010727
FIG_00010016,FIG_00010021,FIG_00021532
FIG_00010016,FIG_00010021,FIG_00021198
FIG_00010016,FIG_00010021,FIG_00021986
FIG_00010016,FIG_00010021,FIG_00027151
FIG_00010016,FIG_00010021,FIG_00013098
FIG_00002436,FIG_00002437,FIG_00007745
FIG_00005629,FIG_00005630,FIG_00011833
FIG_00005629,FIG_00005630,FIG_00013151
FIG_00005629,FIG_00005630,FIG_00010295
FIG_00005629,FIG_00005630,FIG_00006924
FIG_00005629,FIG_00005630,FIG_00016952
FIG_00005629,FIG_00005631,FIG_00011833
FIG_00005629,FIG_00005631,FIG_00013151
FIG_00005629,FIG_00005631,FIG_00010295
FIG_00005629,FIG_00005631,FIG_00006924
FIG_00005629,FIG_00005631,FIG_00016952
FIG_00003039,FIG_00003040,FIG_00021839
FIG_00003039,FIG_00003040,FIG_00003892
FIG_00003039,FIG_00003040,FIG_00023709
FIG_00003039,FIG_00003040,FIG_00031679
FIG_00003039,FIG_00003040,FIG_00006899
FIG_00003039,FIG_00003042,FIG_00021839
FIG_00003039,FIG_00003042,FIG_00003892
FIG_00003039,FIG_00003042,FIG_00023709
FIG_00003039,FIG_00003042,FIG_00031679
FIG_00003039,FIG_00003042,FIG_00006899
FIG_00004885,FIG_00005152,FIG_00013260
FIG_00004885,FIG_00031374,FIG_00013260
FIG_00004885,FIG_00026597,FIG_00013260
FIG_00027453,FIG_00027454,FIG_00027457
FIG_00010984,FIG_00010986,FIG_00030457
FIG_00010984,FIG_00010986,FIG_00028967
FIG_00010984,FIG_00010986,FIG_00026495
FIG_00010984,FIG_00010986,FIG_00028966
FIG_00010984,FIG_00010986,FIG_00020579
FIG_00010984,FIG_00010987,FIG_00030457
FIG_00010984,FIG_00010987,FIG_00028967
FIG_00010984,FIG_00010987,FIG_00026495
FIG_00010984,FIG_00010987,FIG_00028966
FIG_00010984,FIG_00010987,FIG_00020579
FIG_00010984,FIG_00010988,FIG_00030457
FIG_00010984,FIG_00010988,FIG_00028967
FIG_00010984,FIG_00010988,FIG_00026495
FIG_00010984,FIG_00010988,FIG_00028966
FIG_00010984,FIG_00010988,FIG_00020579
FIG_00011493,FIG_00011494,FIG_00011500
FIG_00011493,FIG_00011494,FIG_00032620
FIG_00011493,FIG_00011494,FIG_00011499
FIG_00011493,FIG_00011494,FIG_00011503
FIG_00011493,FIG_00011494,FIG_00011502
FIG_00010635,FIG_00010636,FIG_00010641
FIG_00010635,FIG_00010636,FIG_00010644
FIG_00002049,FIG_00002057,FIG_00032394
FIG_00002049,FIG_00002057,FIG_00003745
FIG_00002049,FIG_00002057,FIG_00009183
FIG_00002049,FIG_00002057,FIG_00002240
FIG_00002049,FIG_00002057,FIG_00028828
FIG_00032042,FIG_00032043,FIG_00032467
FIG_00032042,FIG_00032043,FIG_00033913
FIG_00032042,FIG_00032043,FIG_00032311
FIG_00032042,FIG_00032043,FIG_00034143
FIG_00031997,FIG_00032000,FIG_00034557
FIG_00031997,FIG_00032000,FIG_00034244
FIG_00031997,FIG_00031998,FIG_00034557
FIG_00031997,FIG_00031998,FIG_00034244
FIG_00031997,FIG_00031999,FIG_00034557
FIG_00031997,FIG_00031999,FIG_00034244
FIG_00009797,FIG_00009798,FIG_00030576
FIG_00009797,FIG_00009798,FIG_00029366
FIG_00009797,FIG_00009798,FIG_00029890
FIG_00009797,FIG_00009798,FIG_00030191
FIG_00009797,FIG_00009798,FIG_00031892
FIG_00014594,FIG_00034283,FIG_00014949
FIG_00014594,FIG_00034283,FIG_00031391
FIG_00014594,FIG_00034283,FIG_00019240
FIG_00014594,FIG_00034283,FIG_00028651
FIG_00014594,FIG_00034283,FIG_00028893
FIG_00016047,FIG_00016048,FIG_00020418
FIG_00016047,FIG_00016048,FIG_00032150
FIG_00016047,FIG_00016048,FIG_00027860
FIG_00016047,FIG_00016048,FIG_00018358
FIG_00016047,FIG_00016048,FIG_00018360
FIG_00004196,FIG_00004197,FIG_00010247
FIG_00004196,FIG_00004197,FIG_00034056
FIG_00026977,FIG_00026978,FIG_00032837
FIG_00026977,FIG_00026978,FIG_00034886
FIG_00026977,FIG_00026978,FIG_00034173
FIG_00026977,FIG_00026978,FIG_00027421
FIG_00011080,FIG_00011083,FIG_00014894
FIG_00031013,FIG_00031014,FIG_00031018
FIG_00031013,FIG_00031014,FIG_00033676
FIG_00000227,FIG_00000228,FIG_00030960
FIG_00000227,FIG_00000228,FIG_00001663
FIG_00000227,FIG_00000228,FIG_00029889
FIG_00000227,FIG_00000228,FIG_00001662
FIG_00000227,FIG_00000228,FIG_00030001
FIG_00006112,FIG_00006113,FIG_00008499
FIG_00031093,FIG_00031094,FIG_00033399
FIG_00000775,FIG_00000776,FIG_00005126
FIG_00000775,FIG_00000776,FIG_00013222
FIG_00000775,FIG_00000776,FIG_00005125
FIG_00000775,FIG_00000776,FIG_00005124
FIG_00000775,FIG_00000776,FIG_00007742
FIG_00000642,FIG_00000643,FIG_00010674
FIG_00000642,FIG_00000643,FIG_00028351
FIG_00000642,FIG_00000643,FIG_00005797
FIG_00000642,FIG_00000643,FIG_00003284
FIG_00000642,FIG_00000643,FIG_00003280
FIG_00026599,FIG_00032243,FIG_00031575
FIG_00026832,FIG_00026853,FIG_00026859
FIG_00026832,FIG_00026853,FIG_00026833
FIG_00026832,FIG_00026853,FIG_00026851
FIG_00026832,FIG_00026853,FIG_00030486
FIG_00026832,FIG_00026853,FIG_00031684
FIG_00026832,FIG_00026856,FIG_00026859
FIG_00026832,FIG_00026856,FIG_00026833
FIG_00026832,FIG_00026856,FIG_00026851
FIG_00026832,FIG_00026856,FIG_00030486
FIG_00026832,FIG_00026856,FIG_00031684
FIG_00026832,FIG_00026855,FIG_00026859
FIG_00026832,FIG_00026855,FIG_00026833
FIG_00026832,FIG_00026855,FIG_00026851
FIG_00026832,FIG_00026855,FIG_00030486
FIG_00026832,FIG_00026855,FIG_00031684
FIG_00003465,FIG_00003466,FIG_00011365
FIG_00003465,FIG_00003466,FIG_00009676
FIG_00003465,FIG_00003466,FIG_00003467
FIG_00003465,FIG_00003466,FIG_00005362
FIG_00003465,FIG_00003466,FIG_00022332
FIG_00003465,FIG_00003470,FIG_00011365
FIG_00003465,FIG_00003470,FIG_00009676
FIG_00003465,FIG_00003470,FIG_00003467
FIG_00003465,FIG_00003470,FIG_00005362
FIG_00003465,FIG_00003470,FIG_00022332
FIG_00001952,FIG_00001954,FIG_00003533
FIG_00001952,FIG_00001954,FIG_00008342
FIG_00001952,FIG_00001954,FIG_00029439
FIG_00001952,FIG_00001954,FIG_00029239
FIG_00001952,FIG_00001954,FIG_00006109
FIG_00001952,FIG_00001953,FIG_00003533
FIG_00001952,FIG_00001953,FIG_00008342
FIG_00001952,FIG_00001953,FIG_00029439
FIG_00001952,FIG_00001953,FIG_00029239
FIG_00001952,FIG_00001953,FIG_00006109
FIG_00001952,FIG_00001956,FIG_00003533
FIG_00001952,FIG_00001956,FIG_00008342
FIG_00001952,FIG_00001956,FIG_00029439
FIG_00001952,FIG_00001956,FIG_00029239
FIG_00001952,FIG_00001956,FIG_00006109
FIG_00002364,FIG_00012625,FIG_00004351
FIG_00002364,FIG_00012625,FIG_00028414
FIG_00002364,FIG_00012625,FIG_00005693
FIG_00002364,FIG_00012625,FIG_00006479
FIG_00022797,FIG_00022799,FIG_00022800
FIG_00022797,FIG_00022799,FIG_00029298
FIG_00022797,FIG_00022799,FIG_00031135
FIG_00022797,FIG_00022799,FIG_00023531
FIG_00022797,FIG_00022799,FIG_00029673
FIG_00026526,FIG_00026528,FIG_00033121
FIG_00026526,FIG_00026528,FIG_00029926
FIG_00026526,FIG_00026528,FIG_00030002
FIG_00026526,FIG_00026528,FIG_00031372
FIG_00026526,FIG_00026529,FIG_00033121
FIG_00026526,FIG_00026529,FIG_00029926
FIG_00026526,FIG_00026529,FIG_00030002
FIG_00026526,FIG_00026529,FIG_00031372
FIG_00026526,FIG_00026527,FIG_00033121
FIG_00026526,FIG_00026527,FIG_00029926
FIG_00026526,FIG_00026527,FIG_00030002
FIG_00026526,FIG_00026527,FIG_00031372
FIG_00008528,FIG_00008538,FIG_00008704
FIG_00008528,FIG_00008538,FIG_00034631
FIG_00008528,FIG_00008538,FIG_00010632
FIG_00008528,FIG_00008538,FIG_00010362
FIG_00008528,FIG_00008538,FIG_00011366
FIG_00011525,FIG_00011526,FIG_00026859
FIG_00011525,FIG_00011526,FIG_00015988
FIG_00011525,FIG_00011526,FIG_00025441
FIG_00011525,FIG_00011526,FIG_00032694
FIG_00011525,FIG_00011526,FIG_00030930
FIG_00032482,FIG_00032483,FIG_00034361
FIG_00003970,FIG_00003971,FIG_00025235
FIG_00003970,FIG_00003971,FIG_00029263
FIG_00003970,FIG_00003971,FIG_00007907
FIG_00003970,FIG_00003971,FIG_00029262
FIG_00003970,FIG_00003971,FIG_00029265
FIG_00010709,FIG_00010713,FIG_00032725
FIG_00010709,FIG_00010713,FIG_00030406
FIG_00010709,FIG_00010713,FIG_00028036
FIG_00010709,FIG_00010713,FIG_00033683
FIG_00010709,FIG_00010713,FIG_00025435
FIG_00010709,FIG_00010711,FIG_00032725
FIG_00010709,FIG_00010711,FIG_00030406
FIG_00010709,FIG_00010711,FIG_00028036
FIG_00010709,FIG_00010711,FIG_00033683
FIG_00010709,FIG_00010711,FIG_00025435
FIG_00027660,FIG_00027661,FIG_00029043
FIG_00027660,FIG_00027661,FIG_00032333
FIG_00027660,FIG_00027661,FIG_00028553
FIG_00027660,FIG_00027661,FIG_00031382
FIG_00027660,FIG_00027661,FIG_00030374
FIG_00010347,FIG_00010356,FIG_00031067
FIG_00010347,FIG_00010356,FIG_00026160
FIG_00010347,FIG_00010356,FIG_00019656
FIG_00010347,FIG_00010356,FIG_00010627
FIG_00010347,FIG_00010356,FIG_00034325
FIG_00010347,FIG_00010352,FIG_00031067
FIG_00010347,FIG_00010352,FIG_00026160
FIG_00010347,FIG_00010352,FIG_00019656
FIG_00010347,FIG_00010352,FIG_00010627
FIG_00010347,FIG_00010352,FIG_00034325
FIG_00005746,FIG_00005747,FIG_00018528
FIG_00005746,FIG_00005747,FIG_00010670
FIG_00025993,FIG_00025994,FIG_00033126
FIG_00025993,FIG_00025994,FIG_00033127
FIG_00025993,FIG_00025994,FIG_00033136
FIG_00025993,FIG_00025994,FIG_00031859
FIG_00025993,FIG_00025994,FIG_00033135
FIG_00006379,FIG_00006380,FIG_00011569
FIG_00006379,FIG_00006380,FIG_00031195
FIG_00006379,FIG_00006383,FIG_00011569
FIG_00006379,FIG_00006383,FIG_00031195
FIG_00006379,FIG_00006381,FIG_00011569
FIG_00006379,FIG_00006381,FIG_00031195
FIG_00002482,FIG_00002483,FIG_00033883
FIG_00002482,FIG_00002483,FIG_00004412
FIG_00025843,FIG_00033657,FIG_00031843
FIG_00025843,FIG_00033657,FIG_00026093
FIG_00025843,FIG_00033657,FIG_00026092
FIG_00031176,FIG_00031179,FIG_00031236
FIG_00031176,FIG_00031180,FIG_00031236
FIG_00023056,FIG_00023059,FIG_00030881
FIG_00031992,FIG_00031995,FIG_00034244
FIG_00031992,FIG_00031995,FIG_00031999
FIG_00001147,FIG_00006603,FIG_00003548
FIG_00001147,FIG_00006603,FIG_00008578
FIG_00001147,FIG_00006603,FIG_00010247
FIG_00001147,FIG_00006603,FIG_00033520
FIG_00001147,FIG_00006603,FIG_00033519
FIG_00001147,FIG_00001148,FIG_00003548
FIG_00001147,FIG_00001148,FIG_00008578
FIG_00001147,FIG_00001148,FIG_00010247
FIG_00001147,FIG_00001148,FIG_00033520
FIG_00001147,FIG_00001148,FIG_00033519
FIG_00031361,FIG_00031363,FIG_00033864
FIG_00031361,FIG_00031363,FIG_00033660
FIG_00031361,FIG_00031362,FIG_00033864
FIG_00031361,FIG_00031362,FIG_00033660
FIG_00027280,FIG_00027284,FIG_00032884
FIG_00027280,FIG_00027284,FIG_00030226
FIG_00027280,FIG_00027284,FIG_00028383
FIG_00011333,FIG_00011335,FIG_00034502
FIG_00011333,FIG_00011335,FIG_00031715
FIG_00011333,FIG_00011335,FIG_00011356
FIG_00011333,FIG_00011335,FIG_00027147
FIG_00011333,FIG_00011335,FIG_00011447
FIG_00011333,FIG_00011340,FIG_00034502
FIG_00011333,FIG_00011340,FIG_00031715
FIG_00011333,FIG_00011340,FIG_00011356
FIG_00011333,FIG_00011340,FIG_00027147
FIG_00011333,FIG_00011340,FIG_00011447
FIG_00011333,FIG_00011342,FIG_00034502
FIG_00011333,FIG_00011342,FIG_00031715
FIG_00011333,FIG_00011342,FIG_00011356
FIG_00011333,FIG_00011342,FIG_00027147
FIG_00011333,FIG_00011342,FIG_00011447
FIG_00025216,FIG_00025219,FIG_00025218
FIG_00025216,FIG_00025219,FIG_00025223
FIG_00025216,FIG_00025219,FIG_00025221
FIG_00025216,FIG_00025219,FIG_00025220
FIG_00025216,FIG_00025219,FIG_00025224
FIG_00005518,FIG_00005520,FIG_00005526
FIG_00005518,FIG_00005520,FIG_00008538
FIG_00005518,FIG_00005520,FIG_00031733
FIG_00005518,FIG_00005520,FIG_00031721
FIG_00005518,FIG_00005520,FIG_00032897
FIG_00005518,FIG_00005521,FIG_00005526
FIG_00005518,FIG_00005521,FIG_00008538
FIG_00005518,FIG_00005521,FIG_00031733
FIG_00005518,FIG_00005521,FIG_00031721
FIG_00005518,FIG_00005521,FIG_00032897
FIG_00030086,FIG_00030087,FIG_00034609
FIG_00030086,FIG_00030087,FIG_00032202
FIG_00030086,FIG_00030087,FIG_00030924
FIG_00030086,FIG_00030090,FIG_00034609
FIG_00030086,FIG_00030090,FIG_00032202
FIG_00030086,FIG_00030090,FIG_00030924
FIG_00030710,FIG_00030711,FIG_00032033
FIG_00030710,FIG_00030711,FIG_00032797
FIG_00030710,FIG_00030711,FIG_00032804
FIG_00030710,FIG_00030711,FIG_00032803
FIG_00030710,FIG_00030711,FIG_00032802
FIG_00006530,FIG_00006531,FIG_00032390
FIG_00006530,FIG_00006531,FIG_00019753
FIG_00006530,FIG_00006531,FIG_00014248
FIG_00006530,FIG_00006531,FIG_00010066
FIG_00006530,FIG_00006531,FIG_00025424
FIG_00000290,FIG_00013984,FIG_00005774
FIG_00000290,FIG_00013984,FIG_00008582
FIG_00000290,FIG_00013984,FIG_00003509
FIG_00000290,FIG_00013984,FIG_00004508
FIG_00000290,FIG_00013984,FIG_00006891
FIG_00025228,FIG_00025231,FIG_00025238
FIG_00026699,FIG_00026700,FIG_00030163
FIG_00026699,FIG_00026700,FIG_00031595
FIG_00026699,FIG_00026700,FIG_00031614
FIG_00009141,FIG_00009143,FIG_00013980
FIG_00009141,FIG_00009143,FIG_00011567
FIG_00009141,FIG_00009143,FIG_00020482
FIG_00009141,FIG_00009143,FIG_00011150
FIG_00009141,FIG_00009143,FIG_00029640
FIG_00029335,FIG_00029336,FIG_00030152
FIG_00029335,FIG_00029336,FIG_00032807
FIG_00029335,FIG_00029336,FIG_00031824
FIG_00029335,FIG_00029336,FIG_00031242
FIG_00029335,FIG_00029336,FIG_00033873
FIG_00029608,FIG_00029612,FIG_00029614
FIG_00029608,FIG_00029612,FIG_00029609
FIG_00029608,FIG_00029612,FIG_00033874
FIG_00029608,FIG_00029612,FIG_00030445
FIG_00031536,FIG_00031537,FIG_00033915
FIG_00000172,FIG_00000180,FIG_00021003
FIG_00000172,FIG_00000180,FIG_00001626
FIG_00000172,FIG_00000180,FIG_00027178
FIG_00000172,FIG_00000180,FIG_00000984
FIG_00000172,FIG_00000180,FIG_00004092
FIG_00016799,FIG_00016804,FIG_00025474
FIG_00016799,FIG_00016804,FIG_00017143
FIG_00016799,FIG_00016804,FIG_00031988
FIG_00009892,FIG_00009893,FIG_00032201
FIG_00009892,FIG_00009893,FIG_00030221
FIG_00009892,FIG_00009893,FIG_00012493
FIG_00009892,FIG_00009893,FIG_00032582
FIG_00009892,FIG_00009893,FIG_00032203
FIG_00010986,FIG_00010987,FIG_00030457
FIG_00010986,FIG_00010987,FIG_00020579
FIG_00010986,FIG_00010987,FIG_00028967
FIG_00010986,FIG_00010987,FIG_00028966
FIG_00010986,FIG_00010987,FIG_00020577
FIG_00010986,FIG_00010988,FIG_00030457
FIG_00010986,FIG_00010988,FIG_00020579
FIG_00010986,FIG_00010988,FIG_00028967
FIG_00010986,FIG_00010988,FIG_00028966
FIG_00010986,FIG_00010988,FIG_00020577
FIG_00018141,FIG_00018143,FIG_00030015
FIG_00018141,FIG_00018143,FIG_00031617
FIG_00018141,FIG_00018143,FIG_00020092
FIG_00018141,FIG_00018143,FIG_00020095
FIG_00018141,FIG_00018143,FIG_00027591
FIG_00005527,FIG_00005528,FIG_00005541
FIG_00005527,FIG_00005528,FIG_00033603
FIG_00005527,FIG_00005528,FIG_00005543
FIG_00005527,FIG_00005528,FIG_00008342
FIG_00005527,FIG_00005528,FIG_00005539
FIG_00005527,FIG_00005538,FIG_00005541
FIG_00005527,FIG_00005538,FIG_00033603
FIG_00005527,FIG_00005538,FIG_00005543
FIG_00005527,FIG_00005538,FIG_00008342
FIG_00005527,FIG_00005538,FIG_00005539
FIG_00005527,FIG_00005536,FIG_00005541
FIG_00005527,FIG_00005536,FIG_00033603
FIG_00005527,FIG_00005536,FIG_00005543
FIG_00005527,FIG_00005536,FIG_00008342
FIG_00005527,FIG_00005536,FIG_00005539
FIG_00016153,FIG_00016154,FIG_00016157
FIG_00016153,FIG_00016154,FIG_00026691
FIG_00016153,FIG_00016154,FIG_00021969
FIG_00016153,FIG_00016154,FIG_00023369
FIG_00016153,FIG_00016154,FIG_00021968
FIG_00010540,FIG_00010541,FIG_00019776
FIG_00010540,FIG_00010541,FIG_00028031
FIG_00010540,FIG_00010541,FIG_00020205
FIG_00010540,FIG_00010541,FIG_00031717
FIG_00010540,FIG_00010541,FIG_00023753
FIG_00010540,FIG_00010544,FIG_00019776
FIG_00010540,FIG_00010544,FIG_00028031
FIG_00010540,FIG_00010544,FIG_00020205
FIG_00010540,FIG_00010544,FIG_00031717
FIG_00010540,FIG_00010544,FIG_00023753
FIG_00010540,FIG_00010546,FIG_00019776
FIG_00010540,FIG_00010546,FIG_00028031
FIG_00010540,FIG_00010546,FIG_00020205
FIG_00010540,FIG_00010546,FIG_00031717
FIG_00010540,FIG_00010546,FIG_00023753
FIG_00023862,FIG_00023863,FIG_00032849
FIG_00023862,FIG_00023863,FIG_00029249
FIG_00023862,FIG_00023863,FIG_00032395
FIG_00023862,FIG_00023864,FIG_00032849
FIG_00023862,FIG_00023864,FIG_00029249
FIG_00023862,FIG_00023864,FIG_00032395
FIG_00020669,FIG_00020670,FIG_00020970
FIG_00020669,FIG_00020670,FIG_00026242
FIG_00020669,FIG_00020670,FIG_00020969
FIG_00020669,FIG_00020670,FIG_00020972
FIG_00020669,FIG_00020670,FIG_00027178
FIG_00020577,FIG_00029693,FIG_00030811
FIG_00005703,FIG_00005704,FIG_00011094
FIG_00026660,FIG_00026661,FIG_00026662
FIG_00026660,FIG_00026661,FIG_00026665
FIG_00026660,FIG_00026661,FIG_00026666
FIG_00026660,FIG_00026661,FIG_00032361
FIG_00026660,FIG_00026661,FIG_00027762
FIG_00006108,FIG_00006111,FIG_00028347
FIG_00006108,FIG_00006111,FIG_00032965
FIG_00006108,FIG_00006111,FIG_00013724
FIG_00030261,FIG_00030263,FIG_00032470
FIG_00030261,FIG_00030263,FIG_00032469
FIG_00002519,FIG_00002520,FIG_00030145
FIG_00006635,FIG_00006636,FIG_00016306
FIG_00006635,FIG_00006636,FIG_00010026
FIG_00006635,FIG_00006636,FIG_00028544
FIG_00006635,FIG_00006636,FIG_00029136
FIG_00006635,FIG_00006636,FIG_00010017
FIG_00027800,FIG_00027801,FIG_00029028
FIG_00027800,FIG_00027801,FIG_00031344
FIG_00027800,FIG_00027801,FIG_00027971
FIG_00004813,FIG_00004814,FIG_00030811
FIG_00004813,FIG_00004814,FIG_00029461
FIG_00004813,FIG_00004814,FIG_00013488
FIG_00004813,FIG_00004814,FIG_00030952
FIG_00004813,FIG_00004814,FIG_00033121
FIG_00010266,FIG_00010267,FIG_00028077
FIG_00010266,FIG_00010267,FIG_00028840
FIG_00010266,FIG_00010267,FIG_00018567
FIG_00010266,FIG_00010267,FIG_00018236
FIG_00010266,FIG_00010267,FIG_00022424
FIG_00016976,FIG_00016977,FIG_00021554
FIG_00016976,FIG_00016977,FIG_00024943
FIG_00016976,FIG_00016977,FIG_00025247
FIG_00016976,FIG_00016979,FIG_00021554
FIG_00016976,FIG_00016979,FIG_00024943
FIG_00016976,FIG_00016979,FIG_00025247
FIG_00016976,FIG_00016978,FIG_00021554
FIG_00016976,FIG_00016978,FIG_00024943
FIG_00016976,FIG_00016978,FIG_00025247
FIG_00009260,FIG_00009262,FIG_00033354
FIG_00009260,FIG_00009262,FIG_00018063
FIG_00009260,FIG_00009262,FIG_00023482
FIG_00009260,FIG_00009262,FIG_00018062
FIG_00009260,FIG_00009262,FIG_00010613
FIG_00030795,FIG_00030796,FIG_00032647
FIG_00030795,FIG_00030796,FIG_00034106
FIG_00030795,FIG_00030796,FIG_00030815
FIG_00019698,FIG_00019699,FIG_00032255
FIG_00019698,FIG_00019699,FIG_00022404
FIG_00019698,FIG_00019699,FIG_00024414
FIG_00008150,FIG_00008153,FIG_00029543
FIG_00008150,FIG_00008151,FIG_00029543
FIG_00008150,FIG_00008154,FIG_00029543
FIG_00030087,FIG_00030090,FIG_00034609
FIG_00030087,FIG_00030090,FIG_00030924
FIG_00030087,FIG_00030090,FIG_00032202
FIG_00000525,FIG_00000526,FIG_00020115
FIG_00000525,FIG_00000526,FIG_00006483
FIG_00000525,FIG_00000526,FIG_00013551
FIG_00000525,FIG_00000526,FIG_00014227
FIG_00000525,FIG_00000526,FIG_00029916
FIG_00027729,FIG_00027730,FIG_00034853
FIG_00027729,FIG_00027730,FIG_00029431
FIG_00027729,FIG_00027730,FIG_00034854
FIG_00027729,FIG_00027730,FIG_00034838
FIG_00027729,FIG_00027730,FIG_00028402
FIG_00023863,FIG_00023864,FIG_00032395
FIG_00023863,FIG_00023864,FIG_00032849
FIG_00023863,FIG_00023864,FIG_00029694
FIG_00031337,FIG_00031339,FIG_00031338
FIG_00031337,FIG_00031339,FIG_00031340
FIG_00008348,FIG_00008350,FIG_00033606
FIG_00008348,FIG_00008350,FIG_00032880
FIG_00008348,FIG_00008350,FIG_00029314
FIG_00008348,FIG_00008350,FIG_00010318
FIG_00008348,FIG_00008350,FIG_00015975
FIG_00004923,FIG_00004924,FIG_00020614
FIG_00004923,FIG_00004924,FIG_00006926
FIG_00027804,FIG_00027810,FIG_00034042
FIG_00027804,FIG_00027810,FIG_00031160
FIG_00027804,FIG_00027810,FIG_00031166
FIG_00027804,FIG_00027810,FIG_00031167
FIG_00027804,FIG_00027810,FIG_00034040
FIG_00027804,FIG_00027809,FIG_00034042
FIG_00027804,FIG_00027809,FIG_00031160
FIG_00027804,FIG_00027809,FIG_00031166
FIG_00027804,FIG_00027809,FIG_00031167
FIG_00027804,FIG_00027809,FIG_00034040
FIG_00034209,FIG_00034215,FIG_00034211
FIG_00022454,FIG_00022455,FIG_00030903
FIG_00022454,FIG_00022455,FIG_00033584
FIG_00022454,FIG_00022455,FIG_00028115
FIG_00022454,FIG_00022456,FIG_00030903
FIG_00022454,FIG_00022456,FIG_00033584
FIG_00022454,FIG_00022456,FIG_00028115
FIG_00008561,FIG_00008562,FIG_00021835
FIG_00008561,FIG_00008562,FIG_00029666
FIG_00008561,FIG_00008562,FIG_00010501
FIG_00008561,FIG_00008562,FIG_00019245
FIG_00008561,FIG_00008562,FIG_00020811
FIG_00006591,FIG_00006593,FIG_00021973
FIG_00006591,FIG_00006593,FIG_00011655
FIG_00006591,FIG_00006593,FIG_00016051
FIG_00006591,FIG_00006593,FIG_00006747
FIG_00006591,FIG_00006593,FIG_00027151
FIG_00033558,FIG_00033559,FIG_00033582
FIG_00033558,FIG_00033561,FIG_00033582
FIG_00033558,FIG_00033560,FIG_00033582
FIG_00031551,FIG_00031552,FIG_00034208
FIG_00031551,FIG_00031552,FIG_00032412
FIG_00031551,FIG_00031552,FIG_00034202
FIG_00031551,FIG_00031552,FIG_00032557
FIG_00031551,FIG_00031552,FIG_00034569
FIG_00001172,FIG_00001173,FIG_00033353
FIG_00001172,FIG_00001173,FIG_00005570
FIG_00001172,FIG_00001173,FIG_00029866
FIG_00001172,FIG_00001173,FIG_00010082
FIG_00001172,FIG_00001173,FIG_00004417
FIG_00001172,FIG_00001174,FIG_00033353
FIG_00001172,FIG_00001174,FIG_00005570
FIG_00001172,FIG_00001174,FIG_00029866
FIG_00001172,FIG_00001174,FIG_00010082
FIG_00001172,FIG_00001174,FIG_00004417
FIG_00000028,FIG_00000032,FIG_00004703
FIG_00000028,FIG_00000032,FIG_00008660
FIG_00000028,FIG_00000032,FIG_00019235
FIG_00000028,FIG_00000032,FIG_00012182
FIG_00000028,FIG_00000032,FIG_00029489
FIG_00034388,FIG_00034389,FIG_00034425
FIG_00026429,FIG_00026430,FIG_00026438
FIG_00026429,FIG_00026430,FIG_00026431
FIG_00030985,FIG_00030992,FIG_00030988
FIG_00030985,FIG_00030992,FIG_00032897
FIG_00030985,FIG_00030992,FIG_00032456
FIG_00030985,FIG_00030992,FIG_00031719
FIG_00030985,FIG_00030992,FIG_00032487
FIG_00030985,FIG_00030986,FIG_00030988
FIG_00030985,FIG_00030986,FIG_00032897
FIG_00030985,FIG_00030986,FIG_00032456
FIG_00030985,FIG_00030986,FIG_00031719
FIG_00030985,FIG_00030986,FIG_00032487
FIG_00030985,FIG_00030993,FIG_00030988
FIG_00030985,FIG_00030993,FIG_00032897
FIG_00030985,FIG_00030993,FIG_00032456
FIG_00030985,FIG_00030993,FIG_00031719
FIG_00030985,FIG_00030993,FIG_00032487
FIG_00004561,FIG_00004562,FIG_00016002
FIG_00004561,FIG_00004562,FIG_00017973
FIG_00004561,FIG_00004562,FIG_00014776
FIG_00004561,FIG_00004562,FIG_00028081
FIG_00004561,FIG_00004562,FIG_00015613
FIG_00014568,FIG_00014569,FIG_00019713
FIG_00014568,FIG_00014569,FIG_00017523
FIG_00014568,FIG_00014569,FIG_00018719
FIG_00014568,FIG_00014569,FIG_00015181
FIG_00014568,FIG_00014569,FIG_00015947
FIG_00000774,FIG_00000775,FIG_00005126
FIG_00000774,FIG_00000775,FIG_00013222
FIG_00000774,FIG_00000775,FIG_00007742
FIG_00000774,FIG_00000775,FIG_00005124
FIG_00000774,FIG_00000775,FIG_00005125
FIG_00000774,FIG_00000776,FIG_00005126
FIG_00000774,FIG_00000776,FIG_00013222
FIG_00000774,FIG_00000776,FIG_00007742
FIG_00000774,FIG_00000776,FIG_00005124
FIG_00000774,FIG_00000776,FIG_00005125
FIG_00029906,FIG_00029908,FIG_00029909
FIG_00029906,FIG_00029908,FIG_00032033
FIG_00029906,FIG_00029908,FIG_00030494
FIG_00011355,FIG_00011360,FIG_00030182
FIG_00011355,FIG_00011360,FIG_00031715
FIG_00011355,FIG_00011360,FIG_00030181
FIG_00011355,FIG_00011360,FIG_00034502
FIG_00031996,FIG_00031998,FIG_00034557
FIG_00031996,FIG_00031998,FIG_00034244
FIG_00031996,FIG_00031999,FIG_00034557
FIG_00031996,FIG_00031999,FIG_00034244
FIG_00031996,FIG_00031997,FIG_00034557
FIG_00031996,FIG_00031997,FIG_00034244
FIG_00028958,FIG_00028959,FIG_00033768
FIG_00028958,FIG_00028959,FIG_00032050
FIG_00028958,FIG_00028959,FIG_00032051
FIG_00028958,FIG_00028959,FIG_00029259
FIG_00028958,FIG_00028959,FIG_00033437
FIG_00030157,FIG_00030160,FIG_00030158
FIG_00030157,FIG_00030160,FIG_00033667
FIG_00030157,FIG_00030160,FIG_00031377
FIG_00010536,FIG_00010543,FIG_00034172
FIG_00010536,FIG_00010543,FIG_00029313
FIG_00010536,FIG_00010543,FIG_00020092
FIG_00010536,FIG_00010543,FIG_00019294
FIG_00010536,FIG_00010543,FIG_00021905
FIG_00010536,FIG_00010539,FIG_00034172
FIG_00010536,FIG_00010539,FIG_00029313
FIG_00010536,FIG_00010539,FIG_00020092
FIG_00010536,FIG_00010539,FIG_00019294
FIG_00010536,FIG_00010539,FIG_00021905
FIG_00026527,FIG_00026529,FIG_00033121
FIG_00026527,FIG_00026529,FIG_00029926
FIG_00026527,FIG_00026529,FIG_00031372
FIG_00026527,FIG_00026529,FIG_00030002
FIG_00026527,FIG_00026528,FIG_00033121
FIG_00026527,FIG_00026528,FIG_00029926
FIG_00026527,FIG_00026528,FIG_00031372
FIG_00026527,FIG_00026528,FIG_00030002
FIG_00026527,FIG_00026530,FIG_00033121
FIG_00026527,FIG_00026530,FIG_00029926
FIG_00026527,FIG_00026530,FIG_00031372
FIG_00026527,FIG_00026530,FIG_00030002
FIG_00025238,FIG_00025240,FIG_00028069
FIG_00006365,FIG_00006366,FIG_00010569
FIG_00006365,FIG_00006366,FIG_00025136
FIG_00006365,FIG_00006366,FIG_00025139
FIG_00006365,FIG_00006366,FIG_00025138
FIG_00006365,FIG_00006366,FIG_00032738
FIG_00006365,FIG_00006370,FIG_00010569
FIG_00006365,FIG_00006370,FIG_00025136
FIG_00006365,FIG_00006370,FIG_00025139
FIG_00006365,FIG_00006370,FIG_00025138
FIG_00006365,FIG_00006370,FIG_00032738
FIG_00021213,FIG_00021214,FIG_00034417
FIG_00021213,FIG_00021214,FIG_00028388
FIG_00021213,FIG_00021214,FIG_00034432
FIG_00021213,FIG_00021214,FIG_00033117
FIG_00021213,FIG_00021214,FIG_00029527
FIG_00030858,FIG_00030859,FIG_00031611
FIG_00030858,FIG_00030859,FIG_00031391
FIG_00030858,FIG_00030859,FIG_00031609
FIG_00033515,FIG_00033516,FIG_00033518
FIG_00033515,FIG_00033516,FIG_00033520
FIG_00034257,FIG_00034259,FIG_00034258
FIG_00034257,FIG_00034259,FIG_00034337
FIG_00015658,FIG_00015659,FIG_00024774
FIG_00015658,FIG_00015659,FIG_00031212
FIG_00015658,FIG_00015659,FIG_00034178
FIG_00015658,FIG_00015659,FIG_00017040
FIG_00015658,FIG_00015659,FIG_00030195
FIG_00015658,FIG_00015663,FIG_00024774
FIG_00015658,FIG_00015663,FIG_00031212
FIG_00015658,FIG_00015663,FIG_00034178
FIG_00015658,FIG_00015663,FIG_00017040
FIG_00015658,FIG_00015663,FIG_00030195
FIG_00010055,FIG_00010061,FIG_00032299
FIG_00010055,FIG_00010061,FIG_00010273
FIG_00010055,FIG_00010061,FIG_00030325
FIG_00010055,FIG_00010061,FIG_00018280
FIG_00010055,FIG_00010061,FIG_00010176
FIG_00015657,FIG_00015658,FIG_00024774
FIG_00015657,FIG_00015658,FIG_00031212
FIG_00015657,FIG_00015658,FIG_00034178
FIG_00015657,FIG_00015658,FIG_00017040
FIG_00015657,FIG_00015658,FIG_00030195
FIG_00015657,FIG_00015659,FIG_00024774
FIG_00015657,FIG_00015659,FIG_00031212
FIG_00015657,FIG_00015659,FIG_00034178
FIG_00015657,FIG_00015659,FIG_00017040
FIG_00015657,FIG_00015659,FIG_00030195
FIG_00015657,FIG_00015663,FIG_00024774
FIG_00015657,FIG_00015663,FIG_00031212
FIG_00015657,FIG_00015663,FIG_00034178
FIG_00015657,FIG_00015663,FIG_00017040
FIG_00015657,FIG_00015663,FIG_00030195
FIG_00001681,FIG_00001682,FIG_00010877
FIG_00001681,FIG_00001682,FIG_00011248
FIG_00001681,FIG_00001682,FIG_00028515
FIG_00001681,FIG_00001682,FIG_00008019
FIG_00001681,FIG_00001684,FIG_00010877
FIG_00001681,FIG_00001684,FIG_00011248
FIG_00001681,FIG_00001684,FIG_00028515
FIG_00001681,FIG_00001684,FIG_00008019
FIG_00001681,FIG_00001687,FIG_00010877
FIG_00001681,FIG_00001687,FIG_00011248
FIG_00001681,FIG_00001687,FIG_00028515
FIG_00001681,FIG_00001687,FIG_00008019
FIG_00022455,FIG_00022456,FIG_00030903
FIG_00022455,FIG_00022456,FIG_00028115
FIG_00022455,FIG_00022456,FIG_00034946
FIG_00004555,FIG_00004556,FIG_00005883
FIG_00004555,FIG_00004556,FIG_00031523
FIG_00004555,FIG_00004556,FIG_00030368
FIG_00004555,FIG_00004556,FIG_00029154
FIG_00004555,FIG_00004556,FIG_00029623
FIG_00032037,FIG_00032038,FIG_00032315
FIG_00009246,FIG_00009260,FIG_00033354
FIG_00009246,FIG_00009260,FIG_00023482
FIG_00009246,FIG_00009260,FIG_00018063
FIG_00009246,FIG_00009260,FIG_00026131
FIG_00009246,FIG_00009260,FIG_00010613
FIG_00009246,FIG_00009259,FIG_00033354
FIG_00009246,FIG_00009259,FIG_00023482
FIG_00009246,FIG_00009259,FIG_00018063
FIG_00009246,FIG_00009259,FIG_00026131
FIG_00009246,FIG_00009259,FIG_00010613
FIG_00009246,FIG_00009262,FIG_00033354
FIG_00009246,FIG_00009262,FIG_00023482
FIG_00009246,FIG_00009262,FIG_00018063
FIG_00009246,FIG_00009262,FIG_00026131
FIG_00009246,FIG_00009262,FIG_00010613
FIG_00016149,FIG_00016152,FIG_00016151
FIG_00003149,FIG_00023543,FIG_00016363
FIG_00003149,FIG_00023543,FIG_00025499
FIG_00003149,FIG_00023543,FIG_00034433
FIG_00003149,FIG_00023543,FIG_00027056
FIG_00003149,FIG_00023543,FIG_00027055
FIG_00008514,FIG_00008515,FIG_00029372
FIG_00008514,FIG_00008515,FIG_00030195
FIG_00008514,FIG_00008515,FIG_00034208
FIG_00008514,FIG_00008515,FIG_00028033
FIG_00008514,FIG_00008515,FIG_00024473
FIG_00018739,FIG_00018740,FIG_00028607
FIG_00018739,FIG_00018740,FIG_00034069
FIG_00018739,FIG_00018740,FIG_00028612
FIG_00018739,FIG_00018740,FIG_00032302
FIG_00018739,FIG_00018740,FIG_00030675
FIG_00006685,FIG_00006686,FIG_00019945
FIG_00011759,FIG_00011760,FIG_00025226
FIG_00011759,FIG_00011760,FIG_00012139
FIG_00011759,FIG_00011760,FIG_00017867
FIG_00011759,FIG_00011760,FIG_00023523
FIG_00011759,FIG_00021199,FIG_00025226
FIG_00011759,FIG_00021199,FIG_00012139
FIG_00011759,FIG_00021199,FIG_00017867
FIG_00011759,FIG_00021199,FIG_00023523
FIG_00029320,FIG_00029321,FIG_00033220
FIG_00029320,FIG_00029321,FIG_00030246
FIG_00029320,FIG_00029321,FIG_00032486
FIG_00022952,FIG_00022957,FIG_00027971
FIG_00022952,FIG_00022957,FIG_00022955
FIG_00022952,FIG_00022957,FIG_00022960
FIG_00022952,FIG_00022957,FIG_00029278
FIG_00003596,FIG_00003602,FIG_00009642
FIG_00003596,FIG_00003602,FIG_00009630
FIG_00003596,FIG_00003602,FIG_00009634
FIG_00003596,FIG_00003602,FIG_00009621
FIG_00003596,FIG_00003602,FIG_00003603
FIG_00003596,FIG_00003598,FIG_00009642
FIG_00003596,FIG_00003598,FIG_00009630
FIG_00003596,FIG_00003598,FIG_00009634
FIG_00003596,FIG_00003598,FIG_00009621
FIG_00003596,FIG_00003598,FIG_00003603
FIG_00003596,FIG_00003597,FIG_00009642
FIG_00003596,FIG_00003597,FIG_00009630
FIG_00003596,FIG_00003597,FIG_00009634
FIG_00003596,FIG_00003597,FIG_00009621
FIG_00003596,FIG_00003597,FIG_00003603
FIG_00031092,FIG_00031094,FIG_00033399
FIG_00031092,FIG_00031093,FIG_00033399
FIG_00003985,FIG_00003986,FIG_00007786
FIG_00003985,FIG_00003986,FIG_00015986
FIG_00003985,FIG_00003986,FIG_00010175
FIG_00003985,FIG_00003986,FIG_00011414
FIG_00003985,FIG_00003986,FIG_00006601
FIG_00031432,FIG_00031435,FIG_00033275
FIG_00009810,FIG_00009813,FIG_00029031
FIG_00009810,FIG_00009813,FIG_00009815
FIG_00009810,FIG_00009813,FIG_00012022
FIG_00009810,FIG_00009813,FIG_00027729
FIG_00004564,FIG_00004565,FIG_00033682
FIG_00004564,FIG_00004565,FIG_00029663
FIG_00004564,FIG_00004565,FIG_00029967
FIG_00004564,FIG_00004565,FIG_00028642
FIG_00004564,FIG_00004565,FIG_00009882
FIG_00012088,FIG_00012089,FIG_00012091
FIG_00005620,FIG_00005631,FIG_00011666
FIG_00005620,FIG_00005631,FIG_00010730
FIG_00005620,FIG_00005631,FIG_00006924
FIG_00005620,FIG_00005631,FIG_00015124
FIG_00005620,FIG_00005631,FIG_00012217
FIG_00005620,FIG_00005629,FIG_00011666
FIG_00005620,FIG_00005629,FIG_00010730
FIG_00005620,FIG_00005629,FIG_00006924
FIG_00005620,FIG_00005629,FIG_00015124
FIG_00005620,FIG_00005629,FIG_00012217
FIG_00005620,FIG_00005626,FIG_00011666
FIG_00005620,FIG_00005626,FIG_00010730
FIG_00005620,FIG_00005626,FIG_00006924
FIG_00005620,FIG_00005626,FIG_00015124
FIG_00005620,FIG_00005626,FIG_00012217
FIG_00001723,FIG_00001724,FIG_00002765
FIG_00001723,FIG_00001724,FIG_00018495
FIG_00001723,FIG_00001724,FIG_00002139
FIG_00001723,FIG_00001724,FIG_00031564
FIG_00001723,FIG_00001724,FIG_00028989
FIG_00001723,FIG_00001727,FIG_00002765
FIG_00001723,FIG_00001727,FIG_00018495
FIG_00001723,FIG_00001727,FIG_00002139
FIG_00001723,FIG_00001727,FIG_00031564
FIG_00001723,FIG_00001727,FIG_00028989
FIG_00001723,FIG_00001725,FIG_00002765
FIG_00001723,FIG_00001725,FIG_00018495
FIG_00001723,FIG_00001725,FIG_00002139
FIG_00001723,FIG_00001725,FIG_00031564
FIG_00001723,FIG_00001725,FIG_00028989
FIG_00005519,FIG_00005523,FIG_00028547
FIG_00005519,FIG_00005523,FIG_00029822
FIG_00005519,FIG_00005523,FIG_00011268
FIG_00005519,FIG_00005523,FIG_00009028
FIG_00005519,FIG_00005523,FIG_00023049
FIG_00004479,FIG_00004480,FIG_00009549
FIG_00004479,FIG_00004480,FIG_00014688
FIG_00004479,FIG_00004480,FIG_00005288
FIG_00004479,FIG_00004480,FIG_00030867
FIG_00004479,FIG_00004480,FIG_00011154
FIG_00026309,FIG_00026320,FIG_00028293
FIG_00026309,FIG_00026320,FIG_00026858
FIG_00003034,FIG_00003035,FIG_00003039
FIG_00003034,FIG_00003035,FIG_00017194
FIG_00003034,FIG_00003035,FIG_00032387
FIG_00003034,FIG_00003035,FIG_00014406
FIG_00003034,FIG_00003035,FIG_00007045
FIG_00008697,FIG_00008699,FIG_00018190
FIG_00008697,FIG_00008699,FIG_00011477
FIG_00008697,FIG_00008699,FIG_00011567
FIG_00008697,FIG_00008699,FIG_00029186
FIG_00008697,FIG_00008699,FIG_00016719
FIG_00008697,FIG_00008698,FIG_00018190
FIG_00008697,FIG_00008698,FIG_00011477
FIG_00008697,FIG_00008698,FIG_00011567
FIG_00008697,FIG_00008698,FIG_00029186
FIG_00008697,FIG_00008698,FIG_00016719
FIG_00031963,FIG_00031964,FIG_00033808
FIG_00031963,FIG_00031964,FIG_00032852
FIG_00031963,FIG_00031964,FIG_00033138
FIG_00018414,FIG_00019001,FIG_00019010
FIG_00003724,FIG_00003725,FIG_00029436
FIG_00003724,FIG_00003725,FIG_00013055
FIG_00003724,FIG_00003725,FIG_00018055
FIG_00003724,FIG_00003725,FIG_00004301
FIG_00003724,FIG_00003725,FIG_00031105
FIG_00005733,FIG_00005737,FIG_00034292
FIG_00005733,FIG_00005737,FIG_00009745
FIG_00005733,FIG_00005737,FIG_00009744
FIG_00005733,FIG_00005737,FIG_00006076
FIG_00005733,FIG_00005737,FIG_00029834
FIG_00016161,FIG_00016166,FIG_00026691
FIG_00016161,FIG_00016166,FIG_00021969
FIG_00016161,FIG_00016166,FIG_00021972
FIG_00016161,FIG_00016166,FIG_00030181
FIG_00016161,FIG_00016166,FIG_00021968
FIG_00008617,FIG_00008618,FIG_00032129
FIG_00008617,FIG_00008618,FIG_00031362
FIG_00008617,FIG_00008618,FIG_00018045
FIG_00008617,FIG_00008618,FIG_00009354
FIG_00008617,FIG_00008618,FIG_00009656
FIG_00022451,FIG_00022452,FIG_00029043
FIG_00022451,FIG_00022452,FIG_00029064
FIG_00022451,FIG_00022452,FIG_00031382
FIG_00022451,FIG_00022452,FIG_00031393
FIG_00022451,FIG_00022452,FIG_00031242
FIG_00022451,FIG_00022453,FIG_00029043
FIG_00022451,FIG_00022453,FIG_00029064
FIG_00022451,FIG_00022453,FIG_00031382
FIG_00022451,FIG_00022453,FIG_00031393
FIG_00022451,FIG_00022453,FIG_00031242
FIG_00031989,FIG_00031993,FIG_00034244
FIG_00031989,FIG_00031991,FIG_00034244
FIG_00011335,FIG_00011340,FIG_00034502
FIG_00011335,FIG_00011340,FIG_00031715
FIG_00011335,FIG_00011340,FIG_00011356
FIG_00011335,FIG_00011340,FIG_00030182
FIG_00011335,FIG_00011340,FIG_00015567
FIG_00011335,FIG_00011342,FIG_00034502
FIG_00011335,FIG_00011342,FIG_00031715
FIG_00011335,FIG_00011342,FIG_00011356
FIG_00011335,FIG_00011342,FIG_00030182
FIG_00011335,FIG_00011342,FIG_00015567
FIG_00011335,FIG_00011355,FIG_00034502
FIG_00011335,FIG_00011355,FIG_00031715
FIG_00011335,FIG_00011355,FIG_00011356
FIG_00011335,FIG_00011355,FIG_00030182
FIG_00011335,FIG_00011355,FIG_00015567
FIG_00007746,FIG_00007748,FIG_00008365
FIG_00007746,FIG_00007748,FIG_00023637
FIG_00007746,FIG_00007748,FIG_00027685
FIG_00007746,FIG_00007748,FIG_00015801
FIG_00007746,FIG_00007748,FIG_00008366
FIG_00033177,FIG_00033178,FIG_00033194
FIG_00033177,FIG_00033178,FIG_00033198
FIG_00009144,FIG_00009148,FIG_00022491
FIG_00009144,FIG_00009148,FIG_00033426
FIG_00009144,FIG_00009148,FIG_00009724
FIG_00009144,FIG_00009148,FIG_00029360
FIG_00009144,FIG_00009148,FIG_00033439
FIG_00009144,FIG_00009145,FIG_00022491
FIG_00009144,FIG_00009145,FIG_00033426
FIG_00009144,FIG_00009145,FIG_00009724
FIG_00009144,FIG_00009145,FIG_00029360
FIG_00009144,FIG_00009145,FIG_00033439
FIG_00009144,FIG_00009149,FIG_00022491
FIG_00009144,FIG_00009149,FIG_00033426
FIG_00009144,FIG_00009149,FIG_00009724
FIG_00009144,FIG_00009149,FIG_00029360
FIG_00009144,FIG_00009149,FIG_00033439
FIG_00024508,FIG_00024510,FIG_00029633
FIG_00024508,FIG_00024510,FIG_00032131
FIG_00024508,FIG_00024510,FIG_00031568
FIG_00010365,FIG_00010367,FIG_00010369
FIG_00010365,FIG_00010367,FIG_00011962
FIG_00010365,FIG_00010367,FIG_00024135
FIG_00010365,FIG_00010367,FIG_00018587
FIG_00008674,FIG_00008675,FIG_00009608
FIG_00008674,FIG_00008675,FIG_00029169
FIG_00008674,FIG_00008675,FIG_00032023
FIG_00008674,FIG_00008675,FIG_00030008
FIG_00008674,FIG_00008675,FIG_00032932
FIG_00003840,FIG_00003843,FIG_00030993
FIG_00003840,FIG_00003843,FIG_00030989
FIG_00003840,FIG_00003843,FIG_00030992
FIG_00003840,FIG_00003843,FIG_00032897
FIG_00003840,FIG_00003843,FIG_00030986
FIG_00008476,FIG_00008477,FIG_00008479
FIG_00008476,FIG_00008477,FIG_00020256
FIG_00008476,FIG_00008477,FIG_00022748
FIG_00008476,FIG_00008477,FIG_00027444
FIG_00008476,FIG_00008477,FIG_00029843
FIG_00032627,FIG_00032628,FIG_00032629
FIG_00032627,FIG_00032628,FIG_00033135
FIG_00032538,FIG_00032539,FIG_00033804
FIG_00032538,FIG_00032540,FIG_00033804
FIG_00002707,FIG_00002713,FIG_00002709
FIG_00002707,FIG_00002713,FIG_00032414
FIG_00002707,FIG_00002713,FIG_00028711
FIG_00002707,FIG_00002713,FIG_00031310
FIG_00002707,FIG_00002713,FIG_00014642
FIG_00032367,FIG_00032368,FIG_00032730
FIG_00005808,FIG_00005809,FIG_00022710
FIG_00018790,FIG_00018791,FIG_00031299
FIG_00018790,FIG_00018791,FIG_00021582
FIG_00018790,FIG_00018791,FIG_00019899
FIG_00018790,FIG_00018791,FIG_00027748
FIG_00018790,FIG_00018791,FIG_00025699
FIG_00033055,FIG_00033056,FIG_00033068
FIG_00033055,FIG_00033056,FIG_00033058
FIG_00033529,FIG_00033530,FIG_00034847
FIG_00030745,FIG_00030746,FIG_00030764
FIG_00030745,FIG_00030746,FIG_00030766
FIG_00030745,FIG_00030746,FIG_00030747
FIG_00030745,FIG_00030746,FIG_00030754
FIG_00030745,FIG_00030746,FIG_00032871
FIG_00009803,FIG_00009810,FIG_00029031
FIG_00009803,FIG_00009810,FIG_00009815
FIG_00009803,FIG_00009810,FIG_00027727
FIG_00009803,FIG_00009810,FIG_00027730
FIG_00009803,FIG_00009810,FIG_00027729
FIG_00009803,FIG_00009806,FIG_00029031
FIG_00009803,FIG_00009806,FIG_00009815
FIG_00009803,FIG_00009806,FIG_00027727
FIG_00009803,FIG_00009806,FIG_00027730
FIG_00009803,FIG_00009806,FIG_00027729
FIG_00009803,FIG_00009809,FIG_00029031
FIG_00009803,FIG_00009809,FIG_00009815
FIG_00009803,FIG_00009809,FIG_00027727
FIG_00009803,FIG_00009809,FIG_00027730
FIG_00009803,FIG_00009809,FIG_00027729
FIG_00030274,FIG_00030275,FIG_00031163
FIG_00030274,FIG_00030275,FIG_00031167
FIG_00030274,FIG_00030275,FIG_00031165
FIG_00030274,FIG_00030275,FIG_00031166
FIG_00032050,FIG_00032051,FIG_00033429
FIG_00032050,FIG_00032051,FIG_00033438
FIG_00032050,FIG_00032051,FIG_00033440
FIG_00032050,FIG_00032051,FIG_00033428
FIG_00032050,FIG_00032051,FIG_00033441
FIG_00007048,FIG_00007049,FIG_00007050
FIG_00007048,FIG_00007049,FIG_00007051
FIG_00007048,FIG_00007049,FIG_00032572
FIG_00007048,FIG_00007049,FIG_00008704
FIG_00007048,FIG_00007049,FIG_00007065
FIG_00018733,FIG_00018735,FIG_00018736
FIG_00018733,FIG_00018735,FIG_00024131
FIG_00018733,FIG_00018735,FIG_00027575
FIG_00018733,FIG_00018735,FIG_00019787
FIG_00018733,FIG_00018735,FIG_00033279
FIG_00031947,FIG_00031949,FIG_00032359
FIG_00031947,FIG_00031948,FIG_00032359
FIG_00006432,FIG_00006435,FIG_00034352
FIG_00006432,FIG_00006435,FIG_00010713
FIG_00006432,FIG_00006435,FIG_00026834
FIG_00006432,FIG_00006435,FIG_00010711
FIG_00006432,FIG_00006435,FIG_00032725
FIG_00007440,FIG_00007441,FIG_00007443
FIG_00007440,FIG_00007441,FIG_00007446
FIG_00006612,FIG_00006613,FIG_00027180
FIG_00006612,FIG_00006613,FIG_00021296
FIG_00006612,FIG_00006613,FIG_00021487
FIG_00006612,FIG_00006613,FIG_00016972
FIG_00006612,FIG_00006613,FIG_00014775
FIG_00004262,FIG_00004272,FIG_00004492
FIG_00004262,FIG_00004272,FIG_00026415
FIG_00004262,FIG_00004272,FIG_00010959
FIG_00004262,FIG_00004272,FIG_00028099
FIG_00004262,FIG_00004272,FIG_00029839
FIG_00004262,FIG_00004271,FIG_00004492
FIG_00004262,FIG_00004271,FIG_00026415
FIG_00004262,FIG_00004271,FIG_00010959
FIG_00004262,FIG_00004271,FIG_00028099
FIG_00004262,FIG_00004271,FIG_00029839
FIG_00025725,FIG_00025726,FIG_00025855
FIG_00012934,FIG_00012938,FIG_00016340
FIG_00012934,FIG_00012938,FIG_00013098
FIG_00012934,FIG_00012938,FIG_00030596
FIG_00012934,FIG_00012938,FIG_00014516
FIG_00012934,FIG_00012938,FIG_00027578
FIG_00014805,FIG_00014806,FIG_00031733
FIG_00014805,FIG_00014806,FIG_00020295
FIG_00014805,FIG_00014806,FIG_00031704
FIG_00014805,FIG_00014806,FIG_00020037
FIG_00014805,FIG_00014806,FIG_00031728
FIG_00001230,FIG_00001231,FIG_00033662
FIG_00001230,FIG_00001231,FIG_00006180
FIG_00001230,FIG_00001231,FIG_00034451
FIG_00001230,FIG_00001231,FIG_00004022
FIG_00001230,FIG_00001231,FIG_00023545
FIG_00012226,FIG_00012228,FIG_00029189
FIG_00012226,FIG_00012228,FIG_00015728
FIG_00012226,FIG_00012228,FIG_00034054
FIG_00012226,FIG_00012228,FIG_00015829
FIG_00012226,FIG_00012228,FIG_00032971
FIG_00025236,FIG_00025237,FIG_00027849
FIG_00025236,FIG_00025237,FIG_00034682
FIG_00025236,FIG_00025240,FIG_00027849
FIG_00025236,FIG_00025240,FIG_00034682
FIG_00025236,FIG_00025238,FIG_00027849
FIG_00025236,FIG_00025238,FIG_00034682
FIG_00001153,FIG_00001156,FIG_00011843
FIG_00001153,FIG_00001156,FIG_00005419
FIG_00001153,FIG_00001156,FIG_00016982
FIG_00001153,FIG_00001156,FIG_00031198
FIG_00001153,FIG_00001156,FIG_00008228
FIG_00014457,FIG_00014459,FIG_00018710
FIG_00014457,FIG_00014459,FIG_00018879
FIG_00014457,FIG_00014459,FIG_00015467
FIG_00014457,FIG_00014459,FIG_00034808
FIG_00014457,FIG_00014459,FIG_00014458
FIG_00017760,FIG_00017761,FIG_00019850
FIG_00017760,FIG_00017761,FIG_00017921
FIG_00017760,FIG_00017761,FIG_00022710
FIG_00017760,FIG_00017761,FIG_00028548
FIG_00017760,FIG_00017761,FIG_00033072
FIG_00003727,FIG_00003728,FIG_00023948
FIG_00003727,FIG_00003728,FIG_00016050
FIG_00003727,FIG_00003728,FIG_00031110
FIG_00003727,FIG_00003728,FIG_00031105
FIG_00003727,FIG_00003728,FIG_00007077
FIG_00011520,FIG_00011521,FIG_00031316
FIG_00011520,FIG_00011521,FIG_00011934
FIG_00011520,FIG_00011521,FIG_00033499
FIG_00011520,FIG_00011521,FIG_00016090
FIG_00011520,FIG_00011521,FIG_00032838
FIG_00011227,FIG_00011232,FIG_00017412
FIG_00011227,FIG_00011232,FIG_00012130
FIG_00011227,FIG_00011232,FIG_00030781
FIG_00011227,FIG_00011232,FIG_00019549
FIG_00011227,FIG_00011232,FIG_00020756
FIG_00011227,FIG_00011230,FIG_00017412
FIG_00011227,FIG_00011230,FIG_00012130
FIG_00011227,FIG_00011230,FIG_00030781
FIG_00011227,FIG_00011230,FIG_00019549
FIG_00011227,FIG_00011230,FIG_00020756
FIG_00011227,FIG_00011231,FIG_00017412
FIG_00011227,FIG_00011231,FIG_00012130
FIG_00011227,FIG_00011231,FIG_00030781
FIG_00011227,FIG_00011231,FIG_00019549
FIG_00011227,FIG_00011231,FIG_00020756
FIG_00029263,FIG_00029264,FIG_00029265
FIG_00029263,FIG_00029264,FIG_00031433
FIG_00029263,FIG_00029264,FIG_00029715
FIG_00029263,FIG_00029264,FIG_00030315
FIG_00001726,FIG_00001728,FIG_00005697
FIG_00001726,FIG_00001728,FIG_00005223
FIG_00001726,FIG_00001728,FIG_00002532
FIG_00001726,FIG_00001728,FIG_00014055
FIG_00001726,FIG_00001728,FIG_00005695
FIG_00002733,FIG_00002735,FIG_00013144
FIG_00002733,FIG_00002735,FIG_00002914
FIG_00002733,FIG_00002735,FIG_00009169
FIG_00002733,FIG_00002735,FIG_00030688
FIG_00002733,FIG_00002735,FIG_00026097
FIG_00013496,FIG_00013500,FIG_00013498
FIG_00013496,FIG_00013500,FIG_00032495
FIG_00013496,FIG_00013500,FIG_00013497
FIG_00013496,FIG_00013500,FIG_00013503
FIG_00013496,FIG_00013502,FIG_00013498
FIG_00013496,FIG_00013502,FIG_00032495
FIG_00013496,FIG_00013502,FIG_00013497
FIG_00013496,FIG_00013502,FIG_00013503
FIG_00013496,FIG_00013501,FIG_00013498
FIG_00013496,FIG_00013501,FIG_00032495
FIG_00013496,FIG_00013501,FIG_00013497
FIG_00013496,FIG_00013501,FIG_00013503
FIG_00000320,FIG_00000324,FIG_00020911
FIG_00000320,FIG_00000324,FIG_00034682
FIG_00000320,FIG_00000324,FIG_00007316
FIG_00000320,FIG_00000324,FIG_00009384
FIG_00000320,FIG_00000324,FIG_00030364
FIG_00018450,FIG_00018451,FIG_00026939
FIG_00018450,FIG_00018451,FIG_00034592
FIG_00018450,FIG_00018451,FIG_00019889
FIG_00018450,FIG_00018452,FIG_00026939
FIG_00018450,FIG_00018452,FIG_00034592
FIG_00018450,FIG_00018452,FIG_00019889
FIG_00018450,FIG_00018458,FIG_00026939
FIG_00018450,FIG_00018458,FIG_00034592
FIG_00018450,FIG_00018458,FIG_00019889
FIG_00007850,FIG_00007859,FIG_00034279
FIG_00007850,FIG_00007859,FIG_00018203
FIG_00007850,FIG_00007859,FIG_00017154
FIG_00007850,FIG_00007859,FIG_00030031
FIG_00007850,FIG_00007859,FIG_00010956
FIG_00001314,FIG_00001319,FIG_00005919
FIG_00001314,FIG_00001319,FIG_00004440
FIG_00001314,FIG_00001319,FIG_00008867
FIG_00001314,FIG_00001319,FIG_00001876
FIG_00001314,FIG_00001319,FIG_00001806
FIG_00010708,FIG_00010710,FIG_00010714
FIG_00010708,FIG_00010710,FIG_00011715
FIG_00010708,FIG_00010710,FIG_00010709
FIG_00000283,FIG_00013977,FIG_00012651
FIG_00000283,FIG_00013977,FIG_00003607
FIG_00000283,FIG_00013977,FIG_00020946
FIG_00000283,FIG_00013977,FIG_00022444
FIG_00000283,FIG_00013977,FIG_00004280
FIG_00027811,FIG_00027812,FIG_00033542
FIG_00027811,FIG_00027812,FIG_00033134
FIG_00027811,FIG_00027812,FIG_00033128
FIG_00027811,FIG_00027812,FIG_00028069
FIG_00027811,FIG_00027812,FIG_00033417
FIG_00027811,FIG_00027813,FIG_00033542
FIG_00027811,FIG_00027813,FIG_00033134
FIG_00027811,FIG_00027813,FIG_00033128
FIG_00027811,FIG_00027813,FIG_00028069
FIG_00027811,FIG_00027813,FIG_00033417
FIG_00003836,FIG_00003843,FIG_00032897
FIG_00003836,FIG_00003843,FIG_00030986
FIG_00003836,FIG_00003843,FIG_00030990
FIG_00003836,FIG_00003843,FIG_00030991
FIG_00003836,FIG_00003843,FIG_00030993
FIG_00011954,FIG_00011955,FIG_00017496
FIG_00011954,FIG_00011955,FIG_00021337
FIG_00011954,FIG_00011955,FIG_00017493
FIG_00011954,FIG_00011955,FIG_00027151
FIG_00010387,FIG_00010394,FIG_00028856
FIG_00010387,FIG_00010394,FIG_00028858
FIG_00010387,FIG_00010394,FIG_00034672
FIG_00010387,FIG_00010394,FIG_00028107
FIG_00010387,FIG_00010394,FIG_00028105
FIG_00025596,FIG_00025598,FIG_00030351
FIG_00025596,FIG_00025598,FIG_00030226
FIG_00025596,FIG_00025598,FIG_00032878
FIG_00025596,FIG_00025598,FIG_00031565
FIG_00025596,FIG_00025598,FIG_00031088
FIG_00025596,FIG_00025600,FIG_00030351
FIG_00025596,FIG_00025600,FIG_00030226
FIG_00025596,FIG_00025600,FIG_00032878
FIG_00025596,FIG_00025600,FIG_00031565
FIG_00025596,FIG_00025600,FIG_00031088
FIG_00025596,FIG_00025597,FIG_00030351
FIG_00025596,FIG_00025597,FIG_00030226
FIG_00025596,FIG_00025597,FIG_00032878
FIG_00025596,FIG_00025597,FIG_00031565
FIG_00025596,FIG_00025597,FIG_00031088
FIG_00007985,FIG_00007986,FIG_00011832
FIG_00007985,FIG_00007986,FIG_00015120
FIG_00007985,FIG_00007986,FIG_00034573
FIG_00007985,FIG_00007986,FIG_00034272
FIG_00007985,FIG_00007986,FIG_00012424
FIG_00007985,FIG_00007987,FIG_00011832
FIG_00007985,FIG_00007987,FIG_00015120
FIG_00007985,FIG_00007987,FIG_00034573
FIG_00007985,FIG_00007987,FIG_00034272
FIG_00007985,FIG_00007987,FIG_00012424
FIG_00007985,FIG_00007988,FIG_00011832
FIG_00007985,FIG_00007988,FIG_00015120
FIG_00007985,FIG_00007988,FIG_00034573
FIG_00007985,FIG_00007988,FIG_00034272
FIG_00007985,FIG_00007988,FIG_00012424
FIG_00011359,FIG_00011360,FIG_00031715
FIG_00011359,FIG_00011360,FIG_00034502
FIG_00011359,FIG_00011360,FIG_00011447
FIG_00011359,FIG_00011360,FIG_00015567
FIG_00014296,FIG_00014297,FIG_00030819
FIG_00014296,FIG_00014297,FIG_00034642
FIG_00014296,FIG_00014297,FIG_00032965
FIG_00014296,FIG_00014297,FIG_00034451
FIG_00014296,FIG_00014297,FIG_00020574
FIG_00033186,FIG_00033193,FIG_00033194
FIG_00033186,FIG_00033193,FIG_00033200
FIG_00033186,FIG_00033193,FIG_00033617
FIG_00033186,FIG_00033193,FIG_00033195
FIG_00033186,FIG_00033193,FIG_00034555
FIG_00019481,FIG_00019483,FIG_00019482
FIG_00019481,FIG_00019483,FIG_00034603
FIG_00019481,FIG_00019483,FIG_00029510
FIG_00019481,FIG_00019483,FIG_00032621
FIG_00019481,FIG_00019483,FIG_00032622
FIG_00000518,FIG_00000529,FIG_00000519
FIG_00000518,FIG_00000529,FIG_00029291
FIG_00000518,FIG_00000529,FIG_00000523
FIG_00000518,FIG_00000529,FIG_00023380
FIG_00000518,FIG_00000529,FIG_00034323
FIG_00000518,FIG_00000528,FIG_00000519
FIG_00000518,FIG_00000528,FIG_00029291
FIG_00000518,FIG_00000528,FIG_00000523
FIG_00000518,FIG_00000528,FIG_00023380
FIG_00000518,FIG_00000528,FIG_00034323
FIG_00007806,FIG_00007807,FIG_00014896
FIG_00007806,FIG_00007807,FIG_00020285
FIG_00007806,FIG_00007807,FIG_00008472
FIG_00007806,FIG_00007807,FIG_00019357
FIG_00007806,FIG_00007807,FIG_00031677
FIG_00020640,FIG_00020641,FIG_00026279
FIG_00020640,FIG_00020641,FIG_00027268
FIG_00020640,FIG_00020641,FIG_00029270
FIG_00020640,FIG_00020641,FIG_00032331
FIG_00020640,FIG_00020641,FIG_00030324
FIG_00030097,FIG_00030098,FIG_00030955
FIG_00030097,FIG_00030098,FIG_00030108
FIG_00030097,FIG_00030098,FIG_00030298
FIG_00030097,FIG_00030098,FIG_00034221
FIG_00030097,FIG_00030098,FIG_00031113
FIG_00030097,FIG_00030106,FIG_00030955
FIG_00030097,FIG_00030106,FIG_00030108
FIG_00030097,FIG_00030106,FIG_00030298
FIG_00030097,FIG_00030106,FIG_00034221
FIG_00030097,FIG_00030106,FIG_00031113
FIG_00030097,FIG_00030105,FIG_00030955
FIG_00030097,FIG_00030105,FIG_00030108
FIG_00030097,FIG_00030105,FIG_00030298
FIG_00030097,FIG_00030105,FIG_00034221
FIG_00030097,FIG_00030105,FIG_00031113
FIG_00008065,FIG_00008066,FIG_00025690
FIG_00008065,FIG_00008066,FIG_00017303
FIG_00008065,FIG_00008066,FIG_00020392
FIG_00008065,FIG_00008066,FIG_00020393
FIG_00008065,FIG_00008066,FIG_00015911
FIG_00009771,FIG_00009772,FIG_00019263
FIG_00009771,FIG_00009772,FIG_00019264
FIG_00009771,FIG_00009772,FIG_00032806
FIG_00009771,FIG_00009772,FIG_00019009
FIG_00009771,FIG_00009772,FIG_00033294
FIG_00009339,FIG_00009347,FIG_00017037
FIG_00009339,FIG_00009347,FIG_00009463
FIG_00009339,FIG_00009347,FIG_00009462
FIG_00011230,FIG_00011232,FIG_00012130
FIG_00011230,FIG_00011232,FIG_00011233
FIG_00011230,FIG_00011232,FIG_00013898
FIG_00011230,FIG_00011232,FIG_00029436
FIG_00011230,FIG_00011232,FIG_00032232
FIG_00011230,FIG_00011231,FIG_00012130
FIG_00011230,FIG_00011231,FIG_00011233
FIG_00011230,FIG_00011231,FIG_00013898
FIG_00011230,FIG_00011231,FIG_00029436
FIG_00011230,FIG_00011231,FIG_00032232
FIG_00006411,FIG_00006414,FIG_00006415
FIG_00006411,FIG_00006416,FIG_00006415
FIG_00000815,FIG_00000816,FIG_00033282
FIG_00000815,FIG_00000816,FIG_00003021
FIG_00000815,FIG_00000816,FIG_00011936
FIG_00000815,FIG_00000816,FIG_00001294
FIG_00000815,FIG_00000816,FIG_00015625
FIG_00017836,FIG_00017837,FIG_00030962
FIG_00017836,FIG_00017837,FIG_00027685
FIG_00017836,FIG_00017837,FIG_00034134
FIG_00029462,FIG_00029465,FIG_00031597
FIG_00029462,FIG_00029465,FIG_00033203
FIG_00007915,FIG_00007917,FIG_00009835
FIG_00007915,FIG_00007917,FIG_00031530
FIG_00007915,FIG_00007917,FIG_00023074
FIG_00007915,FIG_00007917,FIG_00031531
FIG_00007915,FIG_00007917,FIG_00014755
FIG_00007915,FIG_00007916,FIG_00009835
FIG_00007915,FIG_00007916,FIG_00031530
FIG_00007915,FIG_00007916,FIG_00023074
FIG_00007915,FIG_00007916,FIG_00031531
FIG_00007915,FIG_00007916,FIG_00014755
FIG_00032919,FIG_00032920,FIG_00033221
FIG_00032919,FIG_00032920,FIG_00033491
FIG_00032919,FIG_00032920,FIG_00033157
FIG_00032919,FIG_00032920,FIG_00033120
FIG_00010537,FIG_00010540,FIG_00020205
FIG_00010537,FIG_00010540,FIG_00031981
FIG_00010537,FIG_00010540,FIG_00031717
FIG_00010537,FIG_00010540,FIG_00022979
FIG_00010537,FIG_00010540,FIG_00015208
FIG_00010537,FIG_00010544,FIG_00020205
FIG_00010537,FIG_00010544,FIG_00031981
FIG_00010537,FIG_00010544,FIG_00031717
FIG_00010537,FIG_00010544,FIG_00022979
FIG_00010537,FIG_00010544,FIG_00015208
FIG_00010537,FIG_00010541,FIG_00020205
FIG_00010537,FIG_00010541,FIG_00031981
FIG_00010537,FIG_00010541,FIG_00031717
FIG_00010537,FIG_00010541,FIG_00022979
FIG_00010537,FIG_00010541,FIG_00015208
FIG_00008234,FIG_00008237,FIG_00019520
FIG_00008234,FIG_00008237,FIG_00030333
FIG_00008234,FIG_00008237,FIG_00009976
FIG_00008234,FIG_00008237,FIG_00014673
FIG_00008234,FIG_00008237,FIG_00030118
FIG_00010262,FIG_00010263,FIG_00017488
FIG_00010262,FIG_00010263,FIG_00030140
FIG_00010262,FIG_00010263,FIG_00027895
FIG_00010262,FIG_00010263,FIG_00024420
FIG_00010262,FIG_00010263,FIG_00012159
FIG_00028720,FIG_00028722,FIG_00030127
FIG_00028720,FIG_00028722,FIG_00029513
FIG_00028720,FIG_00028722,FIG_00032504
FIG_00028720,FIG_00028722,FIG_00030138
FIG_00028720,FIG_00028722,FIG_00028724
FIG_00011033,FIG_00011043,FIG_00011034
FIG_00011033,FIG_00011043,FIG_00011048
FIG_00011033,FIG_00011043,FIG_00011038
FIG_00011033,FIG_00011043,FIG_00025929
FIG_00011033,FIG_00011043,FIG_00031529
FIG_00011033,FIG_00011051,FIG_00011034
FIG_00011033,FIG_00011051,FIG_00011048
FIG_00011033,FIG_00011051,FIG_00011038
FIG_00011033,FIG_00011051,FIG_00025929
FIG_00011033,FIG_00011051,FIG_00031529
FIG_00011475,FIG_00011477,FIG_00032970
FIG_00011475,FIG_00011477,FIG_00014891
FIG_00011475,FIG_00011477,FIG_00023761
FIG_00011475,FIG_00011477,FIG_00019773
FIG_00011475,FIG_00011477,FIG_00021107
FIG_00020212,FIG_00027119,FIG_00031671
FIG_00020212,FIG_00027119,FIG_00031314
FIG_00003968,FIG_00003970,FIG_00007907
FIG_00003968,FIG_00003970,FIG_00029265
FIG_00003968,FIG_00003970,FIG_00029263
FIG_00003968,FIG_00003970,FIG_00029262
FIG_00003968,FIG_00003970,FIG_00030099
FIG_00003968,FIG_00003971,FIG_00007907
FIG_00003968,FIG_00003971,FIG_00029265
FIG_00003968,FIG_00003971,FIG_00029263
FIG_00003968,FIG_00003971,FIG_00029262
FIG_00003968,FIG_00003971,FIG_00030099
FIG_00007273,FIG_00007276,FIG_00012799
FIG_00007273,FIG_00007276,FIG_00009934
FIG_00007273,FIG_00007276,FIG_00032994
FIG_00007273,FIG_00007276,FIG_00015704
FIG_00007273,FIG_00007276,FIG_00009462
FIG_00004707,FIG_00004708,FIG_00018522
FIG_00004707,FIG_00004708,FIG_00025168
FIG_00004707,FIG_00004708,FIG_00027963
FIG_00004707,FIG_00004708,FIG_00016403
FIG_00004707,FIG_00004708,FIG_00019060
FIG_00007377,FIG_00007378,FIG_00014578
FIG_00007377,FIG_00007378,FIG_00018316
FIG_00001305,FIG_00001306,FIG_00009184
FIG_00001305,FIG_00001306,FIG_00019362
FIG_00001305,FIG_00001306,FIG_00006162
FIG_00001305,FIG_00001306,FIG_00006522
FIG_00001305,FIG_00001306,FIG_00026515
FIG_00030589,FIG_00032422,FIG_00031527
FIG_00030589,FIG_00032422,FIG_00031559
FIG_00030589,FIG_00032422,FIG_00032794
FIG_00030589,FIG_00032422,FIG_00031229
FIG_00030737,FIG_00030742,FIG_00030748
FIG_00030737,FIG_00030742,FIG_00030747
FIG_00030737,FIG_00030742,FIG_00030739
FIG_00030737,FIG_00030742,FIG_00030740
FIG_00007574,FIG_00007578,FIG_00009839
FIG_00007574,FIG_00007578,FIG_00014897
FIG_00007574,FIG_00007578,FIG_00019351
FIG_00007574,FIG_00007578,FIG_00015839
FIG_00007574,FIG_00007578,FIG_00014907
FIG_00007574,FIG_00007583,FIG_00009839
FIG_00007574,FIG_00007583,FIG_00014897
FIG_00007574,FIG_00007583,FIG_00019351
FIG_00007574,FIG_00007583,FIG_00015839
FIG_00007574,FIG_00007583,FIG_00014907
FIG_00016121,FIG_00016122,FIG_00016123
FIG_00016121,FIG_00016122,FIG_00016220
FIG_00016121,FIG_00016122,FIG_00021666
FIG_00016121,FIG_00016122,FIG_00022176
FIG_00016121,FIG_00016122,FIG_00033760
FIG_00018177,FIG_00018178,FIG_00030519
FIG_00018177,FIG_00018178,FIG_00019690
FIG_00018177,FIG_00018178,FIG_00021702
FIG_00018177,FIG_00018178,FIG_00030139
FIG_00018177,FIG_00018178,FIG_00019239
FIG_00002886,FIG_00002887,FIG_00004197
FIG_00002886,FIG_00002887,FIG_00010224
FIG_00002886,FIG_00002887,FIG_00004194
FIG_00002886,FIG_00002887,FIG_00034297
FIG_00002886,FIG_00002887,FIG_00010225
FIG_00002886,FIG_00005777,FIG_00004197
FIG_00002886,FIG_00005777,FIG_00010224
FIG_00002886,FIG_00005777,FIG_00004194
FIG_00002886,FIG_00005777,FIG_00034297
FIG_00002886,FIG_00005777,FIG_00010225
FIG_00030885,FIG_00030890,FIG_00031523
FIG_00009070,FIG_00009072,FIG_00027609
FIG_00009070,FIG_00009072,FIG_00030082
FIG_00009070,FIG_00009072,FIG_00009741
FIG_00009070,FIG_00009072,FIG_00012136
FIG_00015174,FIG_00015175,FIG_00017935
FIG_00015174,FIG_00015175,FIG_00027600
FIG_00015174,FIG_00015175,FIG_00028458
FIG_00015174,FIG_00015175,FIG_00016858
FIG_00015174,FIG_00015175,FIG_00020411
FIG_00031164,FIG_00031167,FIG_00033808
FIG_00031164,FIG_00031167,FIG_00031965
FIG_00031164,FIG_00031166,FIG_00033808
FIG_00031164,FIG_00031166,FIG_00031965
FIG_00031164,FIG_00031165,FIG_00033808
FIG_00031164,FIG_00031165,FIG_00031965
FIG_00029684,FIG_00029686,FIG_00033227
FIG_00029684,FIG_00029685,FIG_00033227
FIG_00005465,FIG_00005470,FIG_00034293
FIG_00005465,FIG_00005470,FIG_00005777
FIG_00005465,FIG_00005470,FIG_00031316
FIG_00005465,FIG_00005470,FIG_00005737
FIG_00005465,FIG_00005471,FIG_00034293
FIG_00005465,FIG_00005471,FIG_00005777
FIG_00005465,FIG_00005471,FIG_00031316
FIG_00005465,FIG_00005471,FIG_00005737
FIG_00006592,FIG_00006594,FIG_00032504
FIG_00006592,FIG_00006594,FIG_00026134
FIG_00006592,FIG_00006594,FIG_00011800
FIG_00006592,FIG_00006594,FIG_00009539
FIG_00006592,FIG_00006593,FIG_00032504
FIG_00006592,FIG_00006593,FIG_00026134
FIG_00006592,FIG_00006593,FIG_00011800
FIG_00006592,FIG_00006593,FIG_00009539
FIG_00002878,FIG_00002879,FIG_00030976
FIG_00002878,FIG_00002879,FIG_00007738
FIG_00002878,FIG_00002879,FIG_00009822
FIG_00002878,FIG_00002879,FIG_00011001
FIG_00002878,FIG_00002879,FIG_00030548
FIG_00022940,FIG_00022941,FIG_00022943
FIG_00022940,FIG_00022941,FIG_00022944
FIG_00022940,FIG_00022941,FIG_00022947
FIG_00022940,FIG_00022941,FIG_00022948
FIG_00011231,FIG_00011232,FIG_00029436
FIG_00011231,FIG_00011232,FIG_00023644
FIG_00011231,FIG_00011232,FIG_00023116
FIG_00011231,FIG_00011232,FIG_00012130
FIG_00011231,FIG_00011232,FIG_00030082
FIG_00015762,FIG_00015763,FIG_00024163
FIG_00015762,FIG_00015763,FIG_00021821
FIG_00015762,FIG_00015763,FIG_00022912
FIG_00015762,FIG_00015763,FIG_00020284
FIG_00015762,FIG_00015763,FIG_00025265
FIG_00032621,FIG_00032622,FIG_00032627
FIG_00032621,FIG_00032622,FIG_00032628
FIG_00032621,FIG_00032622,FIG_00032629
FIG_00032621,FIG_00032622,FIG_00034603
FIG_00032621,FIG_00032622,FIG_00033128
FIG_00008463,FIG_00008464,FIG_00011671
FIG_00008463,FIG_00008464,FIG_00014804
FIG_00008463,FIG_00008464,FIG_00033437
FIG_00008463,FIG_00008464,FIG_00031959
FIG_00008463,FIG_00008464,FIG_00032209
FIG_00007869,FIG_00007871,FIG_00007870
FIG_00007869,FIG_00007871,FIG_00007881
FIG_00007869,FIG_00007871,FIG_00007872
FIG_00007869,FIG_00007871,FIG_00007886
FIG_00007869,FIG_00007871,FIG_00007889
FIG_00008614,FIG_00008616,FIG_00031362
FIG_00008614,FIG_00008616,FIG_00032129
FIG_00008614,FIG_00008616,FIG_00018045
FIG_00008614,FIG_00008616,FIG_00030218
FIG_00008614,FIG_00008616,FIG_00009656
FIG_00008614,FIG_00008615,FIG_00031362
FIG_00008614,FIG_00008615,FIG_00032129
FIG_00008614,FIG_00008615,FIG_00018045
FIG_00008614,FIG_00008615,FIG_00030218
FIG_00008614,FIG_00008615,FIG_00009656
FIG_00008614,FIG_00008618,FIG_00031362
FIG_00008614,FIG_00008618,FIG_00032129
FIG_00008614,FIG_00008618,FIG_00018045
FIG_00008614,FIG_00008618,FIG_00030218
FIG_00008614,FIG_00008618,FIG_00009656
FIG_00006487,FIG_00006490,FIG_00009567
FIG_00006487,FIG_00006490,FIG_00009566
FIG_00006487,FIG_00006490,FIG_00030734
FIG_00006487,FIG_00006490,FIG_00030351
FIG_00006487,FIG_00006490,FIG_00034533
FIG_00006487,FIG_00006489,FIG_00009567
FIG_00006487,FIG_00006489,FIG_00009566
FIG_00006487,FIG_00006489,FIG_00030734
FIG_00006487,FIG_00006489,FIG_00030351
FIG_00006487,FIG_00006489,FIG_00034533
FIG_00006487,FIG_00006493,FIG_00009567
FIG_00006487,FIG_00006493,FIG_00009566
FIG_00006487,FIG_00006493,FIG_00030734
FIG_00006487,FIG_00006493,FIG_00030351
FIG_00006487,FIG_00006493,FIG_00034533
FIG_00007717,FIG_00007718,FIG_00010962
FIG_00007717,FIG_00007718,FIG_00017663
FIG_00007717,FIG_00007718,FIG_00021534
FIG_00007717,FIG_00007718,FIG_00028554
FIG_00007717,FIG_00007718,FIG_00027149
FIG_00006389,FIG_00006390,FIG_00024510
FIG_00006389,FIG_00006390,FIG_00019567
FIG_00006389,FIG_00006390,FIG_00009656
FIG_00006389,FIG_00006390,FIG_00007172
FIG_00006389,FIG_00006390,FIG_00024508
FIG_00031707,FIG_00031728,FIG_00031733
FIG_00031707,FIG_00031728,FIG_00031736
FIG_00031707,FIG_00031728,FIG_00031711
FIG_00031707,FIG_00031728,FIG_00031721
FIG_00031707,FIG_00031728,FIG_00031726
FIG_00032791,FIG_00032792,FIG_00033146
FIG_00032791,FIG_00032792,FIG_00033403
FIG_00027726,FIG_00027727,FIG_00029431
FIG_00027726,FIG_00027727,FIG_00034855
FIG_00027726,FIG_00027727,FIG_00029039
FIG_00027726,FIG_00027729,FIG_00029431
FIG_00027726,FIG_00027729,FIG_00034855
FIG_00027726,FIG_00027729,FIG_00029039
FIG_00029874,FIG_00029876,FIG_00031219
FIG_00029874,FIG_00029876,FIG_00033685
FIG_00029874,FIG_00029876,FIG_00034468
FIG_00029874,FIG_00029876,FIG_00034511
FIG_00029874,FIG_00029876,FIG_00031464
FIG_00017534,FIG_00017535,FIG_00025922
FIG_00017534,FIG_00017535,FIG_00023097
FIG_00017534,FIG_00017535,FIG_00025795
FIG_00017534,FIG_00017535,FIG_00031369
FIG_00017534,FIG_00017535,FIG_00017996
FIG_00006969,FIG_00006970,FIG_00014771
FIG_00006969,FIG_00006970,FIG_00016782
FIG_00006969,FIG_00006970,FIG_00014776
FIG_00006969,FIG_00006970,FIG_00033878
FIG_00006969,FIG_00006970,FIG_00025848
FIG_00007248,FIG_00007250,FIG_00009268
FIG_00007248,FIG_00007250,FIG_00009422
FIG_00007248,FIG_00007250,FIG_00029641
FIG_00007248,FIG_00007250,FIG_00020614
FIG_00007248,FIG_00007250,FIG_00032633
FIG_00007268,FIG_00007269,FIG_00010471
FIG_00007268,FIG_00007269,FIG_00011240
FIG_00007268,FIG_00007269,FIG_00017972
FIG_00007268,FIG_00007269,FIG_00029751
FIG_00007268,FIG_00007269,FIG_00023318
FIG_00021175,FIG_00021176,FIG_00022631
FIG_00021175,FIG_00021176,FIG_00030789
FIG_00001528,FIG_00001529,FIG_00013228
FIG_00001528,FIG_00001529,FIG_00004280
FIG_00006089,FIG_00006091,FIG_00029002
FIG_00006089,FIG_00006091,FIG_00029714
FIG_00006089,FIG_00006091,FIG_00014927
FIG_00006089,FIG_00006091,FIG_00030927
FIG_00006089,FIG_00006091,FIG_00014449
FIG_00006089,FIG_00006090,FIG_00029002
FIG_00006089,FIG_00006090,FIG_00029714
FIG_00006089,FIG_00006090,FIG_00014927
FIG_00006089,FIG_00006090,FIG_00030927
FIG_00006089,FIG_00006090,FIG_00014449
FIG_00030355,FIG_00030356,FIG_00030364
FIG_00030355,FIG_00030356,FIG_00031074
FIG_00030355,FIG_00030356,FIG_00030366
FIG_00030355,FIG_00030358,FIG_00030364
FIG_00030355,FIG_00030358,FIG_00031074
FIG_00030355,FIG_00030358,FIG_00030366
FIG_00030355,FIG_00030359,FIG_00030364
FIG_00030355,FIG_00030359,FIG_00031074
FIG_00030355,FIG_00030359,FIG_00030366
FIG_00031088,FIG_00031089,FIG_00033399
FIG_00031088,FIG_00031089,FIG_00031212
FIG_00031088,FIG_00031089,FIG_00031095
FIG_00031088,FIG_00031090,FIG_00033399
FIG_00031088,FIG_00031090,FIG_00031212
FIG_00031088,FIG_00031090,FIG_00031095
FIG_00031088,FIG_00031091,FIG_00033399
FIG_00031088,FIG_00031091,FIG_00031212
FIG_00031088,FIG_00031091,FIG_00031095
FIG_00007845,FIG_00007846,FIG_00008926
FIG_00007845,FIG_00007846,FIG_00017378
FIG_00007845,FIG_00007846,FIG_00034195
FIG_00007845,FIG_00007846,FIG_00022958
FIG_00007845,FIG_00007846,FIG_00010319
FIG_00007489,FIG_00007491,FIG_00028355
FIG_00007489,FIG_00007491,FIG_00032206
FIG_00007489,FIG_00007491,FIG_00010845
FIG_00007489,FIG_00007491,FIG_00032208
FIG_00007489,FIG_00007491,FIG_00025983
FIG_00029685,FIG_00029686,FIG_00032039
FIG_00029685,FIG_00029686,FIG_00033227
FIG_00029685,FIG_00029686,FIG_00031320
FIG_00015647,FIG_00015648,FIG_00027359
FIG_00015647,FIG_00015648,FIG_00027360
FIG_00015647,FIG_00015648,FIG_00028503
FIG_00015647,FIG_00015648,FIG_00020611
FIG_00015647,FIG_00015648,FIG_00028645
FIG_00015647,FIG_00015649,FIG_00027359
FIG_00015647,FIG_00015649,FIG_00027360
FIG_00015647,FIG_00015649,FIG_00028503
FIG_00015647,FIG_00015649,FIG_00020611
FIG_00015647,FIG_00015649,FIG_00028645
FIG_00030986,FIG_00030991,FIG_00032897
FIG_00030986,FIG_00030991,FIG_00032487
FIG_00030986,FIG_00030991,FIG_00031719
FIG_00030986,FIG_00030991,FIG_00031934
FIG_00030986,FIG_00030992,FIG_00032897
FIG_00030986,FIG_00030992,FIG_00032487
FIG_00030986,FIG_00030992,FIG_00031719
FIG_00030986,FIG_00030992,FIG_00031934
FIG_00030986,FIG_00030993,FIG_00032897
FIG_00030986,FIG_00030993,FIG_00032487
FIG_00030986,FIG_00030993,FIG_00031719
FIG_00030986,FIG_00030993,FIG_00031934
FIG_00028596,FIG_00028597,FIG_00031975
FIG_00028596,FIG_00028597,FIG_00030590
FIG_00028596,FIG_00028597,FIG_00033933
FIG_00028596,FIG_00028597,FIG_00031365
FIG_00007425,FIG_00007432,FIG_00034459
FIG_00007425,FIG_00007432,FIG_00008464
FIG_00007425,FIG_00007432,FIG_00008462
FIG_00007425,FIG_00007432,FIG_00008449
FIG_00007425,FIG_00007432,FIG_00034575
FIG_00032301,FIG_00032302,FIG_00034838
FIG_00032301,FIG_00032302,FIG_00034900
FIG_00027806,FIG_00027813,FIG_00033134
FIG_00027806,FIG_00027813,FIG_00033542
FIG_00027806,FIG_00027813,FIG_00033128
FIG_00027806,FIG_00027813,FIG_00032449
FIG_00027806,FIG_00027811,FIG_00033134
FIG_00027806,FIG_00027811,FIG_00033542
FIG_00027806,FIG_00027811,FIG_00033128
FIG_00027806,FIG_00027811,FIG_00032449
FIG_00027806,FIG_00027812,FIG_00033134
FIG_00027806,FIG_00027812,FIG_00033542
FIG_00027806,FIG_00027812,FIG_00033128
FIG_00027806,FIG_00027812,FIG_00032449
FIG_00010544,FIG_00010546,FIG_00031981
FIG_00010544,FIG_00010546,FIG_00033440
FIG_00010544,FIG_00010546,FIG_00032853
FIG_00010544,FIG_00010546,FIG_00019775
FIG_00010544,FIG_00010546,FIG_00019776
FIG_00010544,FIG_00010545,FIG_00031981
FIG_00010544,FIG_00010545,FIG_00033440
FIG_00010544,FIG_00010545,FIG_00032853
FIG_00010544,FIG_00010545,FIG_00019775
FIG_00010544,FIG_00010545,FIG_00019776
FIG_00009565,FIG_00009566,FIG_00033548
FIG_00029401,FIG_00030658,FIG_00034166
FIG_00029401,FIG_00030658,FIG_00031051
FIG_00029401,FIG_00030658,FIG_00029888
FIG_00029401,FIG_00030657,FIG_00034166
FIG_00029401,FIG_00030657,FIG_00031051
FIG_00029401,FIG_00030657,FIG_00029888
FIG_00022249,FIG_00022250,FIG_00022253
FIG_00022249,FIG_00022250,FIG_00029809
FIG_00022249,FIG_00022250,FIG_00029808
FIG_00022249,FIG_00022250,FIG_00031110
FIG_00022249,FIG_00022250,FIG_00027150
FIG_00007039,FIG_00007040,FIG_00025823
FIG_00007039,FIG_00007040,FIG_00007731
FIG_00007039,FIG_00007040,FIG_00028115
FIG_00007039,FIG_00007040,FIG_00025807
FIG_00015760,FIG_00015761,FIG_00021866
FIG_00015760,FIG_00015761,FIG_00020681
FIG_00015760,FIG_00015761,FIG_00021821
FIG_00015760,FIG_00015761,FIG_00023583
FIG_00015760,FIG_00015761,FIG_00018181
FIG_00030358,FIG_00030359,FIG_00031074
FIG_00030358,FIG_00030359,FIG_00030675
FIG_00030358,FIG_00030362,FIG_00031074
FIG_00030358,FIG_00030362,FIG_00030675
FIG_00009210,FIG_00009212,FIG_00023105
FIG_00009210,FIG_00009212,FIG_00028406
FIG_00009210,FIG_00009212,FIG_00015410
FIG_00009210,FIG_00009212,FIG_00023367
FIG_00009210,FIG_00009212,FIG_00024126
FIG_00028000,FIG_00028001,FIG_00028005
FIG_00028000,FIG_00028001,FIG_00032978
FIG_00028000,FIG_00028001,FIG_00032979
FIG_00028000,FIG_00028001,FIG_00028441
FIG_00022804,FIG_00022805,FIG_00028933
FIG_00022804,FIG_00022805,FIG_00030811
FIG_00022804,FIG_00022805,FIG_00025578
FIG_00022804,FIG_00022805,FIG_00025576
FIG_00022804,FIG_00022805,FIG_00031934
FIG_00003470,FIG_00003472,FIG_00022345
FIG_00003470,FIG_00003472,FIG_00014281
FIG_00003470,FIG_00003472,FIG_00005362
FIG_00003470,FIG_00003472,FIG_00011365
FIG_00003470,FIG_00003472,FIG_00017138
FIG_00034749,FIG_00034751,FIG_00034752
FIG_00034749,FIG_00034751,FIG_00034879
FIG_00008698,FIG_00008699,FIG_00034019
FIG_00008698,FIG_00008699,FIG_00015513
FIG_00008698,FIG_00008699,FIG_00016718
FIG_00008698,FIG_00008699,FIG_00028658
FIG_00008698,FIG_00008699,FIG_00018190
FIG_00008070,FIG_00008072,FIG_00020461
FIG_00008070,FIG_00008072,FIG_00009936
FIG_00008070,FIG_00008072,FIG_00009935
FIG_00008070,FIG_00008072,FIG_00034813
FIG_00008070,FIG_00008072,FIG_00018218
FIG_00008070,FIG_00008073,FIG_00020461
FIG_00008070,FIG_00008073,FIG_00009936
FIG_00008070,FIG_00008073,FIG_00009935
FIG_00008070,FIG_00008073,FIG_00034813
FIG_00008070,FIG_00008073,FIG_00018218
FIG_00008070,FIG_00008071,FIG_00020461
FIG_00008070,FIG_00008071,FIG_00009936
FIG_00008070,FIG_00008071,FIG_00009935
FIG_00008070,FIG_00008071,FIG_00034813
FIG_00008070,FIG_00008071,FIG_00018218
FIG_00007400,FIG_00007403,FIG_00032419
FIG_00007400,FIG_00007403,FIG_00016363
FIG_00007400,FIG_00007403,FIG_00028257
FIG_00007400,FIG_00007403,FIG_00026023
FIG_00007400,FIG_00007403,FIG_00034433
FIG_00007865,FIG_00007867,FIG_00007882
FIG_00007865,FIG_00007867,FIG_00007887
FIG_00007865,FIG_00007867,FIG_00007885
FIG_00007865,FIG_00007867,FIG_00007881
FIG_00007865,FIG_00007867,FIG_00007888
FIG_00005626,FIG_00005630,FIG_00011833
FIG_00005626,FIG_00005630,FIG_00010295
FIG_00005626,FIG_00005630,FIG_00010308
FIG_00005626,FIG_00005630,FIG_00013151
FIG_00005626,FIG_00005630,FIG_00015124
FIG_00005626,FIG_00005629,FIG_00011833
FIG_00005626,FIG_00005629,FIG_00010295
FIG_00005626,FIG_00005629,FIG_00010308
FIG_00005626,FIG_00005629,FIG_00013151
FIG_00005626,FIG_00005629,FIG_00015124
FIG_00005626,FIG_00005631,FIG_00011833
FIG_00005626,FIG_00005631,FIG_00010295
FIG_00005626,FIG_00005631,FIG_00010308
FIG_00005626,FIG_00005631,FIG_00013151
FIG_00005626,FIG_00005631,FIG_00015124
FIG_00008169,FIG_00008170,FIG_00014239
FIG_00008169,FIG_00008170,FIG_00009752
FIG_00008169,FIG_00008170,FIG_00029897
FIG_00008169,FIG_00008170,FIG_00025649
FIG_00008169,FIG_00008170,FIG_00018495
FIG_00005538,FIG_00005544,FIG_00033603
FIG_00005538,FIG_00005544,FIG_00032334
FIG_00005538,FIG_00005544,FIG_00005541
FIG_00005538,FIG_00005544,FIG_00005539
FIG_00005538,FIG_00005544,FIG_00005543
FIG_00005538,FIG_00005540,FIG_00033603
FIG_00005538,FIG_00005540,FIG_00032334
FIG_00005538,FIG_00005540,FIG_00005541
FIG_00005538,FIG_00005540,FIG_00005539
FIG_00005538,FIG_00005540,FIG_00005543
FIG_00005538,FIG_00005542,FIG_00033603
FIG_00005538,FIG_00005542,FIG_00032334
FIG_00005538,FIG_00005542,FIG_00005541
FIG_00005538,FIG_00005542,FIG_00005539
FIG_00005538,FIG_00005542,FIG_00005543
FIG_00003302,FIG_00003303,FIG_00032667
FIG_00003302,FIG_00003303,FIG_00006083
FIG_00003302,FIG_00003303,FIG_00017296
FIG_00003302,FIG_00003303,FIG_00014381
FIG_00003302,FIG_00003303,FIG_00009387
FIG_00005143,FIG_00005145,FIG_00021021
FIG_00005143,FIG_00005145,FIG_00020981
FIG_00005143,FIG_00005145,FIG_00021017
FIG_00005143,FIG_00005145,FIG_00020998
FIG_00005143,FIG_00005145,FIG_00021012
FIG_00023003,FIG_00023004,FIG_00030357
FIG_00023003,FIG_00023004,FIG_00030355
FIG_00023003,FIG_00023004,FIG_00030362
FIG_00023003,FIG_00023004,FIG_00030360
FIG_00023003,FIG_00023004,FIG_00030359
FIG_00010705,FIG_00010706,FIG_00010710
FIG_00010705,FIG_00010706,FIG_00033032
FIG_00010705,FIG_00010706,FIG_00010708
FIG_00010705,FIG_00010716,FIG_00010710
FIG_00010705,FIG_00010716,FIG_00033032
FIG_00010705,FIG_00010716,FIG_00010708
FIG_00010705,FIG_00010715,FIG_00010710
FIG_00010705,FIG_00010715,FIG_00033032
FIG_00010705,FIG_00010715,FIG_00010708
FIG_00015656,FIG_00015659,FIG_00024774
FIG_00015656,FIG_00015659,FIG_00031212
FIG_00015656,FIG_00015659,FIG_00017038
FIG_00015656,FIG_00015659,FIG_00033396
FIG_00015656,FIG_00015663,FIG_00024774
FIG_00015656,FIG_00015663,FIG_00031212
FIG_00015656,FIG_00015663,FIG_00017038
FIG_00015656,FIG_00015663,FIG_00033396
FIG_00015656,FIG_00015658,FIG_00024774
FIG_00015656,FIG_00015658,FIG_00031212
FIG_00015656,FIG_00015658,FIG_00017038
FIG_00015656,FIG_00015658,FIG_00033396
FIG_00010050,FIG_00010052,FIG_00011583
FIG_00010050,FIG_00010052,FIG_00022149
FIG_00010050,FIG_00010052,FIG_00031695
FIG_00010050,FIG_00010052,FIG_00031439
FIG_00010050,FIG_00010052,FIG_00015418
FIG_00010050,FIG_00010051,FIG_00011583
FIG_00010050,FIG_00010051,FIG_00022149
FIG_00010050,FIG_00010051,FIG_00031695
FIG_00010050,FIG_00010051,FIG_00031439
FIG_00010050,FIG_00010051,FIG_00015418
FIG_00025086,FIG_00025087,FIG_00028210
FIG_00025086,FIG_00025087,FIG_00026824
FIG_00025086,FIG_00025087,FIG_00029900
FIG_00025086,FIG_00025087,FIG_00026851
FIG_00025086,FIG_00025087,FIG_00032478
FIG_00031090,FIG_00031091,FIG_00033399
FIG_00031090,FIG_00031091,FIG_00031096
FIG_00031090,FIG_00031091,FIG_00031212
FIG_00009530,FIG_00009531,FIG_00009533
FIG_00009530,FIG_00009531,FIG_00033554
FIG_00009530,FIG_00009531,FIG_00009565
FIG_00009530,FIG_00009531,FIG_00019058
FIG_00009530,FIG_00009531,FIG_00032566
FIG_00025589,FIG_00025596,FIG_00031565
FIG_00025589,FIG_00025596,FIG_00030226
FIG_00025589,FIG_00025594,FIG_00031565
FIG_00025589,FIG_00025594,FIG_00030226
FIG_00025589,FIG_00025600,FIG_00031565
FIG_00025589,FIG_00025600,FIG_00030226
FIG_00027716,FIG_00027717,FIG_00027718
FIG_00027716,FIG_00027717,FIG_00033101
FIG_00027716,FIG_00027717,FIG_00028692
FIG_00027716,FIG_00027717,FIG_00032380
FIG_00027716,FIG_00027717,FIG_00034436
FIG_00007912,FIG_00007945,FIG_00015732
FIG_00007912,FIG_00007945,FIG_00008125
FIG_00007912,FIG_00007945,FIG_00030934
FIG_00007912,FIG_00007945,FIG_00030932
FIG_00007912,FIG_00007945,FIG_00014201
FIG_00017212,FIG_00017213,FIG_00017214
FIG_00024432,FIG_00024433,FIG_00029032
FIG_00024432,FIG_00024433,FIG_00027267
FIG_00024432,FIG_00024433,FIG_00031223
FIG_00024432,FIG_00024433,FIG_00029031
FIG_00008943,FIG_00008944,FIG_00008999
FIG_00008943,FIG_00008944,FIG_00017802
FIG_00008943,FIG_00008944,FIG_00034039
FIG_00008943,FIG_00008944,FIG_00033236
FIG_00008943,FIG_00008944,FIG_00022174
FIG_00008950,FIG_00008951,FIG_00011653
FIG_00008950,FIG_00008951,FIG_00026535
FIG_00008950,FIG_00008951,FIG_00022120
FIG_00008950,FIG_00008951,FIG_00010954
FIG_00008950,FIG_00008951,FIG_00009147
FIG_00018803,FIG_00019313,FIG_00027980
FIG_00009372,FIG_00009373,FIG_00009375
FIG_00009372,FIG_00009373,FIG_00028684
FIG_00009372,FIG_00009373,FIG_00028762
FIG_00009372,FIG_00009373,FIG_00030103
FIG_00009372,FIG_00009373,FIG_00030097
FIG_00009372,FIG_00009374,FIG_00009375
FIG_00009372,FIG_00009374,FIG_00028684
FIG_00009372,FIG_00009374,FIG_00028762
FIG_00009372,FIG_00009374,FIG_00030103
FIG_00009372,FIG_00009374,FIG_00030097
FIG_00020961,FIG_00020964,FIG_00021012
FIG_00020961,FIG_00020964,FIG_00031475
FIG_00020961,FIG_00020964,FIG_00027176
FIG_00020961,FIG_00020964,FIG_00020986
FIG_00020961,FIG_00020971,FIG_00021012
FIG_00020961,FIG_00020971,FIG_00031475
FIG_00020961,FIG_00020971,FIG_00027176
FIG_00020961,FIG_00020971,FIG_00020986
FIG_00020961,FIG_00020967,FIG_00021012
FIG_00020961,FIG_00020967,FIG_00031475
FIG_00020961,FIG_00020967,FIG_00027176
FIG_00020961,FIG_00020967,FIG_00020986
FIG_00004918,FIG_00004920,FIG_00021162
FIG_00004918,FIG_00004920,FIG_00034330
FIG_00004918,FIG_00004920,FIG_00025125
FIG_00004918,FIG_00004920,FIG_00026965
FIG_00004918,FIG_00004920,FIG_00021388
FIG_00033187,FIG_00033189,FIG_00033193
FIG_00033187,FIG_00033189,FIG_00033195
FIG_00033187,FIG_00033189,FIG_00033196
FIG_00033187,FIG_00033189,FIG_00033194
FIG_00033187,FIG_00033189,FIG_00033198
FIG_00015775,FIG_00015779,FIG_00015787
FIG_00015775,FIG_00015779,FIG_00025820
FIG_00015775,FIG_00015779,FIG_00027053
FIG_00015775,FIG_00015779,FIG_00028843
FIG_00025002,FIG_00025005,FIG_00030339
FIG_00025002,FIG_00025005,FIG_00029934
FIG_00025002,FIG_00025005,FIG_00031212
FIG_00018441,FIG_00018443,FIG_00034002
FIG_00018441,FIG_00018443,FIG_00026939
FIG_00018441,FIG_00018443,FIG_00019679
FIG_00018441,FIG_00018443,FIG_00034592
FIG_00018441,FIG_00018443,FIG_00026739
FIG_00018441,FIG_00018449,FIG_00034002
FIG_00018441,FIG_00018449,FIG_00026939
FIG_00018441,FIG_00018449,FIG_00019679
FIG_00018441,FIG_00018449,FIG_00034592
FIG_00018441,FIG_00018449,FIG_00026739
FIG_00018441,FIG_00018445,FIG_00034002
FIG_00018441,FIG_00018445,FIG_00026939
FIG_00018441,FIG_00018445,FIG_00019679
FIG_00018441,FIG_00018445,FIG_00034592
FIG_00018441,FIG_00018445,FIG_00026739
FIG_00003080,FIG_00003081,FIG_00003291
FIG_00003080,FIG_00003081,FIG_00004171
FIG_00003080,FIG_00003081,FIG_00008580
FIG_00003080,FIG_00003081,FIG_00004066
FIG_00003080,FIG_00003081,FIG_00013274
FIG_00003765,FIG_00003766,FIG_00019604
FIG_00003765,FIG_00003766,FIG_00034597
FIG_00003765,FIG_00003766,FIG_00013206
FIG_00003765,FIG_00003766,FIG_00010458
FIG_00003765,FIG_00003766,FIG_00011097
FIG_00006386,FIG_00006389,FIG_00019567
FIG_00006386,FIG_00006389,FIG_00031242
FIG_00006386,FIG_00006389,FIG_00033686
FIG_00006386,FIG_00006389,FIG_00024510
FIG_00006386,FIG_00006389,FIG_00014676
FIG_00006386,FIG_00006390,FIG_00019567
FIG_00006386,FIG_00006390,FIG_00031242
FIG_00006386,FIG_00006390,FIG_00033686
FIG_00006386,FIG_00006390,FIG_00024510
FIG_00006386,FIG_00006390,FIG_00014676
FIG_00006386,FIG_00006387,FIG_00019567
FIG_00006386,FIG_00006387,FIG_00031242
FIG_00006386,FIG_00006387,FIG_00033686
FIG_00006386,FIG_00006387,FIG_00024510
FIG_00006386,FIG_00006387,FIG_00014676
FIG_00025138,FIG_00025139,FIG_00030350
FIG_00025138,FIG_00025139,FIG_00031422
FIG_00025138,FIG_00025139,FIG_00030349
FIG_00025138,FIG_00025139,FIG_00033778
FIG_00025138,FIG_00025139,FIG_00025982
FIG_00011031,FIG_00011045,FIG_00021915
FIG_00011031,FIG_00011045,FIG_00029870
FIG_00011031,FIG_00011045,FIG_00034672
FIG_00011031,FIG_00011045,FIG_00034671
FIG_00011031,FIG_00011045,FIG_00027680
FIG_00011031,FIG_00011050,FIG_00021915
FIG_00011031,FIG_00011050,FIG_00029870
FIG_00011031,FIG_00011050,FIG_00034672
FIG_00011031,FIG_00011050,FIG_00034671
FIG_00011031,FIG_00011050,FIG_00027680
FIG_00011031,FIG_00011036,FIG_00021915
FIG_00011031,FIG_00011036,FIG_00029870
FIG_00011031,FIG_00011036,FIG_00034672
FIG_00011031,FIG_00011036,FIG_00034671
FIG_00011031,FIG_00011036,FIG_00027680
FIG_00031759,FIG_00031760,FIG_00031761
FIG_00031759,FIG_00031760,FIG_00031765
FIG_00031759,FIG_00031760,FIG_00031764
FIG_00031759,FIG_00031763,FIG_00031761
FIG_00031759,FIG_00031763,FIG_00031765
FIG_00031759,FIG_00031763,FIG_00031764
FIG_00010198,FIG_00010201,FIG_00015823
FIG_00010198,FIG_00010201,FIG_00014531
FIG_00010198,FIG_00010201,FIG_00027593
FIG_00010198,FIG_00010201,FIG_00018723
FIG_00010198,FIG_00010201,FIG_00010203
FIG_00006558,FIG_00006559,FIG_00006560
FIG_00006558,FIG_00006559,FIG_00019377
FIG_00006558,FIG_00006559,FIG_00017248
FIG_00006558,FIG_00006559,FIG_00015772
FIG_00006558,FIG_00006559,FIG_00034485
FIG_00010704,FIG_00010706,FIG_00010710
FIG_00010704,FIG_00010706,FIG_00025457
FIG_00010704,FIG_00010705,FIG_00010710
FIG_00010704,FIG_00010705,FIG_00025457
FIG_00010704,FIG_00010714,FIG_00010710
FIG_00010704,FIG_00010714,FIG_00025457
FIG_00028401,FIG_00028402,FIG_00034855
FIG_00028401,FIG_00028403,FIG_00034855
FIG_00009584,FIG_00009588,FIG_00019114
FIG_00009584,FIG_00009588,FIG_00018282
FIG_00009584,FIG_00009588,FIG_00023443
FIG_00009584,FIG_00009588,FIG_00010611
FIG_00009584,FIG_00009588,FIG_00018256
FIG_00007987,FIG_00007988,FIG_00034272
FIG_00007987,FIG_00007988,FIG_00011832
FIG_00007987,FIG_00007988,FIG_00020368
FIG_00007987,FIG_00007988,FIG_00033999
FIG_00007987,FIG_00007988,FIG_00026301
FIG_00017362,FIG_00017364,FIG_00017363
FIG_00017362,FIG_00017364,FIG_00018879
FIG_00017362,FIG_00017364,FIG_00029837
FIG_00017362,FIG_00017364,FIG_00020230
FIG_00017362,FIG_00017364,FIG_00020392
FIG_00005525,FIG_00005528,FIG_00033603
FIG_00005525,FIG_00005528,FIG_00005537
FIG_00005525,FIG_00005528,FIG_00005541
FIG_00005525,FIG_00005528,FIG_00005539
FIG_00005525,FIG_00005528,FIG_00008342
FIG_00005525,FIG_00005527,FIG_00033603
FIG_00005525,FIG_00005527,FIG_00005537
FIG_00005525,FIG_00005527,FIG_00005541
FIG_00005525,FIG_00005527,FIG_00005539
FIG_00005525,FIG_00005527,FIG_00008342
FIG_00005525,FIG_00005538,FIG_00033603
FIG_00005525,FIG_00005538,FIG_00005537
FIG_00005525,FIG_00005538,FIG_00005541
FIG_00005525,FIG_00005538,FIG_00005539
FIG_00005525,FIG_00005538,FIG_00008342
FIG_00006069,FIG_00015427,FIG_00007681
FIG_00006069,FIG_00015427,FIG_00012719
FIG_00006069,FIG_00015427,FIG_00029196
FIG_00006069,FIG_00015427,FIG_00029446
FIG_00002342,FIG_00002355,FIG_00010725
FIG_00002342,FIG_00002355,FIG_00010403
FIG_00002342,FIG_00002355,FIG_00010810
FIG_00002342,FIG_00002355,FIG_00032340
FIG_00002342,FIG_00002355,FIG_00007601
FIG_00032580,FIG_00032582,FIG_00033002
FIG_00006374,FIG_00006381,FIG_00006377
FIG_00006374,FIG_00006381,FIG_00011569
FIG_00006374,FIG_00006381,FIG_00031195
FIG_00006374,FIG_00006380,FIG_00006377
FIG_00006374,FIG_00006380,FIG_00011569
FIG_00006374,FIG_00006380,FIG_00031195
FIG_00006374,FIG_00006378,FIG_00006377
FIG_00006374,FIG_00006378,FIG_00011569
FIG_00006374,FIG_00006378,FIG_00031195
FIG_00027439,FIG_00027440,FIG_00030462
FIG_00027439,FIG_00027440,FIG_00031394
FIG_00027439,FIG_00027440,FIG_00031303
FIG_00020092,FIG_00020094,FIG_00033816
FIG_00020092,FIG_00020094,FIG_00020093
FIG_00020092,FIG_00020094,FIG_00020630
FIG_00020092,FIG_00020094,FIG_00033904
FIG_00020092,FIG_00020094,FIG_00030015
FIG_00009129,FIG_00009143,FIG_00025338
FIG_00009129,FIG_00009143,FIG_00011154
FIG_00009129,FIG_00009143,FIG_00011153
FIG_00009129,FIG_00009143,FIG_00011248
FIG_00009129,FIG_00009143,FIG_00009337
FIG_00009129,FIG_00009141,FIG_00025338
FIG_00009129,FIG_00009141,FIG_00011154
FIG_00009129,FIG_00009141,FIG_00011153
FIG_00009129,FIG_00009141,FIG_00011248
FIG_00009129,FIG_00009141,FIG_00009337
FIG_00000286,FIG_00013980,FIG_00008784
FIG_00000286,FIG_00013980,FIG_00006471
FIG_00000286,FIG_00013980,FIG_00010451
FIG_00000286,FIG_00013980,FIG_00008868
FIG_00000286,FIG_00013980,FIG_00005851
FIG_00026823,FIG_00026825,FIG_00026829
FIG_00026823,FIG_00026825,FIG_00026851
FIG_00026823,FIG_00026825,FIG_00026853
FIG_00026823,FIG_00026825,FIG_00026858
FIG_00026823,FIG_00026825,FIG_00026832
FIG_00026823,FIG_00026826,FIG_00026829
FIG_00026823,FIG_00026826,FIG_00026851
FIG_00026823,FIG_00026826,FIG_00026853
FIG_00026823,FIG_00026826,FIG_00026858
FIG_00026823,FIG_00026826,FIG_00026832
FIG_00024993,FIG_00024994,FIG_00029410
FIG_00024993,FIG_00024994,FIG_00028552
FIG_00024993,FIG_00024994,FIG_00029940
FIG_00024993,FIG_00024994,FIG_00029941
FIG_00024993,FIG_00024994,FIG_00030225
FIG_00027484,FIG_00027487,FIG_00032860
FIG_00027484,FIG_00027487,FIG_00032861
FIG_00027484,FIG_00027487,FIG_00032005
FIG_00027484,FIG_00027487,FIG_00032001
FIG_00027484,FIG_00027487,FIG_00032862
FIG_00027484,FIG_00027486,FIG_00032860
FIG_00027484,FIG_00027486,FIG_00032861
FIG_00027484,FIG_00027486,FIG_00032005
FIG_00027484,FIG_00027486,FIG_00032001
FIG_00027484,FIG_00027486,FIG_00032862
FIG_00027484,FIG_00027485,FIG_00032860
FIG_00027484,FIG_00027485,FIG_00032861
FIG_00027484,FIG_00027485,FIG_00032005
FIG_00027484,FIG_00027485,FIG_00032001
FIG_00027484,FIG_00027485,FIG_00032862
FIG_00011038,FIG_00011048,FIG_00021539
FIG_00011038,FIG_00011048,FIG_00020306
FIG_00011038,FIG_00011048,FIG_00025929
FIG_00011038,FIG_00011048,FIG_00022657
FIG_00011038,FIG_00011048,FIG_00022666
FIG_00011038,FIG_00011039,FIG_00021539
FIG_00011038,FIG_00011039,FIG_00020306
FIG_00011038,FIG_00011039,FIG_00025929
FIG_00011038,FIG_00011039,FIG_00022657
FIG_00011038,FIG_00011039,FIG_00022666
FIG_00011038,FIG_00011044,FIG_00021539
FIG_00011038,FIG_00011044,FIG_00020306
FIG_00011038,FIG_00011044,FIG_00025929
FIG_00011038,FIG_00011044,FIG_00022657
FIG_00011038,FIG_00011044,FIG_00022666
FIG_00018173,FIG_00018174,FIG_00019495
FIG_00018173,FIG_00018174,FIG_00031822
FIG_00018173,FIG_00018174,FIG_00024317
FIG_00016144,FIG_00016145,FIG_00028946
FIG_00016144,FIG_00016145,FIG_00026670
FIG_00016144,FIG_00016145,FIG_00023598
FIG_00016144,FIG_00016145,FIG_00028351
FIG_00016144,FIG_00016145,FIG_00017968
FIG_00004271,FIG_00004272,FIG_00022801
FIG_00004271,FIG_00004272,FIG_00010913
FIG_00004271,FIG_00004272,FIG_00010974
FIG_00004271,FIG_00004272,FIG_00004500
FIG_00004271,FIG_00004272,FIG_00014216
FIG_00004271,FIG_00004274,FIG_00022801
FIG_00004271,FIG_00004274,FIG_00010913
FIG_00004271,FIG_00004274,FIG_00010974
FIG_00004271,FIG_00004274,FIG_00004500
FIG_00004271,FIG_00004274,FIG_00014216
FIG_00033139,FIG_00033140,FIG_00033375
FIG_00013315,FIG_00013316,FIG_00028234
FIG_00013315,FIG_00013316,FIG_00013677
FIG_00013315,FIG_00013316,FIG_00016349
FIG_00013315,FIG_00013316,FIG_00031771
FIG_00013315,FIG_00013316,FIG_00018372
FIG_00031946,FIG_00031948,FIG_00033968
FIG_00031946,FIG_00031948,FIG_00034092
FIG_00005894,FIG_00005898,FIG_00029929
FIG_00005894,FIG_00005898,FIG_00031514
FIG_00005894,FIG_00005897,FIG_00029929
FIG_00005894,FIG_00005897,FIG_00031514
FIG_00018398,FIG_00018406,FIG_00018401
FIG_00018398,FIG_00018399,FIG_00018401
FIG_00014162,FIG_00014163,FIG_00030704
FIG_00014162,FIG_00014163,FIG_00026061
FIG_00014162,FIG_00014163,FIG_00033116
FIG_00014162,FIG_00014163,FIG_00033135
FIG_00002490,FIG_00002491,FIG_00013199
FIG_00002490,FIG_00002491,FIG_00013200
FIG_00002490,FIG_00002491,FIG_00013196
FIG_00002490,FIG_00002491,FIG_00032293
FIG_00002490,FIG_00002491,FIG_00030956
FIG_00007920,FIG_00007921,FIG_00007923
FIG_00007920,FIG_00007921,FIG_00010912
FIG_00007920,FIG_00007921,FIG_00031529
FIG_00007920,FIG_00007921,FIG_00007935
FIG_00007920,FIG_00007921,FIG_00031532
FIG_00031030,FIG_00031031,FIG_00031391
FIG_00031030,FIG_00031031,FIG_00034283
FIG_00031030,FIG_00031031,FIG_00031609
FIG_00009209,FIG_00009210,FIG_00015410
FIG_00009209,FIG_00009210,FIG_00028406
FIG_00009209,FIG_00009210,FIG_00030881
FIG_00009209,FIG_00009210,FIG_00011655
FIG_00009209,FIG_00009210,FIG_00023105
FIG_00009209,FIG_00009212,FIG_00015410
FIG_00009209,FIG_00009212,FIG_00028406
FIG_00009209,FIG_00009212,FIG_00030881
FIG_00009209,FIG_00009212,FIG_00011655
FIG_00009209,FIG_00009212,FIG_00023105
FIG_00028816,FIG_00028817,FIG_00034561
FIG_00028816,FIG_00028817,FIG_00028819
FIG_00028816,FIG_00028817,FIG_00034631
FIG_00028816,FIG_00028817,FIG_00034095
FIG_00028816,FIG_00028817,FIG_00030731
FIG_00029876,FIG_00029878,FIG_00031219
FIG_00029876,FIG_00029878,FIG_00030110
FIG_00029876,FIG_00029878,FIG_00034511
FIG_00029876,FIG_00029878,FIG_00031464
FIG_00029876,FIG_00029878,FIG_00033254
FIG_00016478,FIG_00016480,FIG_00019691
FIG_00016478,FIG_00016480,FIG_00019043
FIG_00016478,FIG_00016481,FIG_00019691
FIG_00016478,FIG_00016481,FIG_00019043
FIG_00016478,FIG_00016479,FIG_00019691
FIG_00016478,FIG_00016479,FIG_00019043
FIG_00015052,FIG_00015053,FIG_00018841
FIG_00015052,FIG_00015053,FIG_00034436
FIG_00015052,FIG_00015053,FIG_00018149
FIG_00015052,FIG_00015053,FIG_00018834
FIG_00015052,FIG_00015053,FIG_00019246
FIG_00028969,FIG_00028970,FIG_00029381
FIG_00028969,FIG_00028970,FIG_00032130
FIG_00028969,FIG_00028970,FIG_00029954
FIG_00005555,FIG_00005559,FIG_00016959
FIG_00005555,FIG_00005559,FIG_00029502
FIG_00005555,FIG_00005559,FIG_00013685
FIG_00005555,FIG_00005559,FIG_00029119
FIG_00005555,FIG_00005559,FIG_00013686
FIG_00005555,FIG_00005560,FIG_00016959
FIG_00005555,FIG_00005560,FIG_00029502
FIG_00005555,FIG_00005560,FIG_00013685
FIG_00005555,FIG_00005560,FIG_00029119
FIG_00005555,FIG_00005560,FIG_00013686
FIG_00005555,FIG_00005562,FIG_00016959
FIG_00005555,FIG_00005562,FIG_00029502
FIG_00005555,FIG_00005562,FIG_00013685
FIG_00005555,FIG_00005562,FIG_00029119
FIG_00005555,FIG_00005562,FIG_00013686
FIG_00009106,FIG_00009107,FIG_00009161
FIG_00009106,FIG_00009107,FIG_00033847
FIG_00009106,FIG_00009107,FIG_00033853
FIG_00011201,FIG_00011205,FIG_00011204
FIG_00011201,FIG_00011205,FIG_00032858
FIG_00011201,FIG_00011205,FIG_00030011
FIG_00011201,FIG_00011205,FIG_00034438
FIG_00011201,FIG_00011205,FIG_00012968
FIG_00011201,FIG_00011203,FIG_00011204
FIG_00011201,FIG_00011203,FIG_00032858
FIG_00011201,FIG_00011203,FIG_00030011
FIG_00011201,FIG_00011203,FIG_00034438
FIG_00011201,FIG_00011203,FIG_00012968
FIG_00010366,FIG_00010368,FIG_00010370
FIG_00010366,FIG_00010368,FIG_00015731
FIG_00010366,FIG_00010368,FIG_00015738
FIG_00010366,FIG_00010368,FIG_00027989
FIG_00010366,FIG_00010368,FIG_00014741
FIG_00011519,FIG_00011521,FIG_00011934
FIG_00011519,FIG_00011521,FIG_00031316
FIG_00011519,FIG_00011521,FIG_00032838
FIG_00011519,FIG_00011521,FIG_00016090
FIG_00011519,FIG_00011521,FIG_00033499
FIG_00011519,FIG_00011520,FIG_00011934
FIG_00011519,FIG_00011520,FIG_00031316
FIG_00011519,FIG_00011520,FIG_00032838
FIG_00011519,FIG_00011520,FIG_00016090
FIG_00011519,FIG_00011520,FIG_00033499
FIG_00032335,FIG_00032337,FIG_00034040
FIG_00032335,FIG_00032337,FIG_00034039
FIG_00032335,FIG_00032340,FIG_00034040
FIG_00032335,FIG_00032340,FIG_00034039
FIG_00032335,FIG_00032339,FIG_00034040
FIG_00032335,FIG_00032339,FIG_00034039
FIG_00029372,FIG_00029382,FIG_00029377
FIG_00002349,FIG_00002350,FIG_00014581
FIG_00002349,FIG_00002350,FIG_00007917
FIG_00002349,FIG_00002350,FIG_00007916
FIG_00002349,FIG_00002350,FIG_00007915
FIG_00002349,FIG_00002350,FIG_00014755
FIG_00000795,FIG_00006559,FIG_00006560
FIG_00000795,FIG_00006559,FIG_00000797
FIG_00000795,FIG_00006559,FIG_00019377
FIG_00000795,FIG_00006559,FIG_00017248
FIG_00000795,FIG_00006559,FIG_00015772
FIG_00000795,FIG_00000796,FIG_00006560
FIG_00000795,FIG_00000796,FIG_00000797
FIG_00000795,FIG_00000796,FIG_00019377
FIG_00000795,FIG_00000796,FIG_00017248
FIG_00000795,FIG_00000796,FIG_00015772
FIG_00011339,FIG_00011341,FIG_00022979
FIG_00011339,FIG_00011341,FIG_00022997
FIG_00011339,FIG_00011341,FIG_00029565
FIG_00011339,FIG_00011341,FIG_00028031
FIG_00011339,FIG_00011341,FIG_00011390
FIG_00002406,FIG_00002409,FIG_00032426
FIG_00002406,FIG_00002409,FIG_00031989
FIG_00002406,FIG_00002409,FIG_00024582
FIG_00002406,FIG_00002409,FIG_00031995
FIG_00002406,FIG_00002409,FIG_00031991
FIG_00017225,FIG_00017233,FIG_00019467
FIG_00018223,FIG_00018224,FIG_00019064
FIG_00018223,FIG_00018224,FIG_00024647
FIG_00018223,FIG_00018224,FIG_00019061
FIG_00018223,FIG_00018224,FIG_00034771
FIG_00018223,FIG_00018224,FIG_00030059
FIG_00006587,FIG_00006590,FIG_00016051
FIG_00006587,FIG_00006590,FIG_00011780
FIG_00006587,FIG_00006590,FIG_00012199
FIG_00006587,FIG_00006590,FIG_00030595
FIG_00006587,FIG_00006588,FIG_00016051
FIG_00006587,FIG_00006588,FIG_00011780
FIG_00006587,FIG_00006588,FIG_00012199
FIG_00006587,FIG_00006588,FIG_00030595
FIG_00006587,FIG_00006593,FIG_00016051
FIG_00006587,FIG_00006593,FIG_00011780
FIG_00006587,FIG_00006593,FIG_00012199
FIG_00006587,FIG_00006593,FIG_00030595
FIG_00007368,FIG_00007369,FIG_00009255
FIG_00007368,FIG_00007369,FIG_00032058
FIG_00007368,FIG_00007369,FIG_00009597
FIG_00007368,FIG_00007369,FIG_00007588
FIG_00007368,FIG_00007369,FIG_00030938
FIG_00004622,FIG_00004623,FIG_00004624
FIG_00004622,FIG_00004623,FIG_00018878
FIG_00009251,FIG_00009254,FIG_00009267
FIG_00009251,FIG_00009254,FIG_00031784
FIG_00009251,FIG_00009254,FIG_00009268
FIG_00009251,FIG_00009254,FIG_00010711
FIG_00009251,FIG_00009254,FIG_00032633
FIG_00009251,FIG_00009252,FIG_00009267
FIG_00009251,FIG_00009252,FIG_00031784
FIG_00009251,FIG_00009252,FIG_00009268
FIG_00009251,FIG_00009252,FIG_00010711
FIG_00009251,FIG_00009252,FIG_00032633
FIG_00031359,FIG_00031360,FIG_00031392
FIG_00031359,FIG_00031360,FIG_00033660
FIG_00031359,FIG_00031360,FIG_00032129
FIG_00031359,FIG_00031360,FIG_00033873
FIG_00031359,FIG_00031362,FIG_00031392
FIG_00031359,FIG_00031362,FIG_00033660
FIG_00031359,FIG_00031362,FIG_00032129
FIG_00031359,FIG_00031362,FIG_00033873
FIG_00019295,FIG_00019296,FIG_00030040
FIG_00019295,FIG_00019296,FIG_00033939
FIG_00019295,FIG_00019296,FIG_00034172
FIG_00019295,FIG_00019296,FIG_00019756
FIG_00019295,FIG_00019296,FIG_00020573
FIG_00001015,FIG_00001022,FIG_00001021
FIG_00001015,FIG_00001022,FIG_00029103
FIG_00001015,FIG_00001022,FIG_00025510
FIG_00001015,FIG_00001022,FIG_00033824
FIG_00001015,FIG_00001022,FIG_00014057
FIG_00001015,FIG_00001019,FIG_00001021
FIG_00001015,FIG_00001019,FIG_00029103
FIG_00001015,FIG_00001019,FIG_00025510
FIG_00001015,FIG_00001019,FIG_00033824
FIG_00001015,FIG_00001019,FIG_00014057
FIG_00000753,FIG_00001207,FIG_00001898
FIG_00000753,FIG_00001207,FIG_00004539
FIG_00000753,FIG_00001207,FIG_00034145
FIG_00002177,FIG_00002178,FIG_00021073
FIG_00002177,FIG_00002178,FIG_00024102
FIG_00002177,FIG_00002178,FIG_00008069
FIG_00002177,FIG_00002178,FIG_00011628
FIG_00002177,FIG_00002178,FIG_00007641
FIG_00003841,FIG_00003844,FIG_00017666
FIG_00003841,FIG_00003844,FIG_00031320
FIG_00003841,FIG_00003844,FIG_00021422
FIG_00003841,FIG_00003844,FIG_00022234
FIG_00003841,FIG_00003844,FIG_00010312
FIG_00002703,FIG_00027054,FIG_00026023
FIG_00002703,FIG_00027054,FIG_00023308
FIG_00000797,FIG_00006557,FIG_00006558
FIG_00000797,FIG_00006557,FIG_00034485
FIG_00000797,FIG_00006557,FIG_00010909
FIG_00000797,FIG_00006557,FIG_00002998
FIG_00000797,FIG_00006557,FIG_00025952
FIG_00000797,FIG_00006555,FIG_00006558
FIG_00000797,FIG_00006555,FIG_00034485
FIG_00000797,FIG_00006555,FIG_00010909
FIG_00000797,FIG_00006555,FIG_00002998
FIG_00000797,FIG_00006555,FIG_00025952
FIG_00013248,FIG_00013249,FIG_00019847
FIG_00013248,FIG_00013249,FIG_00029884
FIG_00013248,FIG_00013249,FIG_00030940
FIG_00013248,FIG_00013249,FIG_00031265
FIG_00013248,FIG_00013249,FIG_00018857
FIG_00026854,FIG_00026856,FIG_00026859
FIG_00026854,FIG_00026856,FIG_00030486
FIG_00026854,FIG_00026856,FIG_00026860
FIG_00026854,FIG_00026855,FIG_00026859
FIG_00026854,FIG_00026855,FIG_00030486
FIG_00026854,FIG_00026855,FIG_00026860
FIG_00000132,FIG_00000133,FIG_00015425
FIG_00000132,FIG_00000133,FIG_00002851
FIG_00000132,FIG_00000133,FIG_00028765
FIG_00000132,FIG_00000133,FIG_00016710
FIG_00000132,FIG_00000133,FIG_00031167
FIG_00012807,FIG_00012809,FIG_00030618
FIG_00012807,FIG_00012809,FIG_00033400
FIG_00012807,FIG_00012809,FIG_00028796
FIG_00012807,FIG_00012809,FIG_00034326
FIG_00012807,FIG_00012809,FIG_00028031
FIG_00012807,FIG_00012808,FIG_00030618
FIG_00012807,FIG_00012808,FIG_00033400
FIG_00012807,FIG_00012808,FIG_00028796
FIG_00012807,FIG_00012808,FIG_00034326
FIG_00012807,FIG_00012808,FIG_00028031
FIG_00005314,FIG_00005315,FIG_00017651
FIG_00005314,FIG_00005315,FIG_00030641
FIG_00005314,FIG_00005315,FIG_00026157
FIG_00005314,FIG_00005315,FIG_00011388
FIG_00005314,FIG_00005315,FIG_00032133
FIG_00025990,FIG_00025991,FIG_00031846
FIG_00025990,FIG_00025991,FIG_00033314
FIG_00010966,FIG_00010967,FIG_00029633
FIG_00010966,FIG_00010967,FIG_00012252
FIG_00010966,FIG_00010967,FIG_00024508
FIG_00020730,FIG_00020731,FIG_00031793
FIG_00020730,FIG_00020731,FIG_00028714
FIG_00020730,FIG_00020731,FIG_00030055
FIG_00003850,FIG_00003853,FIG_00006108
FIG_00003850,FIG_00003853,FIG_00029351
FIG_00003850,FIG_00003853,FIG_00028800
FIG_00003850,FIG_00003853,FIG_00033912
FIG_00003850,FIG_00003853,FIG_00006110
FIG_00003850,FIG_00003851,FIG_00006108
FIG_00003850,FIG_00003851,FIG_00029351
FIG_00003850,FIG_00003851,FIG_00028800
FIG_00003850,FIG_00003851,FIG_00033912
FIG_00003850,FIG_00003851,FIG_00006110
FIG_00000513,FIG_00000514,FIG_00031721
FIG_00000513,FIG_00000514,FIG_00031733
FIG_00000513,FIG_00000514,FIG_00031728
FIG_00000513,FIG_00000514,FIG_00026927
FIG_00000513,FIG_00000514,FIG_00004389
FIG_00000705,FIG_00000706,FIG_00025778
FIG_00000705,FIG_00000706,FIG_00025124
FIG_00000705,FIG_00000706,FIG_00011007
FIG_00000705,FIG_00000706,FIG_00025466
FIG_00000705,FIG_00000706,FIG_00001991
FIG_00031161,FIG_00031162,FIG_00031963
FIG_00031161,FIG_00031164,FIG_00031963
FIG_00031161,FIG_00031163,FIG_00031963
FIG_00028156,FIG_00028162,FIG_00028161
FIG_00028156,FIG_00028158,FIG_00028161
FIG_00001173,FIG_00001174,FIG_00033353
FIG_00001173,FIG_00001174,FIG_00005570
FIG_00001173,FIG_00001174,FIG_00029866
FIG_00001173,FIG_00001174,FIG_00033625
FIG_00001173,FIG_00001174,FIG_00030376
FIG_00027812,FIG_00027813,FIG_00033542
FIG_00027812,FIG_00027813,FIG_00033134
FIG_00027812,FIG_00027813,FIG_00033128
FIG_00027812,FIG_00027813,FIG_00028069
FIG_00027812,FIG_00027813,FIG_00032461
FIG_00003006,FIG_00003009,FIG_00012150
FIG_00003006,FIG_00003009,FIG_00015625
FIG_00003006,FIG_00003009,FIG_00024290
FIG_00003006,FIG_00003009,FIG_00030239
FIG_00003006,FIG_00003009,FIG_00005305
FIG_00003006,FIG_00003008,FIG_00012150
FIG_00003006,FIG_00003008,FIG_00015625
FIG_00003006,FIG_00003008,FIG_00024290
FIG_00003006,FIG_00003008,FIG_00030239
FIG_00003006,FIG_00003008,FIG_00005305
FIG_00028928,FIG_00028929,FIG_00028936
FIG_00028928,FIG_00028929,FIG_00032854
FIG_00028928,FIG_00028929,FIG_00029707
FIG_00028928,FIG_00028929,FIG_00028934
FIG_00028928,FIG_00028929,FIG_00033446
FIG_00018437,FIG_00018458,FIG_00034002
FIG_00018437,FIG_00018458,FIG_00019679
FIG_00018437,FIG_00018458,FIG_00027456
FIG_00018437,FIG_00018458,FIG_00027137
FIG_00018437,FIG_00018458,FIG_00033446
FIG_00018437,FIG_00018449,FIG_00034002
FIG_00018437,FIG_00018449,FIG_00019679
FIG_00018437,FIG_00018449,FIG_00027456
FIG_00018437,FIG_00018449,FIG_00027137
FIG_00018437,FIG_00018449,FIG_00033446
FIG_00018437,FIG_00018446,FIG_00034002
FIG_00018437,FIG_00018446,FIG_00019679
FIG_00018437,FIG_00018446,FIG_00027456
FIG_00018437,FIG_00018446,FIG_00027137
FIG_00018437,FIG_00018446,FIG_00033446
FIG_00031990,FIG_00031992,FIG_00031993
FIG_00031990,FIG_00031992,FIG_00034244
FIG_00031990,FIG_00031992,FIG_00031999
FIG_00031990,FIG_00031991,FIG_00031993
FIG_00031990,FIG_00031991,FIG_00034244
FIG_00031990,FIG_00031991,FIG_00031999
FIG_00012748,FIG_00020611,FIG_00015625
FIG_00012748,FIG_00020611,FIG_00033546
FIG_00012748,FIG_00020611,FIG_00034165
FIG_00012748,FIG_00020611,FIG_00022671
FIG_00012748,FIG_00020611,FIG_00031383
FIG_00012748,FIG_00020612,FIG_00015625
FIG_00012748,FIG_00020612,FIG_00033546
FIG_00012748,FIG_00020612,FIG_00034165
FIG_00012748,FIG_00020612,FIG_00022671
FIG_00012748,FIG_00020612,FIG_00031383
FIG_00032321,FIG_00032322,FIG_00032391
FIG_00032321,FIG_00032322,FIG_00032720
FIG_00032321,FIG_00032323,FIG_00032391
FIG_00032321,FIG_00032323,FIG_00032720
FIG_00001685,FIG_00001686,FIG_00017294
FIG_00001685,FIG_00001686,FIG_00026535
FIG_00001685,FIG_00001686,FIG_00032387
FIG_00001685,FIG_00001686,FIG_00018267
FIG_00001685,FIG_00001686,FIG_00032525
FIG_00000289,FIG_00013983,FIG_00002460
FIG_00000289,FIG_00013983,FIG_00004464
FIG_00000289,FIG_00013983,FIG_00008905
FIG_00000289,FIG_00013983,FIG_00009589
FIG_00000289,FIG_00013983,FIG_00003307
FIG_00020406,FIG_00020407,FIG_00032525
FIG_00020406,FIG_00020407,FIG_00029058
FIG_00020406,FIG_00020407,FIG_00030398
FIG_00020406,FIG_00020407,FIG_00032387
FIG_00020406,FIG_00020407,FIG_00031607
FIG_00003908,FIG_00034587,FIG_00003914
FIG_00003908,FIG_00034587,FIG_00012753
FIG_00003908,FIG_00034587,FIG_00003916
FIG_00003908,FIG_00034587,FIG_00012752
FIG_00003908,FIG_00034587,FIG_00009035
FIG_00017014,FIG_00017015,FIG_00032147
FIG_00017014,FIG_00017015,FIG_00027860
FIG_00017014,FIG_00017015,FIG_00032150
FIG_00004269,FIG_00004270,FIG_00007352
FIG_00004269,FIG_00004270,FIG_00022234
FIG_00004269,FIG_00004270,FIG_00030481
FIG_00004269,FIG_00004270,FIG_00034141
FIG_00004269,FIG_00004270,FIG_00028805
FIG_00007867,FIG_00007871,FIG_00007868
FIG_00007867,FIG_00007871,FIG_00007872
FIG_00007867,FIG_00007871,FIG_00007870
FIG_00007867,FIG_00007871,FIG_00007881
FIG_00007867,FIG_00007871,FIG_00007886
FIG_00007867,FIG_00007869,FIG_00007868
FIG_00007867,FIG_00007869,FIG_00007872
FIG_00007867,FIG_00007869,FIG_00007870
FIG_00007867,FIG_00007869,FIG_00007881
FIG_00007867,FIG_00007869,FIG_00007886
FIG_00007576,FIG_00007577,FIG_00020280
FIG_00007576,FIG_00007577,FIG_00020279
FIG_00007576,FIG_00007579,FIG_00020280
FIG_00007576,FIG_00007579,FIG_00020279
FIG_00007576,FIG_00007585,FIG_00020280
FIG_00007576,FIG_00007585,FIG_00020279
FIG_00011342,FIG_00011345,FIG_00011358
FIG_00011342,FIG_00011345,FIG_00011357
FIG_00011342,FIG_00011345,FIG_00034502
FIG_00011342,FIG_00011345,FIG_00011447
FIG_00011342,FIG_00011345,FIG_00015567
FIG_00011342,FIG_00011343,FIG_00011358
FIG_00011342,FIG_00011343,FIG_00011357
FIG_00011342,FIG_00011343,FIG_00034502
FIG_00011342,FIG_00011343,FIG_00011447
FIG_00011342,FIG_00011343,FIG_00015567
FIG_00026140,FIG_00026143,FIG_00027963
FIG_00026140,FIG_00026143,FIG_00031658
FIG_00026140,FIG_00026143,FIG_00027359
FIG_00026140,FIG_00026143,FIG_00030820
FIG_00026140,FIG_00026143,FIG_00033121
FIG_00026140,FIG_00026141,FIG_00027963
FIG_00026140,FIG_00026141,FIG_00031658
FIG_00026140,FIG_00026141,FIG_00027359
FIG_00026140,FIG_00026141,FIG_00030820
FIG_00026140,FIG_00026141,FIG_00033121
FIG_00026140,FIG_00026142,FIG_00027963
FIG_00026140,FIG_00026142,FIG_00031658
FIG_00026140,FIG_00026142,FIG_00027359
FIG_00026140,FIG_00026142,FIG_00030820
FIG_00026140,FIG_00026142,FIG_00033121
FIG_00006555,FIG_00006557,FIG_00006559
FIG_00006555,FIG_00006557,FIG_00006558
FIG_00006555,FIG_00006557,FIG_00014421
FIG_00006555,FIG_00006557,FIG_00010002
FIG_00006555,FIG_00006557,FIG_00024199
FIG_00006555,FIG_00006560,FIG_00006559
FIG_00006555,FIG_00006560,FIG_00006558
FIG_00006555,FIG_00006560,FIG_00014421
FIG_00006555,FIG_00006560,FIG_00010002
FIG_00006555,FIG_00006560,FIG_00024199
FIG_00030258,FIG_00030260,FIG_00033553
FIG_00030258,FIG_00030260,FIG_00031967
FIG_00030258,FIG_00030260,FIG_00033555
FIG_00030258,FIG_00030260,FIG_00033557
FIG_00030258,FIG_00030260,FIG_00032470
FIG_00030258,FIG_00030261,FIG_00033553
FIG_00030258,FIG_00030261,FIG_00031967
FIG_00030258,FIG_00030261,FIG_00033555
FIG_00030258,FIG_00030261,FIG_00033557
FIG_00030258,FIG_00030261,FIG_00032470
FIG_00028736,FIG_00028737,FIG_00028739
FIG_00028736,FIG_00028737,FIG_00031930
FIG_00028736,FIG_00028737,FIG_00031420
FIG_00028736,FIG_00028737,FIG_00029689
FIG_00028736,FIG_00028737,FIG_00032713
FIG_00033528,FIG_00033529,FIG_00034847
FIG_00033528,FIG_00033530,FIG_00034847
FIG_00031056,FIG_00031057,FIG_00032849
FIG_00031056,FIG_00031058,FIG_00032849
FIG_00027961,FIG_00027963,FIG_00028850
FIG_00027961,FIG_00027963,FIG_00029544
FIG_00003197,FIG_00003198,FIG_00023831
FIG_00003197,FIG_00003198,FIG_00027237
FIG_00003197,FIG_00003198,FIG_00025260
FIG_00003197,FIG_00003198,FIG_00007756
FIG_00003197,FIG_00003198,FIG_00015461
FIG_00029853,FIG_00029854,FIG_00031217
FIG_00029853,FIG_00029854,FIG_00034056
FIG_00031057,FIG_00031058,FIG_00032849
FIG_00006095,FIG_00006098,FIG_00024600
FIG_00006095,FIG_00006098,FIG_00020263
FIG_00006095,FIG_00006098,FIG_00011414
FIG_00006095,FIG_00006098,FIG_00012805
FIG_00006095,FIG_00006098,FIG_00017489
FIG_00006095,FIG_00006100,FIG_00024600
FIG_00006095,FIG_00006100,FIG_00020263
FIG_00006095,FIG_00006100,FIG_00011414
FIG_00006095,FIG_00006100,FIG_00012805
FIG_00006095,FIG_00006100,FIG_00017489
FIG_00006095,FIG_00006099,FIG_00024600
FIG_00006095,FIG_00006099,FIG_00020263
FIG_00006095,FIG_00006099,FIG_00011414
FIG_00006095,FIG_00006099,FIG_00012805
FIG_00006095,FIG_00006099,FIG_00017489
FIG_00025594,FIG_00025596,FIG_00030226
FIG_00025594,FIG_00025596,FIG_00031565
FIG_00025594,FIG_00025596,FIG_00032878
FIG_00025594,FIG_00025596,FIG_00034168
FIG_00025594,FIG_00025596,FIG_00026422
FIG_00025594,FIG_00025598,FIG_00030226
FIG_00025594,FIG_00025598,FIG_00031565
FIG_00025594,FIG_00025598,FIG_00032878
FIG_00025594,FIG_00025598,FIG_00034168
FIG_00025594,FIG_00025598,FIG_00026422
FIG_00025594,FIG_00025600,FIG_00030226
FIG_00025594,FIG_00025600,FIG_00031565
FIG_00025594,FIG_00025600,FIG_00032878
FIG_00025594,FIG_00025600,FIG_00034168
FIG_00025594,FIG_00025600,FIG_00026422
FIG_00026825,FIG_00026826,FIG_00026858
FIG_00026825,FIG_00026826,FIG_00026852
FIG_00026825,FIG_00026826,FIG_00026829
FIG_00026825,FIG_00026826,FIG_00026859
FIG_00026825,FIG_00026826,FIG_00026856
FIG_00011039,FIG_00011048,FIG_00025929
FIG_00011039,FIG_00011048,FIG_00021539
FIG_00011039,FIG_00011048,FIG_00022657
FIG_00011039,FIG_00011048,FIG_00020306
FIG_00011039,FIG_00011048,FIG_00022666
FIG_00011039,FIG_00011044,FIG_00025929
FIG_00011039,FIG_00011044,FIG_00021539
FIG_00011039,FIG_00011044,FIG_00022657
FIG_00011039,FIG_00011044,FIG_00020306
FIG_00011039,FIG_00011044,FIG_00022666
FIG_00011039,FIG_00011043,FIG_00025929
FIG_00011039,FIG_00011043,FIG_00021539
FIG_00011039,FIG_00011043,FIG_00022657
FIG_00011039,FIG_00011043,FIG_00020306
FIG_00011039,FIG_00011043,FIG_00022666
FIG_00031999,FIG_00032000,FIG_00034557
FIG_00031999,FIG_00032000,FIG_00034244
FIG_00002151,FIG_00019244,FIG_00005715
FIG_00002151,FIG_00019244,FIG_00008084
FIG_00002151,FIG_00019244,FIG_00008100
FIG_00002151,FIG_00019244,FIG_00008355
FIG_00002151,FIG_00019244,FIG_00023088
FIG_00004575,FIG_00004579,FIG_00015097
FIG_00004575,FIG_00004579,FIG_00022382
FIG_00004575,FIG_00004579,FIG_00017928
FIG_00004575,FIG_00004577,FIG_00015097
FIG_00004575,FIG_00004577,FIG_00022382
FIG_00004575,FIG_00004577,FIG_00017928
FIG_00015375,FIG_00019573,FIG_00018491
FIG_00015375,FIG_00019573,FIG_00034766
FIG_00015375,FIG_00019573,FIG_00028210
FIG_00015375,FIG_00019573,FIG_00017973
FIG_00015375,FIG_00019573,FIG_00016267
FIG_00004381,FIG_00004384,FIG_00010292
FIG_00004381,FIG_00004384,FIG_00006999
FIG_00004381,FIG_00004384,FIG_00022141
FIG_00004381,FIG_00004384,FIG_00011344
FIG_00004381,FIG_00004384,FIG_00008653
FIG_00004381,FIG_00004382,FIG_00010292
FIG_00004381,FIG_00004382,FIG_00006999
FIG_00004381,FIG_00004382,FIG_00022141
FIG_00004381,FIG_00004382,FIG_00011344
FIG_00004381,FIG_00004382,FIG_00008653
FIG_00004381,FIG_00004383,FIG_00010292
FIG_00004381,FIG_00004383,FIG_00006999
FIG_00004381,FIG_00004383,FIG_00022141
FIG_00004381,FIG_00004383,FIG_00011344
FIG_00004381,FIG_00004383,FIG_00008653
FIG_00024964,FIG_00024966,FIG_00025210
FIG_00015648,FIG_00015649,FIG_00027360
FIG_00015648,FIG_00015649,FIG_00027359
FIG_00015648,FIG_00015649,FIG_00024474
FIG_00015648,FIG_00015649,FIG_00024472
FIG_00015648,FIG_00015649,FIG_00028645
FIG_00009804,FIG_00009807,FIG_00009816
FIG_00009804,FIG_00009807,FIG_00032385
FIG_00009804,FIG_00009807,FIG_00010258
FIG_00009804,FIG_00009807,FIG_00012022
FIG_00009804,FIG_00009811,FIG_00009816
FIG_00009804,FIG_00009811,FIG_00032385
FIG_00009804,FIG_00009811,FIG_00010258
FIG_00009804,FIG_00009811,FIG_00012022
FIG_00009804,FIG_00009814,FIG_00009816
FIG_00009804,FIG_00009814,FIG_00032385
FIG_00009804,FIG_00009814,FIG_00010258
FIG_00009804,FIG_00009814,FIG_00012022
FIG_00033526,FIG_00033528,FIG_00034847
FIG_00033526,FIG_00033529,FIG_00034847
FIG_00033526,FIG_00033527,FIG_00034847
FIG_00019073,FIG_00019075,FIG_00030789
FIG_00019073,FIG_00019075,FIG_00022350
FIG_00019073,FIG_00019075,FIG_00028227
FIG_00019073,FIG_00019075,FIG_00029066
FIG_00019073,FIG_00019075,FIG_00021175
FIG_00004362,FIG_00004363,FIG_00031448
FIG_00004362,FIG_00004363,FIG_00008344
FIG_00004362,FIG_00004363,FIG_00030113
FIG_00004362,FIG_00004363,FIG_00006246
FIG_00004362,FIG_00004363,FIG_00010760
FIG_00005930,FIG_00005931,FIG_00015105
FIG_00005930,FIG_00005931,FIG_00020642
FIG_00005930,FIG_00005931,FIG_00012926
FIG_00005930,FIG_00005931,FIG_00028939
FIG_00005930,FIG_00005931,FIG_00014349
FIG_00026144,FIG_00026145,FIG_00028969
FIG_00026144,FIG_00026145,FIG_00031803
FIG_00026144,FIG_00026145,FIG_00030841
FIG_00026144,FIG_00026145,FIG_00030065
FIG_00026144,FIG_00026145,FIG_00028968
FIG_00026144,FIG_00026146,FIG_00028969
FIG_00026144,FIG_00026146,FIG_00031803
FIG_00026144,FIG_00026146,FIG_00030841
FIG_00026144,FIG_00026146,FIG_00030065
FIG_00026144,FIG_00026146,FIG_00028968
FIG_00002789,FIG_00002790,FIG_00009554
FIG_00002789,FIG_00002790,FIG_00032484
FIG_00002789,FIG_00002790,FIG_00030854
FIG_00002789,FIG_00002790,FIG_00028900
FIG_00002789,FIG_00002790,FIG_00030855
FIG_00029914,FIG_00029915,FIG_00034287
FIG_00029914,FIG_00029915,FIG_00033680
FIG_00029914,FIG_00029915,FIG_00031601
FIG_00029373,FIG_00029375,FIG_00030869
FIG_00029373,FIG_00029374,FIG_00030869
FIG_00029373,FIG_00029379,FIG_00030869
FIG_00011380,FIG_00011381,FIG_00012812
FIG_00011380,FIG_00011381,FIG_00012811
FIG_00011380,FIG_00011381,FIG_00012805
FIG_00011380,FIG_00011381,FIG_00019762
FIG_00011380,FIG_00011381,FIG_00031434
FIG_00018452,FIG_00018458,FIG_00026939
FIG_00018452,FIG_00018458,FIG_00034592
FIG_00018452,FIG_00018458,FIG_00019889
FIG_00018452,FIG_00018458,FIG_00026469
FIG_00024944,FIG_00024945,FIG_00033488
FIG_00024944,FIG_00024945,FIG_00034533
FIG_00024944,FIG_00024945,FIG_00028408
FIG_00024944,FIG_00024945,FIG_00034766
FIG_00024944,FIG_00024945,FIG_00028275
FIG_00029353,FIG_00029354,FIG_00031733
FIG_00029353,FIG_00029354,FIG_00031736
FIG_00029353,FIG_00029354,FIG_00033778
FIG_00029353,FIG_00029354,FIG_00031608
FIG_00029353,FIG_00029354,FIG_00033970
FIG_00031252,FIG_00031254,FIG_00033204
FIG_00011509,FIG_00011513,FIG_00011510
FIG_00011509,FIG_00011513,FIG_00025587
FIG_00011509,FIG_00011513,FIG_00024462
FIG_00011509,FIG_00011513,FIG_00024570
FIG_00011509,FIG_00011513,FIG_00030470
FIG_00011509,FIG_00011512,FIG_00011510
FIG_00011509,FIG_00011512,FIG_00025587
FIG_00011509,FIG_00011512,FIG_00024462
FIG_00011509,FIG_00011512,FIG_00024570
FIG_00011509,FIG_00011512,FIG_00030470
FIG_00007110,FIG_00007111,FIG_00026112
FIG_00007110,FIG_00007111,FIG_00013197
FIG_00007110,FIG_00007111,FIG_00013140
FIG_00007110,FIG_00007111,FIG_00013144
FIG_00007110,FIG_00007111,FIG_00029066
FIG_00027472,FIG_00027475,FIG_00033656
FIG_00027472,FIG_00027475,FIG_00033196
FIG_00027472,FIG_00027475,FIG_00033435
FIG_00027472,FIG_00027475,FIG_00031220
FIG_00016225,FIG_00016226,FIG_00017411
FIG_00027797,FIG_00027798,FIG_00029028
FIG_00027797,FIG_00027798,FIG_00031727
FIG_00027797,FIG_00027798,FIG_00029308
FIG_00027797,FIG_00027799,FIG_00029028
FIG_00027797,FIG_00027799,FIG_00031727
FIG_00027797,FIG_00027799,FIG_00029308
FIG_00027797,FIG_00027800,FIG_00029028
FIG_00027797,FIG_00027800,FIG_00031727
FIG_00027797,FIG_00027800,FIG_00029308
FIG_00017171,FIG_00017172,FIG_00018899
FIG_00017171,FIG_00017172,FIG_00034597
FIG_00017171,FIG_00017172,FIG_00030081
FIG_00017171,FIG_00017172,FIG_00030833
FIG_00017171,FIG_00017172,FIG_00027599
FIG_00010002,FIG_00010004,FIG_00029396
FIG_00010002,FIG_00010004,FIG_00033520
FIG_00010002,FIG_00010004,FIG_00024199
FIG_00026139,FIG_00026140,FIG_00027963
FIG_00026139,FIG_00026140,FIG_00031658
FIG_00026139,FIG_00026140,FIG_00030820
FIG_00026139,FIG_00026140,FIG_00033121
FIG_00026139,FIG_00026140,FIG_00027359
FIG_00026139,FIG_00026143,FIG_00027963
FIG_00026139,FIG_00026143,FIG_00031658
FIG_00026139,FIG_00026143,FIG_00030820
FIG_00026139,FIG_00026143,FIG_00033121
FIG_00026139,FIG_00026143,FIG_00027359
FIG_00026139,FIG_00026141,FIG_00027963
FIG_00026139,FIG_00026141,FIG_00031658
FIG_00026139,FIG_00026141,FIG_00030820
FIG_00026139,FIG_00026141,FIG_00033121
FIG_00026139,FIG_00026141,FIG_00027359
FIG_00000769,FIG_00000770,FIG_00005724
FIG_00000769,FIG_00000770,FIG_00005688
FIG_00000769,FIG_00000770,FIG_00009004
FIG_00000769,FIG_00000770,FIG_00028631
FIG_00000769,FIG_00000770,FIG_00010595
FIG_00021405,FIG_00021406,FIG_00028660
FIG_00021405,FIG_00021406,FIG_00034035
FIG_00021405,FIG_00021406,FIG_00029689
FIG_00021405,FIG_00021406,FIG_00034034
FIG_00021405,FIG_00021406,FIG_00034033
FIG_00033943,FIG_00033944,FIG_00034704
FIG_00033943,FIG_00033944,FIG_00034703
FIG_00031757,FIG_00031762,FIG_00031758
FIG_00031757,FIG_00031762,FIG_00031761
FIG_00031757,FIG_00031762,FIG_00031765
FIG_00031757,FIG_00031762,FIG_00032607
FIG_00011045,FIG_00011050,FIG_00021915
FIG_00011045,FIG_00011050,FIG_00027680
FIG_00011045,FIG_00011050,FIG_00034671
FIG_00011045,FIG_00011050,FIG_00034672
FIG_00006387,FIG_00006388,FIG_00019567
FIG_00006387,FIG_00006388,FIG_00024510
FIG_00006387,FIG_00006388,FIG_00024508
FIG_00006387,FIG_00006388,FIG_00009656
FIG_00006387,FIG_00006388,FIG_00033468
FIG_00006387,FIG_00006390,FIG_00019567
FIG_00006387,FIG_00006390,FIG_00024510
FIG_00006387,FIG_00006390,FIG_00024508
FIG_00006387,FIG_00006390,FIG_00009656
FIG_00006387,FIG_00006390,FIG_00033468
FIG_00006387,FIG_00006389,FIG_00019567
FIG_00006387,FIG_00006389,FIG_00024510
FIG_00006387,FIG_00006389,FIG_00024508
FIG_00006387,FIG_00006389,FIG_00009656
FIG_00006387,FIG_00006389,FIG_00033468
FIG_00003662,FIG_00003663,FIG_00024577
FIG_00003662,FIG_00003663,FIG_00022634
FIG_00003662,FIG_00003663,FIG_00032888
FIG_00003662,FIG_00003663,FIG_00012066
FIG_00003662,FIG_00003663,FIG_00033901
FIG_00003662,FIG_00003664,FIG_00024577
FIG_00003662,FIG_00003664,FIG_00022634
FIG_00003662,FIG_00003664,FIG_00032888
FIG_00003662,FIG_00003664,FIG_00012066
FIG_00003662,FIG_00003664,FIG_00033901
FIG_00027466,FIG_00027467,FIG_00030729
FIG_00021152,FIG_00021153,FIG_00021155
FIG_00016162,FIG_00016163,FIG_00016165
FIG_00016162,FIG_00016163,FIG_00016164
FIG_00019320,FIG_00019321,FIG_00020566
FIG_00019320,FIG_00019321,FIG_00028470
FIG_00019320,FIG_00019321,FIG_00019640
FIG_00019320,FIG_00019321,FIG_00019638
FIG_00019320,FIG_00019321,FIG_00020471
FIG_00003993,FIG_00003994,FIG_00009163
FIG_00003993,FIG_00003994,FIG_00004277
FIG_00022964,FIG_00022965,FIG_00024543
FIG_00022964,FIG_00022965,FIG_00025116
FIG_00022964,FIG_00022965,FIG_00031317
FIG_00022964,FIG_00022965,FIG_00027653
FIG_00028460,FIG_00028465,FIG_00030124
FIG_00028460,FIG_00028465,FIG_00033811
FIG_00028460,FIG_00028465,FIG_00029617
FIG_00027860,FIG_00027862,FIG_00027866
FIG_00027860,FIG_00027862,FIG_00032150
FIG_00027860,FIG_00027862,FIG_00034496
FIG_00027860,FIG_00027862,FIG_00027861
FIG_00027860,FIG_00027862,FIG_00029846
FIG_00000966,FIG_00000967,FIG_00019604
FIG_00000966,FIG_00000967,FIG_00034597
FIG_00000966,FIG_00000967,FIG_00011097
FIG_00000966,FIG_00000967,FIG_00009899
FIG_00000966,FIG_00000967,FIG_00005362
FIG_00032360,FIG_00032361,FIG_00033164
FIG_00032360,FIG_00032361,FIG_00033053
FIG_00003911,FIG_00003912,FIG_00015740
FIG_00003911,FIG_00003912,FIG_00013045
FIG_00003911,FIG_00003912,FIG_00029456
FIG_00003911,FIG_00003912,FIG_00012741
FIG_00007885,FIG_00007891,FIG_00007889
FIG_00007885,FIG_00007891,FIG_00007886
FIG_00007885,FIG_00007891,FIG_00007890
FIG_00030537,FIG_00030541,FIG_00033090
FIG_00030537,FIG_00030541,FIG_00032030
FIG_00031755,FIG_00031757,FIG_00031765
FIG_00031755,FIG_00031757,FIG_00032607
FIG_00031755,FIG_00031764,FIG_00031765
FIG_00031755,FIG_00031764,FIG_00032607
FIG_00031755,FIG_00031762,FIG_00031765
FIG_00031755,FIG_00031762,FIG_00032607
FIG_00006234,FIG_00006236,FIG_00009343
FIG_00006234,FIG_00006236,FIG_00026097
FIG_00006234,FIG_00006236,FIG_00009500
FIG_00006234,FIG_00006236,FIG_00023539
FIG_00010597,FIG_00010603,FIG_00026575
FIG_00010597,FIG_00010603,FIG_00015812
FIG_00010597,FIG_00010603,FIG_00029436
FIG_00010597,FIG_00010603,FIG_00018316
FIG_00031269,FIG_00031270,FIG_00034152
FIG_00031269,FIG_00031270,FIG_00031271
FIG_00031269,FIG_00031270,FIG_00031310
FIG_00031269,FIG_00031270,FIG_00033963
FIG_00020394,FIG_00020395,FIG_00021915
FIG_00020394,FIG_00020395,FIG_00027680
FIG_00020394,FIG_00020395,FIG_00024732
FIG_00020394,FIG_00020395,FIG_00029870
FIG_00020394,FIG_00020395,FIG_00029866
FIG_00020394,FIG_00020396,FIG_00021915
FIG_00020394,FIG_00020396,FIG_00027680
FIG_00020394,FIG_00020396,FIG_00024732
FIG_00020394,FIG_00020396,FIG_00029870
FIG_00020394,FIG_00020396,FIG_00029866
FIG_00000796,FIG_00006558,FIG_00006557
FIG_00000796,FIG_00006558,FIG_00029793
FIG_00000796,FIG_00006558,FIG_00034485
FIG_00000796,FIG_00006558,FIG_00002418
FIG_00000796,FIG_00006558,FIG_00006555
FIG_00016120,FIG_00016123,FIG_00016220
FIG_00016120,FIG_00016123,FIG_00022063
FIG_00016120,FIG_00016123,FIG_00025414
FIG_00016120,FIG_00016123,FIG_00022176
FIG_00016120,FIG_00016123,FIG_00018235
FIG_00011860,FIG_00011864,FIG_00015110
FIG_00011860,FIG_00011864,FIG_00017103
FIG_00011860,FIG_00011864,FIG_00019321
FIG_00011860,FIG_00011864,FIG_00017537
FIG_00011860,FIG_00011864,FIG_00019320
FIG_00011860,FIG_00011861,FIG_00015110
FIG_00011860,FIG_00011861,FIG_00017103
FIG_00011860,FIG_00011861,FIG_00019321
FIG_00011860,FIG_00011861,FIG_00017537
FIG_00011860,FIG_00011861,FIG_00019320
FIG_00011860,FIG_00011862,FIG_00015110
FIG_00011860,FIG_00011862,FIG_00017103
FIG_00011860,FIG_00011862,FIG_00019321
FIG_00011860,FIG_00011862,FIG_00017537
FIG_00011860,FIG_00011862,FIG_00019320
FIG_00018140,FIG_00018142,FIG_00023710
FIG_00018140,FIG_00018142,FIG_00020285
FIG_00018140,FIG_00018142,FIG_00030543
FIG_00018140,FIG_00018142,FIG_00034423
FIG_00018140,FIG_00018142,FIG_00030544
FIG_00014967,FIG_00014969,FIG_00014972
FIG_00004687,FIG_00004689,FIG_00011209
FIG_00004687,FIG_00004689,FIG_00020218
FIG_00004687,FIG_00004689,FIG_00034838
FIG_00004687,FIG_00004689,FIG_00016954
FIG_00004687,FIG_00004689,FIG_00011967
FIG_00019293,FIG_00019294,FIG_00023712
FIG_00019293,FIG_00019294,FIG_00030605
FIG_00019293,FIG_00019294,FIG_00019296
FIG_00019293,FIG_00019294,FIG_00029313
FIG_00019293,FIG_00019294,FIG_00030461
FIG_00015117,FIG_00015118,FIG_00017676
FIG_00015117,FIG_00015118,FIG_00023412
FIG_00015117,FIG_00015118,FIG_00018873
FIG_00005528,FIG_00005538,FIG_00033603
FIG_00005528,FIG_00005538,FIG_00005537
FIG_00005528,FIG_00005538,FIG_00008342
FIG_00005528,FIG_00005538,FIG_00005541
FIG_00005528,FIG_00005538,FIG_00005539
FIG_00005528,FIG_00005536,FIG_00033603
FIG_00005528,FIG_00005536,FIG_00005537
FIG_00005528,FIG_00005536,FIG_00008342
FIG_00005528,FIG_00005536,FIG_00005541
FIG_00005528,FIG_00005536,FIG_00005539
FIG_00010535,FIG_00010544,FIG_00026048
FIG_00010535,FIG_00010544,FIG_00033969
FIG_00010535,FIG_00010544,FIG_00031981
FIG_00010535,FIG_00010541,FIG_00026048
FIG_00010535,FIG_00010541,FIG_00033969
FIG_00010535,FIG_00010541,FIG_00031981
FIG_00010535,FIG_00010537,FIG_00026048
FIG_00010535,FIG_00010537,FIG_00033969
FIG_00010535,FIG_00010537,FIG_00031981
FIG_00003663,FIG_00003664,FIG_00024577
FIG_00003663,FIG_00003664,FIG_00022634
FIG_00003663,FIG_00003664,FIG_00012066
FIG_00003663,FIG_00003664,FIG_00032888
FIG_00003663,FIG_00003664,FIG_00033901
FIG_00033128,FIG_00033134,FIG_00033135
FIG_00033128,FIG_00033134,FIG_00033136
FIG_00033128,FIG_00033134,FIG_00034645
FIG_00033128,FIG_00033134,FIG_00033141
FIG_00007241,FIG_00007242,FIG_00034100
FIG_00007241,FIG_00007242,FIG_00010910
FIG_00007241,FIG_00007242,FIG_00021282
FIG_00009258,FIG_00009260,FIG_00033354
FIG_00009258,FIG_00009260,FIG_00023482
FIG_00009258,FIG_00009260,FIG_00010613
FIG_00009258,FIG_00009260,FIG_00028027
FIG_00009258,FIG_00009260,FIG_00025228
FIG_00015074,FIG_00015078,FIG_00017973
FIG_00015074,FIG_00015078,FIG_00029937
FIG_00015074,FIG_00015078,FIG_00019281
FIG_00015074,FIG_00015078,FIG_00027575
FIG_00015074,FIG_00015078,FIG_00026268
FIG_00016119,FIG_00016121,FIG_00025414
FIG_00016119,FIG_00016121,FIG_00022176
FIG_00016119,FIG_00016121,FIG_00016123
FIG_00016119,FIG_00016121,FIG_00016220
FIG_00016119,FIG_00016121,FIG_00021666
FIG_00016119,FIG_00016122,FIG_00025414
FIG_00016119,FIG_00016122,FIG_00022176
FIG_00016119,FIG_00016122,FIG_00016123
FIG_00016119,FIG_00016122,FIG_00016220
FIG_00016119,FIG_00016122,FIG_00021666
FIG_00003913,FIG_00003915,FIG_00015246
FIG_00003913,FIG_00003915,FIG_00032952
FIG_00003913,FIG_00003915,FIG_00032165
FIG_00003913,FIG_00003915,FIG_00015440
FIG_00003913,FIG_00003915,FIG_00025978
FIG_00018451,FIG_00018452,FIG_00026939
FIG_00018451,FIG_00018452,FIG_00034592
FIG_00018451,FIG_00018452,FIG_00034002
FIG_00018451,FIG_00018452,FIG_00019889
FIG_00018451,FIG_00018452,FIG_00033446
FIG_00018451,FIG_00018458,FIG_00026939
FIG_00018451,FIG_00018458,FIG_00034592
FIG_00018451,FIG_00018458,FIG_00034002
FIG_00018451,FIG_00018458,FIG_00019889
FIG_00018451,FIG_00018458,FIG_00033446
FIG_00007956,FIG_00007961,FIG_00007957
FIG_00007956,FIG_00007961,FIG_00007965
FIG_00007956,FIG_00007961,FIG_00007958
FIG_00007956,FIG_00007961,FIG_00009155
FIG_00007956,FIG_00007961,FIG_00007964
FIG_00030770,FIG_00030771,FIG_00033001
FIG_00013262,FIG_00013263,FIG_00030053
FIG_00013262,FIG_00013263,FIG_00028546
FIG_00013262,FIG_00013263,FIG_00033380
FIG_00013262,FIG_00013263,FIG_00032516
FIG_00013262,FIG_00013263,FIG_00032245
FIG_00028957,FIG_00028958,FIG_00033768
FIG_00028957,FIG_00028958,FIG_00032050
FIG_00028957,FIG_00028958,FIG_00032051
FIG_00028957,FIG_00028958,FIG_00033227
FIG_00028957,FIG_00028958,FIG_00034522
FIG_00028957,FIG_00028959,FIG_00033768
FIG_00028957,FIG_00028959,FIG_00032050
FIG_00028957,FIG_00028959,FIG_00032051
FIG_00028957,FIG_00028959,FIG_00033227
FIG_00028957,FIG_00028959,FIG_00034522
FIG_00010388,FIG_00010393,FIG_00027077
FIG_00010388,FIG_00010393,FIG_00017757
FIG_00010388,FIG_00010393,FIG_00031110
FIG_00010388,FIG_00010393,FIG_00027679
FIG_00010388,FIG_00010393,FIG_00022206
FIG_00010388,FIG_00010391,FIG_00027077
FIG_00010388,FIG_00010391,FIG_00017757
FIG_00010388,FIG_00010391,FIG_00031110
FIG_00010388,FIG_00010391,FIG_00027679
FIG_00010388,FIG_00010391,FIG_00022206
FIG_00032445,FIG_00032446,FIG_00033674
FIG_00032445,FIG_00032446,FIG_00033979
FIG_00032445,FIG_00032447,FIG_00033674
FIG_00032445,FIG_00032447,FIG_00033979
FIG_00032320,FIG_00032322,FIG_00032391
FIG_00032320,FIG_00032322,FIG_00034573
FIG_00032320,FIG_00032321,FIG_00032391
FIG_00032320,FIG_00032321,FIG_00034573
FIG_00031546,FIG_00031547,FIG_00031548
FIG_00031546,FIG_00031547,FIG_00034078
FIG_00031546,FIG_00031547,FIG_00032413
FIG_00031546,FIG_00031547,FIG_00032841
FIG_00007610,FIG_00007613,FIG_00019262
FIG_00007610,FIG_00007613,FIG_00016576
FIG_00007610,FIG_00007613,FIG_00011933
FIG_00007610,FIG_00007613,FIG_00033520
FIG_00007610,FIG_00007613,FIG_00024199
FIG_00016625,FIG_00016634,FIG_00031023
FIG_00016625,FIG_00016634,FIG_00030019
FIG_00016625,FIG_00016634,FIG_00028579
FIG_00016625,FIG_00016634,FIG_00032390
FIG_00016625,FIG_00016634,FIG_00019698
FIG_00032676,FIG_00032681,FIG_00032680
FIG_00032676,FIG_00032681,FIG_00034533
FIG_00032676,FIG_00032681,FIG_00033563
FIG_00032676,FIG_00032681,FIG_00033564
FIG_00032676,FIG_00032681,FIG_00033488
FIG_00033971,FIG_00033980,FIG_00034454
FIG_00033971,FIG_00033980,FIG_00034323
FIG_00033062,FIG_00033063,FIG_00033065
FIG_00033062,FIG_00033063,FIG_00034380
FIG_00013400,FIG_00013402,FIG_00013404
FIG_00013400,FIG_00013402,FIG_00013403
FIG_00013400,FIG_00013401,FIG_00013404
FIG_00013400,FIG_00013401,FIG_00013403
FIG_00006250,FIG_00018333,FIG_00008299
FIG_00006250,FIG_00018333,FIG_00012797
FIG_00006250,FIG_00018333,FIG_00026598
FIG_00006250,FIG_00018333,FIG_00006499
FIG_00006250,FIG_00018333,FIG_00023623
FIG_00009877,FIG_00009878,FIG_00029055
FIG_00009877,FIG_00009878,FIG_00011764
FIG_00009877,FIG_00009878,FIG_00011729
FIG_00009877,FIG_00009878,FIG_00030298
FIG_00009877,FIG_00009878,FIG_00011254
FIG_00009877,FIG_00009884,FIG_00029055
FIG_00009877,FIG_00009884,FIG_00011764
FIG_00009877,FIG_00009884,FIG_00011729
FIG_00009877,FIG_00009884,FIG_00030298
FIG_00009877,FIG_00009884,FIG_00011254
FIG_00002348,FIG_00002349,FIG_00026311
FIG_00002348,FIG_00002349,FIG_00014755
FIG_00002348,FIG_00002349,FIG_00014581
FIG_00002348,FIG_00002349,FIG_00029103
FIG_00002348,FIG_00002349,FIG_00009014
FIG_00018324,FIG_00018325,FIG_00020357
FIG_00018324,FIG_00018325,FIG_00019278
FIG_00018324,FIG_00018325,FIG_00032380
FIG_00018324,FIG_00018325,FIG_00034436
FIG_00018324,FIG_00018325,FIG_00018835
FIG_00033898,FIG_00033899,FIG_00034304
FIG_00033898,FIG_00033900,FIG_00034304
FIG_00028105,FIG_00028107,FIG_00029654
FIG_00028105,FIG_00028107,FIG_00030227
FIG_00028105,FIG_00028107,FIG_00030220
FIG_00028105,FIG_00028107,FIG_00029242
FIG_00028105,FIG_00028107,FIG_00030264
FIG_00032533,FIG_00032535,FIG_00032534
FIG_00032533,FIG_00032535,FIG_00032835
FIG_00029352,FIG_00029353,FIG_00031733
FIG_00029352,FIG_00029353,FIG_00031736
FIG_00029352,FIG_00029353,FIG_00033778
FIG_00029352,FIG_00029353,FIG_00031608
FIG_00029352,FIG_00029353,FIG_00031721
FIG_00029352,FIG_00029354,FIG_00031733
FIG_00029352,FIG_00029354,FIG_00031736
FIG_00029352,FIG_00029354,FIG_00033778
FIG_00029352,FIG_00029354,FIG_00031608
FIG_00029352,FIG_00029354,FIG_00031721
FIG_00020858,FIG_00020860,FIG_00032501
FIG_00020858,FIG_00020860,FIG_00027189
FIG_00020858,FIG_00020860,FIG_00032976
FIG_00020858,FIG_00020860,FIG_00024431
FIG_00020858,FIG_00020860,FIG_00029079
FIG_00010531,FIG_00010541,FIG_00031981
FIG_00010531,FIG_00010541,FIG_00028622
FIG_00010531,FIG_00010541,FIG_00032853
FIG_00010531,FIG_00010541,FIG_00033440
FIG_00010531,FIG_00010541,FIG_00033969
FIG_00010531,FIG_00010544,FIG_00031981
FIG_00010531,FIG_00010544,FIG_00028622
FIG_00010531,FIG_00010544,FIG_00032853
FIG_00010531,FIG_00010544,FIG_00033440
FIG_00010531,FIG_00010544,FIG_00033969
FIG_00010531,FIG_00010535,FIG_00031981
FIG_00010531,FIG_00010535,FIG_00028622
FIG_00010531,FIG_00010535,FIG_00032853
FIG_00010531,FIG_00010535,FIG_00033440
FIG_00010531,FIG_00010535,FIG_00033969
FIG_00008909,FIG_00008913,FIG_00033005
FIG_00008909,FIG_00008913,FIG_00029965
FIG_00008909,FIG_00008913,FIG_00011188
FIG_00008909,FIG_00008913,FIG_00033143
FIG_00008909,FIG_00008913,FIG_00034181
FIG_00008909,FIG_00008912,FIG_00033005
FIG_00008909,FIG_00008912,FIG_00029965
FIG_00008909,FIG_00008912,FIG_00011188
FIG_00008909,FIG_00008912,FIG_00033143
FIG_00008909,FIG_00008912,FIG_00034181
FIG_00030760,FIG_00030762,FIG_00032991
FIG_00030760,FIG_00030762,FIG_00032990
FIG_00030760,FIG_00030762,FIG_00032989
FIG_00030760,FIG_00030762,FIG_00030763
FIG_00030760,FIG_00030761,FIG_00032991
FIG_00030760,FIG_00030761,FIG_00032990
FIG_00030760,FIG_00030761,FIG_00032989
FIG_00030760,FIG_00030761,FIG_00030763
FIG_00030356,FIG_00030359,FIG_00032235
FIG_00030356,FIG_00030359,FIG_00032234
FIG_00030356,FIG_00030358,FIG_00032235
FIG_00030356,FIG_00030358,FIG_00032234
FIG_00001236,FIG_00001237,FIG_00002587
FIG_00001236,FIG_00001237,FIG_00015785
FIG_00001236,FIG_00001237,FIG_00012054
FIG_00001236,FIG_00001237,FIG_00008572
FIG_00001236,FIG_00001237,FIG_00011129
FIG_00029940,FIG_00029941,FIG_00030264
FIG_00029940,FIG_00029941,FIG_00030868
FIG_00029940,FIG_00029943,FIG_00030264
FIG_00029940,FIG_00029943,FIG_00030868
FIG_00032558,FIG_00032559,FIG_00033571
FIG_00032558,FIG_00032559,FIG_00033989
FIG_00021936,FIG_00021937,FIG_00024172
FIG_00021936,FIG_00021937,FIG_00030688
FIG_00021936,FIG_00021937,FIG_00024171
FIG_00034846,FIG_00034848,FIG_00034847
FIG_00005277,FIG_00005278,FIG_00031736
FIG_00005277,FIG_00005278,FIG_00029258
FIG_00005277,FIG_00005278,FIG_00024437
FIG_00005277,FIG_00005278,FIG_00028768
FIG_00005277,FIG_00005278,FIG_00006942
FIG_00015266,FIG_00015267,FIG_00030240
FIG_00015266,FIG_00015267,FIG_00021312
FIG_00015266,FIG_00015267,FIG_00028547
FIG_00015266,FIG_00015267,FIG_00022634
FIG_00015266,FIG_00015267,FIG_00030239
FIG_00025640,FIG_00025641,FIG_00027416
FIG_00025640,FIG_00025641,FIG_00026945
FIG_00025640,FIG_00025641,FIG_00026492
FIG_00025640,FIG_00025641,FIG_00029275
FIG_00010337,FIG_00010339,FIG_00014023
FIG_00010337,FIG_00010339,FIG_00031211
FIG_00010337,FIG_00010339,FIG_00034697
FIG_00010337,FIG_00010339,FIG_00016225
FIG_00010337,FIG_00010339,FIG_00025734
FIG_00010337,FIG_00010342,FIG_00014023
FIG_00010337,FIG_00010342,FIG_00031211
FIG_00010337,FIG_00010342,FIG_00034697
FIG_00010337,FIG_00010342,FIG_00016225
FIG_00010337,FIG_00010342,FIG_00025734
FIG_00010337,FIG_00010338,FIG_00014023
FIG_00010337,FIG_00010338,FIG_00031211
FIG_00010337,FIG_00010338,FIG_00034697
FIG_00010337,FIG_00010338,FIG_00016225
FIG_00010337,FIG_00010338,FIG_00025734
FIG_00010385,FIG_00010386,FIG_00010393
FIG_00010385,FIG_00010386,FIG_00021199
FIG_00010385,FIG_00010386,FIG_00021633
FIG_00010385,FIG_00010386,FIG_00017757
FIG_00010385,FIG_00010386,FIG_00014023
FIG_00010385,FIG_00010391,FIG_00010393
FIG_00010385,FIG_00010391,FIG_00021199
FIG_00010385,FIG_00010391,FIG_00021633
FIG_00010385,FIG_00010391,FIG_00017757
FIG_00010385,FIG_00010391,FIG_00014023
FIG_00001725,FIG_00001727,FIG_00002765
FIG_00001725,FIG_00001727,FIG_00028989
FIG_00001725,FIG_00001727,FIG_00003975
FIG_00001725,FIG_00001727,FIG_00002139
FIG_00001725,FIG_00001727,FIG_00005863
FIG_00030631,FIG_00030632,FIG_00032812
FIG_00030631,FIG_00030632,FIG_00031230
FIG_00011827,FIG_00011836,FIG_00016050
FIG_00011827,FIG_00011836,FIG_00019258
FIG_00011827,FIG_00011836,FIG_00031344
FIG_00011827,FIG_00011836,FIG_00030082
FIG_00011827,FIG_00011836,FIG_00017048
FIG_00006485,FIG_00006492,FIG_00030226
FIG_00006485,FIG_00006492,FIG_00030868
FIG_00006485,FIG_00006492,FIG_00006494
FIG_00006485,FIG_00006492,FIG_00032878
FIG_00006485,FIG_00006492,FIG_00025595
FIG_00006087,FIG_00006091,FIG_00029002
FIG_00006087,FIG_00006091,FIG_00019533
FIG_00006087,FIG_00006091,FIG_00030315
FIG_00006087,FIG_00006091,FIG_00030829
FIG_00006087,FIG_00006091,FIG_00014449
FIG_00006087,FIG_00006089,FIG_00029002
FIG_00006087,FIG_00006089,FIG_00019533
FIG_00006087,FIG_00006089,FIG_00030315
FIG_00006087,FIG_00006089,FIG_00030829
FIG_00006087,FIG_00006089,FIG_00014449
FIG_00006087,FIG_00006090,FIG_00029002
FIG_00006087,FIG_00006090,FIG_00019533
FIG_00006087,FIG_00006090,FIG_00030315
FIG_00006087,FIG_00006090,FIG_00030829
FIG_00006087,FIG_00006090,FIG_00014449
FIG_00005124,FIG_00005125,FIG_00028276
FIG_00005124,FIG_00005125,FIG_00033421
FIG_00005124,FIG_00005125,FIG_00033422
FIG_00005124,FIG_00005125,FIG_00005127
FIG_00005124,FIG_00005125,FIG_00010432
FIG_00005124,FIG_00005126,FIG_00028276
FIG_00005124,FIG_00005126,FIG_00033421
FIG_00005124,FIG_00005126,FIG_00033422
FIG_00005124,FIG_00005126,FIG_00005127
FIG_00005124,FIG_00005126,FIG_00010432
FIG_00030837,FIG_00030842,FIG_00034804
FIG_00030837,FIG_00030842,FIG_00032456
FIG_00030837,FIG_00030842,FIG_00032960
FIG_00015194,FIG_00015195,FIG_00018309
FIG_00015194,FIG_00015195,FIG_00015373
FIG_00015194,FIG_00015195,FIG_00028399
FIG_00015194,FIG_00015195,FIG_00034841
FIG_00015194,FIG_00015195,FIG_00016949
FIG_00015194,FIG_00015795,FIG_00018309
FIG_00015194,FIG_00015795,FIG_00015373
FIG_00015194,FIG_00015795,FIG_00028399
FIG_00015194,FIG_00015795,FIG_00034841
FIG_00015194,FIG_00015795,FIG_00016949
FIG_00008704,FIG_00008705,FIG_00030341
FIG_00008704,FIG_00008705,FIG_00025872
FIG_00008704,FIG_00008705,FIG_00010362
FIG_00008704,FIG_00008705,FIG_00030342
FIG_00008704,FIG_00008705,FIG_00030928
FIG_00004110,FIG_00004118,FIG_00004117
FIG_00004110,FIG_00004118,FIG_00004112
FIG_00004110,FIG_00004118,FIG_00004116
FIG_00003038,FIG_00003039,FIG_00018988
FIG_00003038,FIG_00003039,FIG_00023709
FIG_00003038,FIG_00003039,FIG_00031679
FIG_00003038,FIG_00003039,FIG_00019053
FIG_00003038,FIG_00003039,FIG_00031986
FIG_00003038,FIG_00003040,FIG_00018988
FIG_00003038,FIG_00003040,FIG_00023709
FIG_00003038,FIG_00003040,FIG_00031679
FIG_00003038,FIG_00003040,FIG_00019053
FIG_00003038,FIG_00003040,FIG_00031986
FIG_00003038,FIG_00003042,FIG_00018988
FIG_00003038,FIG_00003042,FIG_00023709
FIG_00003038,FIG_00003042,FIG_00031679
FIG_00003038,FIG_00003042,FIG_00019053
FIG_00003038,FIG_00003042,FIG_00031986
FIG_00030758,FIG_00030759,FIG_00032991
FIG_00030758,FIG_00030759,FIG_00031334
FIG_00030758,FIG_00030759,FIG_00032582
FIG_00030758,FIG_00030759,FIG_00033000
FIG_00030758,FIG_00030759,FIG_00033044
FIG_00030758,FIG_00030762,FIG_00032991
FIG_00030758,FIG_00030762,FIG_00031334
FIG_00030758,FIG_00030762,FIG_00032582
FIG_00030758,FIG_00030762,FIG_00033000
FIG_00030758,FIG_00030762,FIG_00033044
FIG_00030758,FIG_00030761,FIG_00032991
FIG_00030758,FIG_00030761,FIG_00031334
FIG_00030758,FIG_00030761,FIG_00032582
FIG_00030758,FIG_00030761,FIG_00033000
FIG_00030758,FIG_00030761,FIG_00033044
FIG_00026827,FIG_00026833,FIG_00026851
FIG_00026827,FIG_00026833,FIG_00026829
FIG_00026827,FIG_00026833,FIG_00026831
FIG_00026827,FIG_00026833,FIG_00026853
FIG_00026827,FIG_00026833,FIG_00026832
FIG_00026827,FIG_00026834,FIG_00026851
FIG_00026827,FIG_00026834,FIG_00026829
FIG_00026827,FIG_00026834,FIG_00026831
FIG_00026827,FIG_00026834,FIG_00026853
FIG_00026827,FIG_00026834,FIG_00026832
FIG_00019048,FIG_00019050,FIG_00030951
FIG_00018732,FIG_00018735,FIG_00024131
FIG_00018732,FIG_00018735,FIG_00033279
FIG_00018732,FIG_00018735,FIG_00019223
FIG_00018732,FIG_00018735,FIG_00034808
FIG_00018732,FIG_00018735,FIG_00027575
FIG_00018732,FIG_00018733,FIG_00024131
FIG_00018732,FIG_00018733,FIG_00033279
FIG_00018732,FIG_00018733,FIG_00019223
FIG_00018732,FIG_00018733,FIG_00034808
FIG_00018732,FIG_00018733,FIG_00027575
FIG_00029540,FIG_00029541,FIG_00034403
FIG_00029540,FIG_00029541,FIG_00030644
FIG_00029540,FIG_00029541,FIG_00033427
FIG_00029540,FIG_00029541,FIG_00034951
FIG_00029540,FIG_00029541,FIG_00031723
FIG_00010317,FIG_00010319,FIG_00030380
FIG_00010317,FIG_00010319,FIG_00030323
FIG_00010317,FIG_00010319,FIG_00010684
FIG_00010317,FIG_00010319,FIG_00010690
FIG_00010317,FIG_00010319,FIG_00034542
FIG_00010317,FIG_00010325,FIG_00030380
FIG_00010317,FIG_00010325,FIG_00030323
FIG_00010317,FIG_00010325,FIG_00010684
FIG_00010317,FIG_00010325,FIG_00010690
FIG_00010317,FIG_00010325,FIG_00034542
FIG_00029378,FIG_00029379,FIG_00031212
FIG_00029378,FIG_00029379,FIG_00030869
FIG_00029378,FIG_00029380,FIG_00031212
FIG_00029378,FIG_00029380,FIG_00030869
FIG_00006372,FIG_00006379,FIG_00006377
FIG_00006372,FIG_00006379,FIG_00011569
FIG_00006372,FIG_00006379,FIG_00031195
FIG_00006372,FIG_00006380,FIG_00006377
FIG_00006372,FIG_00006380,FIG_00011569
FIG_00006372,FIG_00006380,FIG_00031195
FIG_00006372,FIG_00006378,FIG_00006377
FIG_00006372,FIG_00006378,FIG_00011569
FIG_00006372,FIG_00006378,FIG_00031195
FIG_00004268,FIG_00004269,FIG_00007352
FIG_00004268,FIG_00004269,FIG_00031003
FIG_00004268,FIG_00004269,FIG_00022234
FIG_00004268,FIG_00004269,FIG_00028900
FIG_00004268,FIG_00004269,FIG_00034141
FIG_00004268,FIG_00004270,FIG_00007352
FIG_00004268,FIG_00004270,FIG_00031003
FIG_00004268,FIG_00004270,FIG_00022234
FIG_00004268,FIG_00004270,FIG_00028900
FIG_00004268,FIG_00004270,FIG_00034141
FIG_00018062,FIG_00018063,FIG_00025364
FIG_00018062,FIG_00018063,FIG_00030082
FIG_00018062,FIG_00018063,FIG_00023443
FIG_00025576,FIG_00025578,FIG_00029886
FIG_00025576,FIG_00025578,FIG_00028933
FIG_00025576,FIG_00025578,FIG_00033901
FIG_00031174,FIG_00031179,FIG_00031236
FIG_00031174,FIG_00031176,FIG_00031236
FIG_00031174,FIG_00031180,FIG_00031236
FIG_00011050,FIG_00011052,FIG_00021915
FIG_00011050,FIG_00011052,FIG_00034671
FIG_00011050,FIG_00011052,FIG_00034672
FIG_00011050,FIG_00011052,FIG_00029870
FIG_00011050,FIG_00011052,FIG_00027680
FIG_00005355,FIG_00005356,FIG_00023289
FIG_00001415,FIG_00001416,FIG_00034337
FIG_00001415,FIG_00001416,FIG_00034446
FIG_00006380,FIG_00006383,FIG_00011569
FIG_00006380,FIG_00006383,FIG_00031195
FIG_00006380,FIG_00006381,FIG_00011569
FIG_00006380,FIG_00006381,FIG_00031195
FIG_00003597,FIG_00003600,FIG_00003599
FIG_00003597,FIG_00003600,FIG_00009614
FIG_00003597,FIG_00003600,FIG_00009636
FIG_00003597,FIG_00003600,FIG_00009632
FIG_00003597,FIG_00003600,FIG_00009634
FIG_00003597,FIG_00003603,FIG_00003599
FIG_00003597,FIG_00003603,FIG_00009614
FIG_00003597,FIG_00003603,FIG_00009636
FIG_00003597,FIG_00003603,FIG_00009632
FIG_00003597,FIG_00003603,FIG_00009634
FIG_00003597,FIG_00003602,FIG_00003599
FIG_00003597,FIG_00003602,FIG_00009614
FIG_00003597,FIG_00003602,FIG_00009636
FIG_00003597,FIG_00003602,FIG_00009632
FIG_00003597,FIG_00003602,FIG_00009634
FIG_00018445,FIG_00018446,FIG_00034002
FIG_00018445,FIG_00018446,FIG_00019679
FIG_00018445,FIG_00018446,FIG_00034592
FIG_00018445,FIG_00018446,FIG_00026739
FIG_00018445,FIG_00018446,FIG_00033446
FIG_00018445,FIG_00018449,FIG_00034002
FIG_00018445,FIG_00018449,FIG_00019679
FIG_00018445,FIG_00018449,FIG_00034592
FIG_00018445,FIG_00018449,FIG_00026739
FIG_00018445,FIG_00018449,FIG_00033446
FIG_00018445,FIG_00018458,FIG_00034002
FIG_00018445,FIG_00018458,FIG_00019679
FIG_00018445,FIG_00018458,FIG_00034592
FIG_00018445,FIG_00018458,FIG_00026739
FIG_00018445,FIG_00018458,FIG_00033446
FIG_00017342,FIG_00017352,FIG_00024471
FIG_00017342,FIG_00017352,FIG_00024570
FIG_00017342,FIG_00017352,FIG_00031842
FIG_00017342,FIG_00017352,FIG_00029777
FIG_00017342,FIG_00017352,FIG_00021476
FIG_00017342,FIG_00017354,FIG_00024471
FIG_00017342,FIG_00017354,FIG_00024570
FIG_00017342,FIG_00017354,FIG_00031842
FIG_00017342,FIG_00017354,FIG_00029777
FIG_00017342,FIG_00017354,FIG_00021476
FIG_00000168,FIG_00000176,FIG_00025134
FIG_00000168,FIG_00000176,FIG_00015280
FIG_00000168,FIG_00000176,FIG_00009864
FIG_00000168,FIG_00000176,FIG_00018274
FIG_00000168,FIG_00000176,FIG_00029796
FIG_00015783,FIG_00015784,FIG_00023363
FIG_00015783,FIG_00015784,FIG_00030698
FIG_00015783,FIG_00015784,FIG_00029314
FIG_00015783,FIG_00015784,FIG_00031126
FIG_00015783,FIG_00015784,FIG_00032566
FIG_00010338,FIG_00010341,FIG_00014023
FIG_00010338,FIG_00010341,FIG_00025734
FIG_00010338,FIG_00010341,FIG_00034697
FIG_00010338,FIG_00010341,FIG_00016225
FIG_00010338,FIG_00010341,FIG_00031211
FIG_00010338,FIG_00010339,FIG_00014023
FIG_00010338,FIG_00010339,FIG_00025734
FIG_00010338,FIG_00010339,FIG_00034697
FIG_00010338,FIG_00010339,FIG_00016225
FIG_00010338,FIG_00010339,FIG_00031211
FIG_00010338,FIG_00010342,FIG_00014023
FIG_00010338,FIG_00010342,FIG_00025734
FIG_00010338,FIG_00010342,FIG_00034697
FIG_00010338,FIG_00010342,FIG_00016225
FIG_00010338,FIG_00010342,FIG_00031211
FIG_00009805,FIG_00009809,FIG_00009814
FIG_00009805,FIG_00009809,FIG_00029031
FIG_00009805,FIG_00009809,FIG_00027727
FIG_00009805,FIG_00009809,FIG_00029033
FIG_00009805,FIG_00009809,FIG_00027729
FIG_00009805,FIG_00009812,FIG_00009814
FIG_00009805,FIG_00009812,FIG_00029031
FIG_00009805,FIG_00009812,FIG_00027727
FIG_00009805,FIG_00009812,FIG_00029033
FIG_00009805,FIG_00009812,FIG_00027729
FIG_00009805,FIG_00009806,FIG_00009814
FIG_00009805,FIG_00009806,FIG_00029031
FIG_00009805,FIG_00009806,FIG_00027727
FIG_00009805,FIG_00009806,FIG_00029033
FIG_00009805,FIG_00009806,FIG_00027729
FIG_00022896,FIG_00022897,FIG_00025268
FIG_00000483,FIG_00000484,FIG_00000485
FIG_00000483,FIG_00000484,FIG_00007771
FIG_00000483,FIG_00000484,FIG_00002164
FIG_00000483,FIG_00000484,FIG_00004672
FIG_00000483,FIG_00000484,FIG_00025232
FIG_00028400,FIG_00028403,FIG_00032847
FIG_00031923,FIG_00031924,FIG_00034908
FIG_00003604,FIG_00003605,FIG_00011242
FIG_00003604,FIG_00003605,FIG_00033397
FIG_00003604,FIG_00003605,FIG_00025497
FIG_00003604,FIG_00003605,FIG_00030812
FIG_00003604,FIG_00003605,FIG_00009632
FIG_00025588,FIG_00025600,FIG_00030226
FIG_00025588,FIG_00025600,FIG_00031565
FIG_00025588,FIG_00025600,FIG_00030351
FIG_00025588,FIG_00025600,FIG_00032878
FIG_00025588,FIG_00025600,FIG_00030666
FIG_00025588,FIG_00025594,FIG_00030226
FIG_00025588,FIG_00025594,FIG_00031565
FIG_00025588,FIG_00025594,FIG_00030351
FIG_00025588,FIG_00025594,FIG_00032878
FIG_00025588,FIG_00025594,FIG_00030666
FIG_00025588,FIG_00025596,FIG_00030226
FIG_00025588,FIG_00025596,FIG_00031565
FIG_00025588,FIG_00025596,FIG_00030351
FIG_00025588,FIG_00025596,FIG_00032878
FIG_00025588,FIG_00025596,FIG_00030666
FIG_00003916,FIG_00003918,FIG_00022169
FIG_00003916,FIG_00003918,FIG_00022132
FIG_00003916,FIG_00003918,FIG_00009035
FIG_00003916,FIG_00003918,FIG_00022131
FIG_00003916,FIG_00003918,FIG_00033214
FIG_00005539,FIG_00005541,FIG_00018529
FIG_00005539,FIG_00005541,FIG_00006115
FIG_00005539,FIG_00005541,FIG_00031391
FIG_00005539,FIG_00005541,FIG_00006118
FIG_00005539,FIG_00005541,FIG_00006105
FIG_00005539,FIG_00005543,FIG_00018529
FIG_00005539,FIG_00005543,FIG_00006115
FIG_00005539,FIG_00005543,FIG_00031391
FIG_00005539,FIG_00005543,FIG_00006118
FIG_00005539,FIG_00005543,FIG_00006105
FIG_00007816,FIG_00007817,FIG_00007819
FIG_00007816,FIG_00007817,FIG_00015415
FIG_00007816,FIG_00007817,FIG_00034363
FIG_00007816,FIG_00007817,FIG_00031067
FIG_00007816,FIG_00007817,FIG_00007979
FIG_00007816,FIG_00007823,FIG_00007819
FIG_00007816,FIG_00007823,FIG_00015415
FIG_00007816,FIG_00007823,FIG_00034363
FIG_00007816,FIG_00007823,FIG_00031067
FIG_00007816,FIG_00007823,FIG_00007979
FIG_00018746,FIG_00018748,FIG_00018844
FIG_00018746,FIG_00018748,FIG_00019135
FIG_00018746,FIG_00018748,FIG_00019672
FIG_00018746,FIG_00018748,FIG_00020567
FIG_00018746,FIG_00018748,FIG_00018847
FIG_00005554,FIG_00005556,FIG_00029119
FIG_00005554,FIG_00005556,FIG_00013685
FIG_00005554,FIG_00005556,FIG_00013686
FIG_00005554,FIG_00005556,FIG_00009815
FIG_00005554,FIG_00005556,FIG_00013684
FIG_00005554,FIG_00005560,FIG_00029119
FIG_00005554,FIG_00005560,FIG_00013685
FIG_00005554,FIG_00005560,FIG_00013686
FIG_00005554,FIG_00005560,FIG_00009815
FIG_00005554,FIG_00005560,FIG_00013684
FIG_00005554,FIG_00005557,FIG_00029119
FIG_00005554,FIG_00005557,FIG_00013685
FIG_00005554,FIG_00005557,FIG_00013686
FIG_00005554,FIG_00005557,FIG_00009815
FIG_00005554,FIG_00005557,FIG_00013684
FIG_00009802,FIG_00009805,FIG_00029031
FIG_00009802,FIG_00009805,FIG_00027727
FIG_00009802,FIG_00009805,FIG_00027730
FIG_00009802,FIG_00009805,FIG_00027729
FIG_00009802,FIG_00009805,FIG_00011879
FIG_00009802,FIG_00009809,FIG_00029031
FIG_00009802,FIG_00009809,FIG_00027727
FIG_00009802,FIG_00009809,FIG_00027730
FIG_00009802,FIG_00009809,FIG_00027729
FIG_00009802,FIG_00009809,FIG_00011879
FIG_00009802,FIG_00009803,FIG_00029031
FIG_00009802,FIG_00009803,FIG_00027727
FIG_00009802,FIG_00009803,FIG_00027730
FIG_00009802,FIG_00009803,FIG_00027729
FIG_00009802,FIG_00009803,FIG_00011879
FIG_00027272,FIG_00027273,FIG_00030145
FIG_00027272,FIG_00027273,FIG_00033773
FIG_00027272,FIG_00027273,FIG_00029119
FIG_00003342,FIG_00003343,FIG_00003344
FIG_00003342,FIG_00003343,FIG_00018069
FIG_00003342,FIG_00003343,FIG_00005235
FIG_00016159,FIG_00016162,FIG_00016165
FIG_00016159,FIG_00016162,FIG_00016160
FIG_00016159,FIG_00016162,FIG_00016164
FIG_00016159,FIG_00016163,FIG_00016165
FIG_00016159,FIG_00016163,FIG_00016160
FIG_00016159,FIG_00016163,FIG_00016164
FIG_00008153,FIG_00008154,FIG_00024725
FIG_00008153,FIG_00008154,FIG_00013258
FIG_00010913,FIG_00022801,FIG_00023605
FIG_00010913,FIG_00022801,FIG_00031532
FIG_00027485,FIG_00027487,FIG_00032455
FIG_00027485,FIG_00027487,FIG_00033910
FIG_00027485,FIG_00027487,FIG_00031030
FIG_00027485,FIG_00027487,FIG_00032860
FIG_00027485,FIG_00027487,FIG_00033912
FIG_00027485,FIG_00027486,FIG_00032455
FIG_00027485,FIG_00027486,FIG_00033910
FIG_00027485,FIG_00027486,FIG_00031030
FIG_00027485,FIG_00027486,FIG_00032860
FIG_00027485,FIG_00027486,FIG_00033912
FIG_00006097,FIG_00006100,FIG_00011414
FIG_00006097,FIG_00006100,FIG_00008326
FIG_00006097,FIG_00006100,FIG_00006601
FIG_00006097,FIG_00006100,FIG_00030959
FIG_00006097,FIG_00006100,FIG_00011380
FIG_00006097,FIG_00006098,FIG_00011414
FIG_00006097,FIG_00006098,FIG_00008326
FIG_00006097,FIG_00006098,FIG_00006601
FIG_00006097,FIG_00006098,FIG_00030959
FIG_00006097,FIG_00006098,FIG_00011380
FIG_00006097,FIG_00006099,FIG_00011414
FIG_00006097,FIG_00006099,FIG_00008326
FIG_00006097,FIG_00006099,FIG_00006601
FIG_00006097,FIG_00006099,FIG_00030959
FIG_00006097,FIG_00006099,FIG_00011380
FIG_00010105,FIG_00010111,FIG_00026580
FIG_00010105,FIG_00010111,FIG_00010345
FIG_00010105,FIG_00010111,FIG_00010344
FIG_00010105,FIG_00010111,FIG_00032828
FIG_00010105,FIG_00010111,FIG_00026850
FIG_00002298,FIG_00002299,FIG_00010055
FIG_00002298,FIG_00002299,FIG_00010061
FIG_00002298,FIG_00002299,FIG_00012811
FIG_00002298,FIG_00002299,FIG_00034543
FIG_00002298,FIG_00002299,FIG_00010273
FIG_00012747,FIG_00012748,FIG_00031383
FIG_00012747,FIG_00012748,FIG_00033282
FIG_00012747,FIG_00012748,FIG_00034165
FIG_00012747,FIG_00012748,FIG_00029744
FIG_00012747,FIG_00012748,FIG_00022671
FIG_00032513,FIG_00032514,FIG_00033093
FIG_00001413,FIG_00001414,FIG_00034337
FIG_00001413,FIG_00001415,FIG_00034337
FIG_00001413,FIG_00001416,FIG_00034337
FIG_00015757,FIG_00015762,FIG_00021821
FIG_00015757,FIG_00015762,FIG_00029410
FIG_00015757,FIG_00015762,FIG_00024163
FIG_00015757,FIG_00015762,FIG_00030951
FIG_00015757,FIG_00015762,FIG_00016021
FIG_00015757,FIG_00015763,FIG_00021821
FIG_00015757,FIG_00015763,FIG_00029410
FIG_00015757,FIG_00015763,FIG_00024163
FIG_00015757,FIG_00015763,FIG_00030951
FIG_00015757,FIG_00015763,FIG_00016021
FIG_00011687,FIG_00011688,FIG_00033676
FIG_00011687,FIG_00011688,FIG_00017925
FIG_00011687,FIG_00011688,FIG_00031018
FIG_00011687,FIG_00011688,FIG_00029420
FIG_00011687,FIG_00011688,FIG_00028712
FIG_00031758,FIG_00031765,FIG_00031762
FIG_00031758,FIG_00031765,FIG_00031763
FIG_00031758,FIG_00031765,FIG_00031760
FIG_00031758,FIG_00031765,FIG_00031759
FIG_00031758,FIG_00031765,FIG_00032607
FIG_00008679,FIG_00008683,FIG_00009167
FIG_00008679,FIG_00008683,FIG_00010712
FIG_00008679,FIG_00008683,FIG_00025214
FIG_00008679,FIG_00008683,FIG_00010696
FIG_00008679,FIG_00008683,FIG_00008680
FIG_00033704,FIG_00033710,FIG_00033709
FIG_00033704,FIG_00033710,FIG_00033705
FIG_00005241,FIG_00005242,FIG_00032580
FIG_00005241,FIG_00005242,FIG_00032582
FIG_00005241,FIG_00005242,FIG_00022862
FIG_00005241,FIG_00005242,FIG_00008345
FIG_00005241,FIG_00005242,FIG_00031727
FIG_00031338,FIG_00031340,FIG_00031339
FIG_00028972,FIG_00028973,FIG_00029095
FIG_00028972,FIG_00028973,FIG_00032467
FIG_00028972,FIG_00028973,FIG_00031246
FIG_00008615,FIG_00008617,FIG_00032129
FIG_00008615,FIG_00008617,FIG_00031362
FIG_00008615,FIG_00008617,FIG_00018045
FIG_00008615,FIG_00008617,FIG_00009354
FIG_00008615,FIG_00008617,FIG_00030218
FIG_00008615,FIG_00008616,FIG_00032129
FIG_00008615,FIG_00008616,FIG_00031362
FIG_00008615,FIG_00008616,FIG_00018045
FIG_00008615,FIG_00008616,FIG_00009354
FIG_00008615,FIG_00008616,FIG_00030218
FIG_00008615,FIG_00008618,FIG_00032129
FIG_00008615,FIG_00008618,FIG_00031362
FIG_00008615,FIG_00008618,FIG_00018045
FIG_00008615,FIG_00008618,FIG_00009354
FIG_00008615,FIG_00008618,FIG_00030218
FIG_00008466,FIG_00008467,FIG_00031274
FIG_00008466,FIG_00008467,FIG_00009553
FIG_00008466,FIG_00008467,FIG_00010761
FIG_00008466,FIG_00008467,FIG_00008472
FIG_00008466,FIG_00008467,FIG_00019532
FIG_00008466,FIG_00008471,FIG_00031274
FIG_00008466,FIG_00008471,FIG_00009553
FIG_00008466,FIG_00008471,FIG_00010761
FIG_00008466,FIG_00008471,FIG_00008472
FIG_00008466,FIG_00008471,FIG_00019532
FIG_00033560,FIG_00033561,FIG_00034855
FIG_00033560,FIG_00033561,FIG_00034854
FIG_00021353,FIG_00021354,FIG_00021893
FIG_00021353,FIG_00021354,FIG_00030388
FIG_00021353,FIG_00021354,FIG_00027694
FIG_00021353,FIG_00021354,FIG_00022515
FIG_00021353,FIG_00021354,FIG_00027709
FIG_00026931,FIG_00026932,FIG_00034603
FIG_00006488,FIG_00006496,FIG_00006493
FIG_00006488,FIG_00006496,FIG_00009217
FIG_00006488,FIG_00006496,FIG_00006491
FIG_00006488,FIG_00006496,FIG_00009567
FIG_00006488,FIG_00006496,FIG_00013716
FIG_00007989,FIG_00007990,FIG_00022982
FIG_00007989,FIG_00007990,FIG_00028719
FIG_00007989,FIG_00007990,FIG_00014146
FIG_00007989,FIG_00007990,FIG_00030977
FIG_00007989,FIG_00007990,FIG_00031540
FIG_00031994,FIG_00031998,FIG_00034557
FIG_00031994,FIG_00031998,FIG_00034244
FIG_00031994,FIG_00031997,FIG_00034557
FIG_00031994,FIG_00031997,FIG_00034244
FIG_00031994,FIG_00031996,FIG_00034557
FIG_00031994,FIG_00031996,FIG_00034244
FIG_00003413,FIG_00003419,FIG_00031091
FIG_00003413,FIG_00003419,FIG_00017766
FIG_00003413,FIG_00003419,FIG_00024853
FIG_00003413,FIG_00003419,FIG_00016974
FIG_00003413,FIG_00003419,FIG_00011392
FIG_00003413,FIG_00003414,FIG_00031091
FIG_00003413,FIG_00003414,FIG_00017766
FIG_00003413,FIG_00003414,FIG_00024853
FIG_00003413,FIG_00003414,FIG_00016974
FIG_00003413,FIG_00003414,FIG_00011392
FIG_00003413,FIG_00003421,FIG_00031091
FIG_00003413,FIG_00003421,FIG_00017766
FIG_00003413,FIG_00003421,FIG_00024853
FIG_00003413,FIG_00003421,FIG_00016974
FIG_00003413,FIG_00003421,FIG_00011392
FIG_00010539,FIG_00010543,FIG_00034172
FIG_00010539,FIG_00010543,FIG_00029313
FIG_00010539,FIG_00010543,FIG_00018405
FIG_00010539,FIG_00010543,FIG_00021905
FIG_00010539,FIG_00010543,FIG_00020092
FIG_00001684,FIG_00001687,FIG_00011248
FIG_00001684,FIG_00001687,FIG_00010558
FIG_00001684,FIG_00001687,FIG_00011781
FIG_00001684,FIG_00001687,FIG_00010826
FIG_00001684,FIG_00001688,FIG_00011248
FIG_00001684,FIG_00001688,FIG_00010558
FIG_00001684,FIG_00001688,FIG_00011781
FIG_00001684,FIG_00001688,FIG_00010826
FIG_00010340,FIG_00010343,FIG_00025734
FIG_00010340,FIG_00010343,FIG_00011257
FIG_00010340,FIG_00010343,FIG_00025382
FIG_00010340,FIG_00010342,FIG_00025734
FIG_00010340,FIG_00010342,FIG_00011257
FIG_00010340,FIG_00010342,FIG_00025382
FIG_00010340,FIG_00010341,FIG_00025734
FIG_00010340,FIG_00010341,FIG_00011257
FIG_00010340,FIG_00010341,FIG_00025382
FIG_00033115,FIG_00033137,FIG_00034645
FIG_00033115,FIG_00033137,FIG_00033123
FIG_00033115,FIG_00033137,FIG_00033118
FIG_00033115,FIG_00033137,FIG_00033136
FIG_00033115,FIG_00033137,FIG_00033156
FIG_00006366,FIG_00006371,FIG_00006370
FIG_00006366,FIG_00006371,FIG_00030161
FIG_00006366,FIG_00006371,FIG_00025139
FIG_00006366,FIG_00006371,FIG_00017661
FIG_00006366,FIG_00006371,FIG_00025138
FIG_00009891,FIG_00009892,FIG_00032201
FIG_00009891,FIG_00009892,FIG_00032582
FIG_00009891,FIG_00009892,FIG_00032203
FIG_00009891,FIG_00009892,FIG_00032579
FIG_00009891,FIG_00009892,FIG_00033580
FIG_00009891,FIG_00009893,FIG_00032201
FIG_00009891,FIG_00009893,FIG_00032582
FIG_00009891,FIG_00009893,FIG_00032203
FIG_00009891,FIG_00009893,FIG_00032579
FIG_00009891,FIG_00009893,FIG_00033580
FIG_00028398,FIG_00028400,FIG_00030581
FIG_00028398,FIG_00028400,FIG_00032847
FIG_00028398,FIG_00028400,FIG_00028763
FIG_00028398,FIG_00028403,FIG_00030581
FIG_00028398,FIG_00028403,FIG_00032847
FIG_00028398,FIG_00028403,FIG_00028763
FIG_00028398,FIG_00028399,FIG_00030581
FIG_00028398,FIG_00028399,FIG_00032847
FIG_00028398,FIG_00028399,FIG_00028763
FIG_00025237,FIG_00025238,FIG_00034682
FIG_00025237,FIG_00025238,FIG_00028069
FIG_00025237,FIG_00025240,FIG_00034682
FIG_00025237,FIG_00025240,FIG_00028069
FIG_00007914,FIG_00007946,FIG_00029052
FIG_00007914,FIG_00007946,FIG_00028520
FIG_00007914,FIG_00007946,FIG_00011586
FIG_00007914,FIG_00007946,FIG_00019469
FIG_00007914,FIG_00007946,FIG_00019378
FIG_00003661,FIG_00003663,FIG_00024577
FIG_00003661,FIG_00003663,FIG_00022634
FIG_00003661,FIG_00003663,FIG_00032888
FIG_00003661,FIG_00003663,FIG_00012066
FIG_00003661,FIG_00003663,FIG_00028645
FIG_00003661,FIG_00003662,FIG_00024577
FIG_00003661,FIG_00003662,FIG_00022634
FIG_00003661,FIG_00003662,FIG_00032888
FIG_00003661,FIG_00003662,FIG_00012066
FIG_00003661,FIG_00003662,FIG_00028645
FIG_00003661,FIG_00003664,FIG_00024577
FIG_00003661,FIG_00003664,FIG_00022634
FIG_00003661,FIG_00003664,FIG_00032888
FIG_00003661,FIG_00003664,FIG_00012066
FIG_00003661,FIG_00003664,FIG_00028645
FIG_00023438,FIG_00023441,FIG_00025466
FIG_00023438,FIG_00023441,FIG_00029718
FIG_00023438,FIG_00023441,FIG_00023921
FIG_00022452,FIG_00022453,FIG_00031382
FIG_00022452,FIG_00022453,FIG_00029064
FIG_00022452,FIG_00022453,FIG_00027661
FIG_00022452,FIG_00022453,FIG_00027660
FIG_00022452,FIG_00022453,FIG_00030383
FIG_00027483,FIG_00027487,FIG_00031029
FIG_00027483,FIG_00027487,FIG_00032860
FIG_00027483,FIG_00027487,FIG_00031391
FIG_00027483,FIG_00027487,FIG_00031031
FIG_00027483,FIG_00027487,FIG_00032861
FIG_00027483,FIG_00027485,FIG_00031029
FIG_00027483,FIG_00027485,FIG_00032860
FIG_00027483,FIG_00027485,FIG_00031391
FIG_00027483,FIG_00027485,FIG_00031031
FIG_00027483,FIG_00027485,FIG_00032861
FIG_00027483,FIG_00027484,FIG_00031029
FIG_00027483,FIG_00027484,FIG_00032860
FIG_00027483,FIG_00027484,FIG_00031391
FIG_00027483,FIG_00027484,FIG_00031031
FIG_00027483,FIG_00027484,FIG_00032861
FIG_00008151,FIG_00008153,FIG_00013258
FIG_00008151,FIG_00008153,FIG_00029543
FIG_00008151,FIG_00008153,FIG_00024725
FIG_00008151,FIG_00008153,FIG_00029672
FIG_00008151,FIG_00008152,FIG_00013258
FIG_00008151,FIG_00008152,FIG_00029543
FIG_00008151,FIG_00008152,FIG_00024725
FIG_00008151,FIG_00008152,FIG_00029672
FIG_00008151,FIG_00008154,FIG_00013258
FIG_00008151,FIG_00008154,FIG_00029543
FIG_00008151,FIG_00008154,FIG_00024725
FIG_00008151,FIG_00008154,FIG_00029672
FIG_00005368,FIG_00005369,FIG_00015864
FIG_00005368,FIG_00005369,FIG_00033542
FIG_00005368,FIG_00005369,FIG_00025240
FIG_00005368,FIG_00005369,FIG_00027147
FIG_00005368,FIG_00005369,FIG_00031859
FIG_00011357,FIG_00011360,FIG_00030182
FIG_00011357,FIG_00011360,FIG_00015567
FIG_00011357,FIG_00011360,FIG_00031894
FIG_00011357,FIG_00011360,FIG_00031702
FIG_00011357,FIG_00011358,FIG_00030182
FIG_00011357,FIG_00011358,FIG_00015567
FIG_00011357,FIG_00011358,FIG_00031894
FIG_00011357,FIG_00011358,FIG_00031702
FIG_00015281,FIG_00015288,FIG_00023366
FIG_00015281,FIG_00015288,FIG_00020795
FIG_00015281,FIG_00015288,FIG_00015748
FIG_00015281,FIG_00015288,FIG_00030922
FIG_00015281,FIG_00015288,FIG_00016026
FIG_00008445,FIG_00008463,FIG_00032209
FIG_00008445,FIG_00008463,FIG_00032008
FIG_00008445,FIG_00008463,FIG_00030926
FIG_00008445,FIG_00008463,FIG_00017357
FIG_00008445,FIG_00008463,FIG_00033437
FIG_00029426,FIG_00029427,FIG_00032713
FIG_00029426,FIG_00029427,FIG_00030385
FIG_00028609,FIG_00028610,FIG_00032835
FIG_00028609,FIG_00028610,FIG_00032533
FIG_00028609,FIG_00028610,FIG_00032535
FIG_00028609,FIG_00028610,FIG_00029017
FIG_00028609,FIG_00028610,FIG_00029079
FIG_00007119,FIG_00007121,FIG_00011083
FIG_00007119,FIG_00007121,FIG_00020229
FIG_00007119,FIG_00007121,FIG_00024082
FIG_00007119,FIG_00007121,FIG_00012783
FIG_00007119,FIG_00007121,FIG_00017456
FIG_00030759,FIG_00030762,FIG_00032991
FIG_00030759,FIG_00030762,FIG_00030763
FIG_00030759,FIG_00030762,FIG_00033044
FIG_00030759,FIG_00030761,FIG_00032991
FIG_00030759,FIG_00030761,FIG_00030763
FIG_00030759,FIG_00030761,FIG_00033044
FIG_00030759,FIG_00030760,FIG_00032991
FIG_00030759,FIG_00030760,FIG_00030763
FIG_00030759,FIG_00030760,FIG_00033044
FIG_00003196,FIG_00003197,FIG_00023831
FIG_00003196,FIG_00003197,FIG_00025260
FIG_00003196,FIG_00003197,FIG_00015461
FIG_00003196,FIG_00003197,FIG_00006748
FIG_00003196,FIG_00003197,FIG_00020118
FIG_00003196,FIG_00003198,FIG_00023831
FIG_00003196,FIG_00003198,FIG_00025260
FIG_00003196,FIG_00003198,FIG_00015461
FIG_00003196,FIG_00003198,FIG_00006748
FIG_00003196,FIG_00003198,FIG_00020118
FIG_00034410,FIG_00034412,FIG_00034559
FIG_00034410,FIG_00034412,FIG_00034516
FIG_00015152,FIG_00015158,FIG_00032232
FIG_00031251,FIG_00031254,FIG_00031255
FIG_00031251,FIG_00031254,FIG_00031780
FIG_00031251,FIG_00031254,FIG_00034727
FIG_00031251,FIG_00031252,FIG_00031255
FIG_00031251,FIG_00031252,FIG_00031780
FIG_00031251,FIG_00031252,FIG_00034727
FIG_00015552,FIG_00015553,FIG_00031637
FIG_00015552,FIG_00015553,FIG_00029852
FIG_00015552,FIG_00015553,FIG_00030004
FIG_00015552,FIG_00015553,FIG_00026175
FIG_00015552,FIG_00015553,FIG_00020658
FIG_00009809,FIG_00009812,FIG_00029031
FIG_00009809,FIG_00009812,FIG_00027727
FIG_00009809,FIG_00009812,FIG_00014634
FIG_00009809,FIG_00009812,FIG_00029039
FIG_00009809,FIG_00009813,FIG_00029031
FIG_00009809,FIG_00009813,FIG_00027727
FIG_00009809,FIG_00009813,FIG_00014634
FIG_00009809,FIG_00009813,FIG_00029039
FIG_00009809,FIG_00009810,FIG_00029031
FIG_00009809,FIG_00009810,FIG_00027727
FIG_00009809,FIG_00009810,FIG_00014634
FIG_00009809,FIG_00009810,FIG_00029039
FIG_00019052,FIG_00019053,FIG_00030951
FIG_00019052,FIG_00019053,FIG_00023862
FIG_00019052,FIG_00019053,FIG_00028533
FIG_00019052,FIG_00019053,FIG_00028534
FIG_00019052,FIG_00019053,FIG_00023863
FIG_00009942,FIG_00009943,FIG_00014289
FIG_00009942,FIG_00009943,FIG_00021868
FIG_00009942,FIG_00009943,FIG_00014729
FIG_00009942,FIG_00009943,FIG_00027044
FIG_00006561,FIG_00010863,FIG_00030164
FIG_00006561,FIG_00010863,FIG_00026599
FIG_00006561,FIG_00010863,FIG_00023531
FIG_00006561,FIG_00010863,FIG_00023623
FIG_00006561,FIG_00010863,FIG_00026597
FIG_00027486,FIG_00027487,FIG_00034283
FIG_00027486,FIG_00027487,FIG_00032861
FIG_00027486,FIG_00027487,FIG_00032862
FIG_00027486,FIG_00027487,FIG_00029773
FIG_00009208,FIG_00009209,FIG_00023105
FIG_00009208,FIG_00009209,FIG_00028406
FIG_00009208,FIG_00009209,FIG_00025998
FIG_00009208,FIG_00009209,FIG_00031223
FIG_00009208,FIG_00009209,FIG_00017701
FIG_00009208,FIG_00009210,FIG_00023105
FIG_00009208,FIG_00009210,FIG_00028406
FIG_00009208,FIG_00009210,FIG_00025998
FIG_00009208,FIG_00009210,FIG_00031223
FIG_00009208,FIG_00009210,FIG_00017701
FIG_00009208,FIG_00009212,FIG_00023105
FIG_00009208,FIG_00009212,FIG_00028406
FIG_00009208,FIG_00009212,FIG_00025998
FIG_00009208,FIG_00009212,FIG_00031223
FIG_00009208,FIG_00009212,FIG_00017701
FIG_00015423,FIG_00015426,FIG_00028676
FIG_00015423,FIG_00015426,FIG_00033149
FIG_00015423,FIG_00015426,FIG_00027081
FIG_00015423,FIG_00015426,FIG_00033355
FIG_00015423,FIG_00015426,FIG_00029660
FIG_00004217,FIG_00004218,FIG_00020982
FIG_00004217,FIG_00004218,FIG_00021013
FIG_00004217,FIG_00004218,FIG_00005144
FIG_00004217,FIG_00004218,FIG_00020997
FIG_00004217,FIG_00004218,FIG_00005485
FIG_00032760,FIG_00032768,FIG_00033862
FIG_00032760,FIG_00032768,FIG_00033856
FIG_00032760,FIG_00032768,FIG_00033863
FIG_00032760,FIG_00032768,FIG_00033859
FIG_00032760,FIG_00032768,FIG_00033858
FIG_00032760,FIG_00032767,FIG_00033862
FIG_00032760,FIG_00032767,FIG_00033856
FIG_00032760,FIG_00032767,FIG_00033863
FIG_00032760,FIG_00032767,FIG_00033859
FIG_00032760,FIG_00032767,FIG_00033858
FIG_00008441,FIG_00008442,FIG_00014747
FIG_00029377,FIG_00029378,FIG_00029382
FIG_00029377,FIG_00029378,FIG_00030866
FIG_00029377,FIG_00029378,FIG_00030869
FIG_00029377,FIG_00029379,FIG_00029382
FIG_00029377,FIG_00029379,FIG_00030866
FIG_00029377,FIG_00029379,FIG_00030869
FIG_00003712,FIG_00003718,FIG_00004777
FIG_00003712,FIG_00003718,FIG_00003725
FIG_00003712,FIG_00003718,FIG_00003722
FIG_00003712,FIG_00003718,FIG_00007129
FIG_00003712,FIG_00003718,FIG_00028962
FIG_00013342,FIG_00013343,FIG_00033223
FIG_00013342,FIG_00013343,FIG_00032808
FIG_00013342,FIG_00013343,FIG_00028334
FIG_00013342,FIG_00013343,FIG_00033875
FIG_00013342,FIG_00013343,FIG_00033867
FIG_00030084,FIG_00030085,FIG_00031108
FIG_00018738,FIG_00018740,FIG_00028607
FIG_00018738,FIG_00018740,FIG_00034069
FIG_00018738,FIG_00018740,FIG_00032302
FIG_00018738,FIG_00018740,FIG_00028612
FIG_00018738,FIG_00018740,FIG_00029523
FIG_00018738,FIG_00018739,FIG_00028607
FIG_00018738,FIG_00018739,FIG_00034069
FIG_00018738,FIG_00018739,FIG_00032302
FIG_00018738,FIG_00018739,FIG_00028612
FIG_00018738,FIG_00018739,FIG_00029523
FIG_00012806,FIG_00012810,FIG_00032299
FIG_00012806,FIG_00012810,FIG_00030959
FIG_00012806,FIG_00012810,FIG_00030263
FIG_00012806,FIG_00012810,FIG_00032470
FIG_00012806,FIG_00012810,FIG_00030261
FIG_00028702,FIG_00028703,FIG_00031197
FIG_00028702,FIG_00028703,FIG_00030843
FIG_00028702,FIG_00028703,FIG_00033654
FIG_00028702,FIG_00028703,FIG_00031196
FIG_00028702,FIG_00028703,FIG_00033540
FIG_00007189,FIG_00007191,FIG_00010691
FIG_00007189,FIG_00007191,FIG_00023761
FIG_00007189,FIG_00007191,FIG_00015828
FIG_00007189,FIG_00007191,FIG_00029360
FIG_00007189,FIG_00007191,FIG_00008940
FIG_00005559,FIG_00005562,FIG_00017766
FIG_00005559,FIG_00005562,FIG_00030583
FIG_00005559,FIG_00005562,FIG_00023422
FIG_00005559,FIG_00005562,FIG_00019122
FIG_00005559,FIG_00005560,FIG_00017766
FIG_00005559,FIG_00005560,FIG_00030583
FIG_00005559,FIG_00005560,FIG_00023422
FIG_00005559,FIG_00005560,FIG_00019122
FIG_00033181,FIG_00033182,FIG_00033183
FIG_00033181,FIG_00033182,FIG_00033486
FIG_00033181,FIG_00033182,FIG_00033198
FIG_00028549,FIG_00028550,FIG_00031008
FIG_00028549,FIG_00028550,FIG_00031392
FIG_00028549,FIG_00028550,FIG_00033155
FIG_00028549,FIG_00028550,FIG_00031382
FIG_00028549,FIG_00028550,FIG_00029997
FIG_00028815,FIG_00028817,FIG_00034631
FIG_00028815,FIG_00028817,FIG_00029239
FIG_00028815,FIG_00028817,FIG_00028819
FIG_00028815,FIG_00028817,FIG_00034095
FIG_00028815,FIG_00028817,FIG_00030731
FIG_00034845,FIG_00034849,FIG_00034846
FIG_00034845,FIG_00034848,FIG_00034846
FIG_00027479,FIG_00031156,FIG_00028393
FIG_00023401,FIG_00023402,FIG_00023403
FIG_00018988,FIG_00019053,FIG_00028534
FIG_00018988,FIG_00019048,FIG_00028534
FIG_00019263,FIG_00019264,FIG_00022380
FIG_00019263,FIG_00019264,FIG_00026550
FIG_00019263,FIG_00019264,FIG_00034064
FIG_00019263,FIG_00019264,FIG_00027388
FIG_00019263,FIG_00019264,FIG_00032806
FIG_00011861,FIG_00011863,FIG_00015110
FIG_00011861,FIG_00011863,FIG_00017103
FIG_00011861,FIG_00011863,FIG_00017537
FIG_00011861,FIG_00011863,FIG_00019321
FIG_00011861,FIG_00011863,FIG_00019320
FIG_00011861,FIG_00011865,FIG_00015110
FIG_00011861,FIG_00011865,FIG_00017103
FIG_00011861,FIG_00011865,FIG_00017537
FIG_00011861,FIG_00011865,FIG_00019321
FIG_00011861,FIG_00011865,FIG_00019320
FIG_00011861,FIG_00011862,FIG_00015110
FIG_00011861,FIG_00011862,FIG_00017103
FIG_00011861,FIG_00011862,FIG_00017537
FIG_00011861,FIG_00011862,FIG_00019321
FIG_00011861,FIG_00011862,FIG_00019320
FIG_00006668,FIG_00006674,FIG_00030138
FIG_00006668,FIG_00006674,FIG_00016802
FIG_00006668,FIG_00006674,FIG_00033679
FIG_00006668,FIG_00006674,FIG_00029638
FIG_00006668,FIG_00006674,FIG_00014129
FIG_00013894,FIG_00013895,FIG_00029386
FIG_00013894,FIG_00013895,FIG_00022678
FIG_00013894,FIG_00013895,FIG_00033149
FIG_00013894,FIG_00013895,FIG_00033624
FIG_00013894,FIG_00013895,FIG_00021805
FIG_00024839,FIG_00024840,FIG_00031584
FIG_00031773,FIG_00031776,FIG_00033809
FIG_00031773,FIG_00031776,FIG_00031883
FIG_00031749,FIG_00031750,FIG_00031760
FIG_00031749,FIG_00031750,FIG_00031752
FIG_00031749,FIG_00031750,FIG_00031756
FIG_00031749,FIG_00031750,FIG_00031764
FIG_00031749,FIG_00031750,FIG_00031761
FIG_00007861,FIG_00007864,FIG_00007869
FIG_00007861,FIG_00007864,FIG_00007866
FIG_00007861,FIG_00007864,FIG_00007868
FIG_00007861,FIG_00007864,FIG_00007882
FIG_00007861,FIG_00007864,FIG_00007887
FIG_00034264,FIG_00034265,FIG_00034472
FIG_00002540,FIG_00002545,FIG_00014381
FIG_00002540,FIG_00002545,FIG_00006193
FIG_00002540,FIG_00002545,FIG_00023322
FIG_00002540,FIG_00002545,FIG_00004722
FIG_00002540,FIG_00002545,FIG_00033967
FIG_00017012,FIG_00017013,FIG_00031569
FIG_00017012,FIG_00017013,FIG_00030226
FIG_00017012,FIG_00017013,FIG_00025600
FIG_00017012,FIG_00017013,FIG_00025597
FIG_00017012,FIG_00017013,FIG_00025595
FIG_00023059,FIG_00023065,FIG_00030881
FIG_00023059,FIG_00023065,FIG_00029749
FIG_00023059,FIG_00023065,FIG_00033692
FIG_00023059,FIG_00023065,FIG_00029539
FIG_00023059,FIG_00023064,FIG_00030881
FIG_00023059,FIG_00023064,FIG_00029749
FIG_00023059,FIG_00023064,FIG_00033692
FIG_00023059,FIG_00023064,FIG_00029539
FIG_00012746,FIG_00012748,FIG_00022671
FIG_00012746,FIG_00012748,FIG_00031383
FIG_00012746,FIG_00012748,FIG_00033546
FIG_00012746,FIG_00012747,FIG_00022671
FIG_00012746,FIG_00012747,FIG_00031383
FIG_00012746,FIG_00012747,FIG_00033546
FIG_00012746,FIG_00020611,FIG_00022671
FIG_00012746,FIG_00020611,FIG_00031383
FIG_00012746,FIG_00020611,FIG_00033546
FIG_00005708,FIG_00005709,FIG_00010441
FIG_00005708,FIG_00005709,FIG_00009430
FIG_00005708,FIG_00005709,FIG_00006655
FIG_00005708,FIG_00005709,FIG_00028133
FIG_00005708,FIG_00005709,FIG_00031197
FIG_00000588,FIG_00000589,FIG_00030412
FIG_00000588,FIG_00000589,FIG_00033610
FIG_00000588,FIG_00000589,FIG_00017042
FIG_00000588,FIG_00000589,FIG_00033616
FIG_00000588,FIG_00000589,FIG_00033606
FIG_00000588,FIG_00007031,FIG_00030412
FIG_00000588,FIG_00007031,FIG_00033610
FIG_00000588,FIG_00007031,FIG_00017042
FIG_00000588,FIG_00007031,FIG_00033616
FIG_00000588,FIG_00007031,FIG_00033606
FIG_00005009,FIG_00006707,FIG_00007548
FIG_00005009,FIG_00006707,FIG_00023710
FIG_00005009,FIG_00006707,FIG_00030235
FIG_00005009,FIG_00006707,FIG_00031336
FIG_00005009,FIG_00006707,FIG_00033001
FIG_00012749,FIG_00012751,FIG_00031392
FIG_00012749,FIG_00012751,FIG_00031210
FIG_00012749,FIG_00012751,FIG_00014121
FIG_00012749,FIG_00012751,FIG_00030216
FIG_00012749,FIG_00012751,FIG_00031393
FIG_00007414,FIG_00007415,FIG_00021606
FIG_00007414,FIG_00007415,FIG_00025920
FIG_00007414,FIG_00007415,FIG_00010576
FIG_00007414,FIG_00007415,FIG_00023823
FIG_00007414,FIG_00007415,FIG_00033656
FIG_00014608,FIG_00014609,FIG_00014612
FIG_00014608,FIG_00014609,FIG_00014610
FIG_00014608,FIG_00014609,FIG_00022642
FIG_00014608,FIG_00014609,FIG_00032623
FIG_00031998,FIG_00031999,FIG_00034557
FIG_00031998,FIG_00031999,FIG_00034244
FIG_00031998,FIG_00032000,FIG_00034557
FIG_00031998,FIG_00032000,FIG_00034244
FIG_00005405,FIG_00005406,FIG_00010633
FIG_00005405,FIG_00005406,FIG_00009976
FIG_00005405,FIG_00005406,FIG_00006801
FIG_00005405,FIG_00005406,FIG_00011030
FIG_00005405,FIG_00005406,FIG_00022617
FIG_00033610,FIG_00033616,FIG_00034191
FIG_00003423,FIG_00003424,FIG_00003426
FIG_00003423,FIG_00003424,FIG_00003427
FIG_00003423,FIG_00003424,FIG_00031287
FIG_00003423,FIG_00003424,FIG_00033785
FIG_00003423,FIG_00003424,FIG_00033787
FIG_00007916,FIG_00007917,FIG_00007920
FIG_00007916,FIG_00007917,FIG_00007919
FIG_00007916,FIG_00007917,FIG_00023074
FIG_00007916,FIG_00007917,FIG_00008295
FIG_00007916,FIG_00007917,FIG_00014425
FIG_00004091,FIG_00004092,FIG_00021013
FIG_00004091,FIG_00004092,FIG_00004248
FIG_00004091,FIG_00004092,FIG_00020955
FIG_00004091,FIG_00004092,FIG_00021007
FIG_00004091,FIG_00004092,FIG_00020982
FIG_00004091,FIG_00004093,FIG_00021013
FIG_00004091,FIG_00004093,FIG_00004248
FIG_00004091,FIG_00004093,FIG_00020955
FIG_00004091,FIG_00004093,FIG_00021007
FIG_00004091,FIG_00004093,FIG_00020982
FIG_00002114,FIG_00002115,FIG_00006841
FIG_00002114,FIG_00002115,FIG_00031609
FIG_00002114,FIG_00002115,FIG_00015622
FIG_00002114,FIG_00002115,FIG_00032929
FIG_00002114,FIG_00002115,FIG_00005758
FIG_00004092,FIG_00004093,FIG_00004216
FIG_00004092,FIG_00004093,FIG_00004215
FIG_00004092,FIG_00004093,FIG_00004218
FIG_00004092,FIG_00004093,FIG_00020969
FIG_00004092,FIG_00004093,FIG_00024739
FIG_00004092,FIG_00004094,FIG_00004216
FIG_00004092,FIG_00004094,FIG_00004215
FIG_00004092,FIG_00004094,FIG_00004218
FIG_00004092,FIG_00004094,FIG_00020969
FIG_00004092,FIG_00004094,FIG_00024739
FIG_00030868,FIG_00030869,FIG_00033466
FIG_00030868,FIG_00030869,FIG_00033421
FIG_00028484,FIG_00028485,FIG_00028494
FIG_00028484,FIG_00028485,FIG_00029552
FIG_00010349,FIG_00010358,FIG_00010351
FIG_00010349,FIG_00010358,FIG_00010361
FIG_00010349,FIG_00010358,FIG_00010362
FIG_00010349,FIG_00010358,FIG_00030928
FIG_00010349,FIG_00010358,FIG_00031424
FIG_00013506,FIG_00013507,FIG_00021015
FIG_00013506,FIG_00013507,FIG_00034486
FIG_00032548,FIG_00032549,FIG_00034378
FIG_00032548,FIG_00032549,FIG_00034385
FIG_00032548,FIG_00032549,FIG_00034382
FIG_00020967,FIG_00020971,FIG_00027176
FIG_00020967,FIG_00020971,FIG_00031475
FIG_00020967,FIG_00020971,FIG_00021020
FIG_00020967,FIG_00020971,FIG_00021034
FIG_00034091,FIG_00034100,FIG_00034705
FIG_00034091,FIG_00034100,FIG_00034095
FIG_00021506,FIG_00021507,FIG_00034624
FIG_00007058,FIG_00007061,FIG_00007060
FIG_00007058,FIG_00007061,FIG_00007062
FIG_00007058,FIG_00007061,FIG_00007059
FIG_00007058,FIG_00007061,FIG_00007068
FIG_00007058,FIG_00007061,FIG_00007409
FIG_00024266,FIG_00024267,FIG_00025545
FIG_00024266,FIG_00024267,FIG_00034055
FIG_00024266,FIG_00024267,FIG_00034330
FIG_00024266,FIG_00024267,FIG_00033506
FIG_00003728,FIG_00003729,FIG_00015137
FIG_00003728,FIG_00003729,FIG_00023948
FIG_00003728,FIG_00003729,FIG_00015138
FIG_00003728,FIG_00003729,FIG_00004987
FIG_00003728,FIG_00003729,FIG_00031110
FIG_00015354,FIG_00015383,FIG_00021999
FIG_00015354,FIG_00015383,FIG_00019569
FIG_00015354,FIG_00015383,FIG_00021166
FIG_00015354,FIG_00015383,FIG_00029070
FIG_00015354,FIG_00015383,FIG_00019522
FIG_00012752,FIG_00012754,FIG_00034587
FIG_00012752,FIG_00012754,FIG_00024106
FIG_00012752,FIG_00012754,FIG_00015259
FIG_00012752,FIG_00012754,FIG_00031602
FIG_00012752,FIG_00012754,FIG_00022547
FIG_00012752,FIG_00012753,FIG_00034587
FIG_00012752,FIG_00012753,FIG_00024106
FIG_00012752,FIG_00012753,FIG_00015259
FIG_00012752,FIG_00012753,FIG_00031602
FIG_00012752,FIG_00012753,FIG_00022547
FIG_00004401,FIG_00004403,FIG_00015080
FIG_00004401,FIG_00004403,FIG_00018906
FIG_00004401,FIG_00004403,FIG_00030425
FIG_00004401,FIG_00004403,FIG_00009460
FIG_00004401,FIG_00004403,FIG_00006827
FIG_00010832,FIG_00010833,FIG_00017081
FIG_00010832,FIG_00010833,FIG_00017080
FIG_00010832,FIG_00010833,FIG_00017085
FIG_00010832,FIG_00010833,FIG_00017071
FIG_00010832,FIG_00010833,FIG_00018861
FIG_00034912,FIG_00034915,FIG_00034919
FIG_00034912,FIG_00034915,FIG_00034917
FIG_00034912,FIG_00034915,FIG_00034920
FIG_00034912,FIG_00034914,FIG_00034919
FIG_00034912,FIG_00034914,FIG_00034917
FIG_00034912,FIG_00034914,FIG_00034920
FIG_00022939,FIG_00022943,FIG_00022940
FIG_00022939,FIG_00022943,FIG_00022941
FIG_00022939,FIG_00022943,FIG_00022948
FIG_00022939,FIG_00022943,FIG_00022947
FIG_00022939,FIG_00022943,FIG_00022944
FIG_00013499,FIG_00013501,FIG_00013506
FIG_00013499,FIG_00013501,FIG_00013503
FIG_00013499,FIG_00013505,FIG_00013506
FIG_00013499,FIG_00013505,FIG_00013503
FIG_00013499,FIG_00013500,FIG_00013506
FIG_00013499,FIG_00013500,FIG_00013503
FIG_00027445,FIG_00027446,FIG_00027458
FIG_00027445,FIG_00027446,FIG_00034283
FIG_00027445,FIG_00027446,FIG_00031391
FIG_00027445,FIG_00027446,FIG_00034354
FIG_00027445,FIG_00027446,FIG_00033512
FIG_00013140,FIG_00013144,FIG_00025768
FIG_00013140,FIG_00013144,FIG_00020654
FIG_00013140,FIG_00013144,FIG_00025949
FIG_00013140,FIG_00013144,FIG_00024030
FIG_00013140,FIG_00013144,FIG_00016392
FIG_00011337,FIG_00011343,FIG_00030644
FIG_00011337,FIG_00011355,FIG_00030644
FIG_00030562,FIG_00030563,FIG_00031379
FIG_00030562,FIG_00030563,FIG_00031827
FIG_00030562,FIG_00030563,FIG_00034139
FIG_00030562,FIG_00030563,FIG_00031629
FIG_00030562,FIG_00030563,FIG_00030787
FIG_00005106,FIG_00005114,FIG_00006137
FIG_00005106,FIG_00005114,FIG_00010474
FIG_00005106,FIG_00005114,FIG_00012260
FIG_00005106,FIG_00005114,FIG_00028510
FIG_00005106,FIG_00005114,FIG_00012439
FIG_00005557,FIG_00005560,FIG_00016263
FIG_00005557,FIG_00005560,FIG_00016262
FIG_00005557,FIG_00005560,FIG_00013686
FIG_00005557,FIG_00005560,FIG_00013685
FIG_00005557,FIG_00005560,FIG_00013687
FIG_00005557,FIG_00005558,FIG_00016263
FIG_00005557,FIG_00005558,FIG_00016262
FIG_00005557,FIG_00005558,FIG_00013686
FIG_00005557,FIG_00005558,FIG_00013685
FIG_00005557,FIG_00005558,FIG_00013687
FIG_00008611,FIG_00008618,FIG_00032129
FIG_00008611,FIG_00008618,FIG_00018045
FIG_00008611,FIG_00008618,FIG_00031362
FIG_00008611,FIG_00008618,FIG_00015136
FIG_00008611,FIG_00008618,FIG_00009656
FIG_00008611,FIG_00008617,FIG_00032129
FIG_00008611,FIG_00008617,FIG_00018045
FIG_00008611,FIG_00008617,FIG_00031362
FIG_00008611,FIG_00008617,FIG_00015136
FIG_00008611,FIG_00008617,FIG_00009656
FIG_00008611,FIG_00008612,FIG_00032129
FIG_00008611,FIG_00008612,FIG_00018045
FIG_00008611,FIG_00008612,FIG_00031362
FIG_00008611,FIG_00008612,FIG_00015136
FIG_00008611,FIG_00008612,FIG_00009656
FIG_00010532,FIG_00010538,FIG_00033155
FIG_00010532,FIG_00010538,FIG_00033686
FIG_00010532,FIG_00010538,FIG_00014676
FIG_00010532,FIG_00010538,FIG_00014677
FIG_00010532,FIG_00010538,FIG_00012526
FIG_00010532,FIG_00010542,FIG_00033155
FIG_00010532,FIG_00010542,FIG_00033686
FIG_00010532,FIG_00010542,FIG_00014676
FIG_00010532,FIG_00010542,FIG_00014677
FIG_00010532,FIG_00010542,FIG_00012526
FIG_00010830,FIG_00010833,FIG_00017081
FIG_00010830,FIG_00010833,FIG_00017080
FIG_00010830,FIG_00010833,FIG_00017085
FIG_00010830,FIG_00010833,FIG_00018861
FIG_00010830,FIG_00010833,FIG_00017084
FIG_00010830,FIG_00010832,FIG_00017081
FIG_00010830,FIG_00010832,FIG_00017080
FIG_00010830,FIG_00010832,FIG_00017085
FIG_00010830,FIG_00010832,FIG_00018861
FIG_00010830,FIG_00010832,FIG_00017084
FIG_00010830,FIG_00010831,FIG_00017081
FIG_00010830,FIG_00010831,FIG_00017080
FIG_00010830,FIG_00010831,FIG_00017085
FIG_00010830,FIG_00010831,FIG_00018861
FIG_00010830,FIG_00010831,FIG_00017084
FIG_00005520,FIG_00005521,FIG_00005526
FIG_00005520,FIG_00005521,FIG_00031728
FIG_00005520,FIG_00005521,FIG_00028907
FIG_00005520,FIG_00005521,FIG_00032897
FIG_00005520,FIG_00005521,FIG_00032512
FIG_00016975,FIG_00016979,FIG_00027113
FIG_00016975,FIG_00016979,FIG_00027423
FIG_00016975,FIG_00016979,FIG_00030119
FIG_00016975,FIG_00016979,FIG_00017547
FIG_00016975,FIG_00016977,FIG_00027113
FIG_00016975,FIG_00016977,FIG_00027423
FIG_00016975,FIG_00016977,FIG_00030119
FIG_00016975,FIG_00016977,FIG_00017547
FIG_00015143,FIG_00015144,FIG_00015148
FIG_00034253,FIG_00034255,FIG_00034254
FIG_00031948,FIG_00031949,FIG_00034078
FIG_00031948,FIG_00031949,FIG_00032359
FIG_00020503,FIG_00020507,FIG_00020514
FIG_00020503,FIG_00020507,FIG_00027825
FIG_00020503,FIG_00020507,FIG_00027732
FIG_00020503,FIG_00020507,FIG_00031396
FIG_00020503,FIG_00020507,FIG_00027733
FIG_00020503,FIG_00028132,FIG_00020514
FIG_00020503,FIG_00028132,FIG_00027825
FIG_00020503,FIG_00028132,FIG_00027732
FIG_00020503,FIG_00028132,FIG_00031396
FIG_00020503,FIG_00028132,FIG_00027733
FIG_00025595,FIG_00025597,FIG_00032878
FIG_00025595,FIG_00025597,FIG_00034168
FIG_00025595,FIG_00025597,FIG_00033805
FIG_00025595,FIG_00025600,FIG_00032878
FIG_00025595,FIG_00025600,FIG_00034168
FIG_00025595,FIG_00025600,FIG_00033805
FIG_00025595,FIG_00025598,FIG_00032878
FIG_00025595,FIG_00025598,FIG_00034168
FIG_00025595,FIG_00025598,FIG_00033805
FIG_00002888,FIG_00002889,FIG_00004197
FIG_00002888,FIG_00002889,FIG_00004068
FIG_00002888,FIG_00002889,FIG_00005470
FIG_00002888,FIG_00002889,FIG_00021160
FIG_00002888,FIG_00002889,FIG_00004069
FIG_00005787,FIG_00005789,FIG_00017558
FIG_00005787,FIG_00005789,FIG_00017557
FIG_00005787,FIG_00005789,FIG_00017559
FIG_00005787,FIG_00005789,FIG_00031025
FIG_00005787,FIG_00005789,FIG_00017549
FIG_00005787,FIG_00005788,FIG_00017558
FIG_00005787,FIG_00005788,FIG_00017557
FIG_00005787,FIG_00005788,FIG_00017559
FIG_00005787,FIG_00005788,FIG_00031025
FIG_00005787,FIG_00005788,FIG_00017549
FIG_00010911,FIG_00010912,FIG_00026301
FIG_00010911,FIG_00010912,FIG_00023604
FIG_00010911,FIG_00010912,FIG_00031532
FIG_00010911,FIG_00010912,FIG_00020372
FIG_00010911,FIG_00010912,FIG_00012851
FIG_00010831,FIG_00010833,FIG_00017081
FIG_00010831,FIG_00010833,FIG_00017080
FIG_00010831,FIG_00010833,FIG_00017085
FIG_00010831,FIG_00010833,FIG_00017071
FIG_00010831,FIG_00010833,FIG_00018861
FIG_00010321,FIG_00010323,FIG_00022236
FIG_00010321,FIG_00010323,FIG_00032879
FIG_00010321,FIG_00010323,FIG_00031261
FIG_00010321,FIG_00010323,FIG_00028820
FIG_00010321,FIG_00010323,FIG_00016797
FIG_00007439,FIG_00026311,FIG_00009061
FIG_00007439,FIG_00026311,FIG_00031109
FIG_00019200,FIG_00019204,FIG_00019205
FIG_00019200,FIG_00019204,FIG_00019206
FIG_00004414,FIG_00008338,FIG_00011928
FIG_00004414,FIG_00008338,FIG_00025951
FIG_00004414,FIG_00008338,FIG_00005927
FIG_00004414,FIG_00008340,FIG_00011928
FIG_00004414,FIG_00008340,FIG_00025951
FIG_00004414,FIG_00008340,FIG_00005927
FIG_00005535,FIG_00005539,FIG_00006158
FIG_00005535,FIG_00005539,FIG_00028101
FIG_00005535,FIG_00005539,FIG_00006116
FIG_00005535,FIG_00005539,FIG_00006115
FIG_00005535,FIG_00005539,FIG_00018527
FIG_00005535,FIG_00005543,FIG_00006158
FIG_00005535,FIG_00005543,FIG_00028101
FIG_00005535,FIG_00005543,FIG_00006116
FIG_00005535,FIG_00005543,FIG_00006115
FIG_00005535,FIG_00005543,FIG_00018527
FIG_00005535,FIG_00005541,FIG_00006158
FIG_00005535,FIG_00005541,FIG_00028101
FIG_00005535,FIG_00005541,FIG_00006116
FIG_00005535,FIG_00005541,FIG_00006115
FIG_00005535,FIG_00005541,FIG_00018527
FIG_00028968,FIG_00028969,FIG_00029381
FIG_00028968,FIG_00028969,FIG_00029243
FIG_00028968,FIG_00028969,FIG_00033466
FIG_00028968,FIG_00028969,FIG_00031809
FIG_00028968,FIG_00028969,FIG_00030869
FIG_00028968,FIG_00028970,FIG_00029381
FIG_00028968,FIG_00028970,FIG_00029243
FIG_00028968,FIG_00028970,FIG_00033466
FIG_00028968,FIG_00028970,FIG_00031809
FIG_00028968,FIG_00028970,FIG_00030869
FIG_00003988,FIG_00003989,FIG_00017764
FIG_00003988,FIG_00003989,FIG_00016694
FIG_00003988,FIG_00003989,FIG_00028497
FIG_00003988,FIG_00003989,FIG_00007553
FIG_00003988,FIG_00003989,FIG_00006477
FIG_00000122,FIG_00000133,FIG_00031159
FIG_00000122,FIG_00000133,FIG_00015425
FIG_00000122,FIG_00000133,FIG_00031158
FIG_00000122,FIG_00000133,FIG_00028765
FIG_00000122,FIG_00000133,FIG_00031167
FIG_00000122,FIG_00000132,FIG_00031159
FIG_00000122,FIG_00000132,FIG_00015425
FIG_00000122,FIG_00000132,FIG_00031158
FIG_00000122,FIG_00000132,FIG_00028765
FIG_00000122,FIG_00000132,FIG_00031167
FIG_00011502,FIG_00011503,FIG_00030180
FIG_00011502,FIG_00011503,FIG_00032626
FIG_00011502,FIG_00011503,FIG_00027413
FIG_00011502,FIG_00011503,FIG_00022856
FIG_00011502,FIG_00011503,FIG_00033428
FIG_00010619,FIG_00010620,FIG_00020281
FIG_00010619,FIG_00010620,FIG_00025231
FIG_00010619,FIG_00010620,FIG_00015441
FIG_00010619,FIG_00010620,FIG_00031074
FIG_00010619,FIG_00010620,FIG_00034730
FIG_00009770,FIG_00009772,FIG_00017845
FIG_00009770,FIG_00009772,FIG_00033294
FIG_00009770,FIG_00009772,FIG_00028581
FIG_00009770,FIG_00009772,FIG_00021652
FIG_00009770,FIG_00009772,FIG_00010834
FIG_00009770,FIG_00009771,FIG_00017845
FIG_00009770,FIG_00009771,FIG_00033294
FIG_00009770,FIG_00009771,FIG_00028581
FIG_00009770,FIG_00009771,FIG_00021652
FIG_00009770,FIG_00009771,FIG_00010834
FIG_00003005,FIG_00003007,FIG_00029105
FIG_00003005,FIG_00003007,FIG_00029106
FIG_00003005,FIG_00003007,FIG_00015106
FIG_00003005,FIG_00003007,FIG_00008810
FIG_00003005,FIG_00003007,FIG_00022042
FIG_00027799,FIG_00027801,FIG_00029028
FIG_00027799,FIG_00027801,FIG_00031727
FIG_00027799,FIG_00027800,FIG_00029028
FIG_00027799,FIG_00027800,FIG_00031727
FIG_00001039,FIG_00030147,FIG_00019703
FIG_00001039,FIG_00030147,FIG_00014766
FIG_00001039,FIG_00030147,FIG_00005634
FIG_00001039,FIG_00030147,FIG_00002482
FIG_00001039,FIG_00030147,FIG_00007765
FIG_00006157,FIG_00006159,FIG_00023861
FIG_00006157,FIG_00006159,FIG_00031600
FIG_00006157,FIG_00006159,FIG_00013267
FIG_00006157,FIG_00006159,FIG_00022912
FIG_00006157,FIG_00006159,FIG_00019691
FIG_00020504,FIG_00020507,FIG_00020511
FIG_00020504,FIG_00020507,FIG_00020514
FIG_00020504,FIG_00020507,FIG_00028132
FIG_00020504,FIG_00020507,FIG_00027732
FIG_00020504,FIG_00020507,FIG_00027733
FIG_00021021,FIG_00021036,FIG_00021030
FIG_00021021,FIG_00021032,FIG_00021030
FIG_00021021,FIG_00021026,FIG_00021030
FIG_00007910,FIG_00007927,FIG_00029317
FIG_00007910,FIG_00007927,FIG_00013267
FIG_00007910,FIG_00007927,FIG_00012215
FIG_00007910,FIG_00007927,FIG_00022429
FIG_00007910,FIG_00007925,FIG_00029317
FIG_00007910,FIG_00007925,FIG_00013267
FIG_00007910,FIG_00007925,FIG_00012215
FIG_00007910,FIG_00007925,FIG_00022429
FIG_00007910,FIG_00007933,FIG_00029317
FIG_00007910,FIG_00007933,FIG_00013267
FIG_00007910,FIG_00007933,FIG_00012215
FIG_00007910,FIG_00007933,FIG_00022429
FIG_00022131,FIG_00022132,FIG_00022169
FIG_00022131,FIG_00022132,FIG_00023549
FIG_00022131,FIG_00022132,FIG_00023547
FIG_00022131,FIG_00022132,FIG_00032361
FIG_00022131,FIG_00022132,FIG_00032360
FIG_00007578,FIG_00007583,FIG_00009839
FIG_00007578,FIG_00007583,FIG_00014897
FIG_00007578,FIG_00007583,FIG_00015839
FIG_00007578,FIG_00007583,FIG_00019351
FIG_00007578,FIG_00007583,FIG_00014907
FIG_00004577,FIG_00004579,FIG_00015097
FIG_00004577,FIG_00004579,FIG_00022382
FIG_00004577,FIG_00004579,FIG_00017928
FIG_00007982,FIG_00007983,FIG_00026828
FIG_00007982,FIG_00007983,FIG_00012586
FIG_00007982,FIG_00007983,FIG_00028585
FIG_00007982,FIG_00007983,FIG_00011307
FIG_00007982,FIG_00007983,FIG_00012588
FIG_00001503,FIG_00001505,FIG_00004216
FIG_00001503,FIG_00001505,FIG_00008711
FIG_00001503,FIG_00001505,FIG_00009745
FIG_00001503,FIG_00001505,FIG_00004106
FIG_00010815,FIG_00010816,FIG_00015847
FIG_00010815,FIG_00010816,FIG_00011450
FIG_00010815,FIG_00010816,FIG_00029538
FIG_00010815,FIG_00010816,FIG_00025788
FIG_00010815,FIG_00010816,FIG_00015849
FIG_00004265,FIG_00004266,FIG_00029995
FIG_00004265,FIG_00004266,FIG_00028691
FIG_00004265,FIG_00004266,FIG_00006662
FIG_00004265,FIG_00004266,FIG_00017661
FIG_00004265,FIG_00004266,FIG_00013986
FIG_00003849,FIG_00003851,FIG_00029351
FIG_00003849,FIG_00003851,FIG_00009442
FIG_00003849,FIG_00003851,FIG_00032960
FIG_00003849,FIG_00003851,FIG_00022810
FIG_00003849,FIG_00003851,FIG_00027053
FIG_00003849,FIG_00003850,FIG_00029351
FIG_00003849,FIG_00003850,FIG_00009442
FIG_00003849,FIG_00003850,FIG_00032960
FIG_00003849,FIG_00003850,FIG_00022810
FIG_00003849,FIG_00003850,FIG_00027053
FIG_00003849,FIG_00003853,FIG_00029351
FIG_00003849,FIG_00003853,FIG_00009442
FIG_00003849,FIG_00003853,FIG_00032960
FIG_00003849,FIG_00003853,FIG_00022810
FIG_00003849,FIG_00003853,FIG_00027053
FIG_00028356,FIG_00028357,FIG_00034231
FIG_00028356,FIG_00028357,FIG_00030217
FIG_00028356,FIG_00028357,FIG_00029032
FIG_00028356,FIG_00028357,FIG_00030391
FIG_00028356,FIG_00028357,FIG_00033559
FIG_00015776,FIG_00015780,FIG_00025905
FIG_00015776,FIG_00015780,FIG_00022832
FIG_00015776,FIG_00015780,FIG_00016251
FIG_00015776,FIG_00015780,FIG_00026399
FIG_00015776,FIG_00015780,FIG_00016252
FIG_00008247,FIG_00008256,FIG_00010913
FIG_00008247,FIG_00008256,FIG_00011679
FIG_00008247,FIG_00008256,FIG_00018346
FIG_00008247,FIG_00008256,FIG_00022285
FIG_00008247,FIG_00008256,FIG_00009712
FIG_00018742,FIG_00018745,FIG_00031343
FIG_00018742,FIG_00018745,FIG_00020911
FIG_00018742,FIG_00018745,FIG_00031074
FIG_00018742,FIG_00018745,FIG_00032364
FIG_00018742,FIG_00018745,FIG_00025231
FIG_00018742,FIG_00018743,FIG_00031343
FIG_00018742,FIG_00018743,FIG_00020911
FIG_00018742,FIG_00018743,FIG_00031074
FIG_00018742,FIG_00018743,FIG_00032364
FIG_00018742,FIG_00018743,FIG_00025231
FIG_00019061,FIG_00019064,FIG_00019656
FIG_00019061,FIG_00019064,FIG_00027098
FIG_00019061,FIG_00019064,FIG_00025260
FIG_00019061,FIG_00019064,FIG_00028383
FIG_00019061,FIG_00019064,FIG_00026712
FIG_00029265,FIG_00029267,FIG_00034167
FIG_00029265,FIG_00029267,FIG_00034592
FIG_00029265,FIG_00029267,FIG_00033328
FIG_00029265,FIG_00029267,FIG_00030315
FIG_00029265,FIG_00029267,FIG_00031433
FIG_00029265,FIG_00029266,FIG_00034167
FIG_00029265,FIG_00029266,FIG_00034592
FIG_00029265,FIG_00029266,FIG_00033328
FIG_00029265,FIG_00029266,FIG_00030315
FIG_00029265,FIG_00029266,FIG_00031433
FIG_00031178,FIG_00031181,FIG_00033563
FIG_00031178,FIG_00031181,FIG_00032882
FIG_00031178,FIG_00031181,FIG_00033564
FIG_00031178,FIG_00031181,FIG_00031569
FIG_00031178,FIG_00031181,FIG_00033555
FIG_00003341,FIG_00003343,FIG_00003344
FIG_00003341,FIG_00003343,FIG_00005235
FIG_00003341,FIG_00003343,FIG_00018069
FIG_00003341,FIG_00003343,FIG_00033376
FIG_00003341,FIG_00003342,FIG_00003344
FIG_00003341,FIG_00003342,FIG_00005235
FIG_00003341,FIG_00003342,FIG_00018069
FIG_00003341,FIG_00003342,FIG_00033376
FIG_00011760,FIG_00021199,FIG_00031789
FIG_00011760,FIG_00021199,FIG_00012139
FIG_00011760,FIG_00021199,FIG_00025226
FIG_00011760,FIG_00021199,FIG_00026500
FIG_00011760,FIG_00021199,FIG_00017867
FIG_00025136,FIG_00025138,FIG_00030350
FIG_00025136,FIG_00025138,FIG_00031422
FIG_00025136,FIG_00025138,FIG_00030349
FIG_00025136,FIG_00025138,FIG_00025982
FIG_00025136,FIG_00025138,FIG_00025872
FIG_00025136,FIG_00025139,FIG_00030350
FIG_00025136,FIG_00025139,FIG_00031422
FIG_00025136,FIG_00025139,FIG_00030349
FIG_00025136,FIG_00025139,FIG_00025982
FIG_00025136,FIG_00025139,FIG_00025872
FIG_00000629,FIG_00000632,FIG_00004214
FIG_00000629,FIG_00000632,FIG_00028510
FIG_00000629,FIG_00000632,FIG_00015106
FIG_00000629,FIG_00000632,FIG_00028837
FIG_00000629,FIG_00000632,FIG_00004209
FIG_00005537,FIG_00005541,FIG_00006117
FIG_00005537,FIG_00005541,FIG_00013427
FIG_00005537,FIG_00005541,FIG_00006115
FIG_00005537,FIG_00005541,FIG_00006105
FIG_00005537,FIG_00005541,FIG_00006118
FIG_00005537,FIG_00005543,FIG_00006117
FIG_00005537,FIG_00005543,FIG_00013427
FIG_00005537,FIG_00005543,FIG_00006115
FIG_00005537,FIG_00005543,FIG_00006105
FIG_00005537,FIG_00005543,FIG_00006118
FIG_00005537,FIG_00005539,FIG_00006117
FIG_00005537,FIG_00005539,FIG_00013427
FIG_00005537,FIG_00005539,FIG_00006115
FIG_00005537,FIG_00005539,FIG_00006105
FIG_00005537,FIG_00005539,FIG_00006118
FIG_00003040,FIG_00003042,FIG_00031676
FIG_00003040,FIG_00003042,FIG_00021839
FIG_00003040,FIG_00003042,FIG_00031679
FIG_00003040,FIG_00003042,FIG_00003892
FIG_00003040,FIG_00003042,FIG_00023709
FIG_00018392,FIG_00018394,FIG_00032915
FIG_00018392,FIG_00018394,FIG_00028024
FIG_00018392,FIG_00018394,FIG_00032921
FIG_00018392,FIG_00018394,FIG_00028835
FIG_00018392,FIG_00018394,FIG_00028023
FIG_00018392,FIG_00018396,FIG_00032915
FIG_00018392,FIG_00018396,FIG_00028024
FIG_00018392,FIG_00018396,FIG_00032921
FIG_00018392,FIG_00018396,FIG_00028835
FIG_00018392,FIG_00018396,FIG_00028023
FIG_00019732,FIG_00020508,FIG_00020097
FIG_00019732,FIG_00020508,FIG_00030655
FIG_00019732,FIG_00020508,FIG_00029400
FIG_00019732,FIG_00020513,FIG_00020097
FIG_00019732,FIG_00020513,FIG_00030655
FIG_00019732,FIG_00020513,FIG_00029400
FIG_00019732,FIG_00020512,FIG_00020097
FIG_00019732,FIG_00020512,FIG_00030655
FIG_00019732,FIG_00020512,FIG_00029400
FIG_00008448,FIG_00008462,FIG_00029909
FIG_00008448,FIG_00008462,FIG_00026835
FIG_00008448,FIG_00008462,FIG_00017700
FIG_00008448,FIG_00008462,FIG_00029907
FIG_00008448,FIG_00008462,FIG_00030386
FIG_00008448,FIG_00008464,FIG_00029909
FIG_00008448,FIG_00008464,FIG_00026835
FIG_00008448,FIG_00008464,FIG_00017700
FIG_00008448,FIG_00008464,FIG_00029907
FIG_00008448,FIG_00008464,FIG_00030386
FIG_00008448,FIG_00008449,FIG_00029909
FIG_00008448,FIG_00008449,FIG_00026835
FIG_00008448,FIG_00008449,FIG_00017700
FIG_00008448,FIG_00008449,FIG_00029907
FIG_00008448,FIG_00008449,FIG_00030386
FIG_00016157,FIG_00016158,FIG_00016166
FIG_00016157,FIG_00016158,FIG_00016161
FIG_00016157,FIG_00016158,FIG_00030181
FIG_00016157,FIG_00016158,FIG_00030180
FIG_00016157,FIG_00016158,FIG_00032622
FIG_00016226,FIG_00016228,FIG_00020218
FIG_00016226,FIG_00016228,FIG_00032778
FIG_00016226,FIG_00016228,FIG_00026110
FIG_00016226,FIG_00016227,FIG_00020218
FIG_00016226,FIG_00016227,FIG_00032778
FIG_00016226,FIG_00016227,FIG_00026110
FIG_00009146,FIG_00009150,FIG_00021953
FIG_00009146,FIG_00009150,FIG_00021108
FIG_00017080,FIG_00017081,FIG_00017085
FIG_00017080,FIG_00017081,FIG_00017084
FIG_00017080,FIG_00017081,FIG_00018861
FIG_00005125,FIG_00005126,FIG_00005127
FIG_00005125,FIG_00005126,FIG_00007391
FIG_00005125,FIG_00005126,FIG_00016130
FIG_00005125,FIG_00005126,FIG_00022912
FIG_00005125,FIG_00005126,FIG_00015762
FIG_00012753,FIG_00012754,FIG_00034587
FIG_00012753,FIG_00012754,FIG_00015259
FIG_00012753,FIG_00012754,FIG_00024106
FIG_00012753,FIG_00012754,FIG_00031602
FIG_00012753,FIG_00012754,FIG_00028713
FIG_00010048,FIG_00010050,FIG_00011583
FIG_00010048,FIG_00010050,FIG_00022149
FIG_00010048,FIG_00010050,FIG_00031695
FIG_00010048,FIG_00010050,FIG_00015418
FIG_00010048,FIG_00010050,FIG_00031439
FIG_00010048,FIG_00010052,FIG_00011583
FIG_00010048,FIG_00010052,FIG_00022149
FIG_00010048,FIG_00010052,FIG_00031695
FIG_00010048,FIG_00010052,FIG_00015418
FIG_00010048,FIG_00010052,FIG_00031439
FIG_00010048,FIG_00010051,FIG_00011583
FIG_00010048,FIG_00010051,FIG_00022149
FIG_00010048,FIG_00010051,FIG_00031695
FIG_00010048,FIG_00010051,FIG_00015418
FIG_00010048,FIG_00010051,FIG_00031439
FIG_00003425,FIG_00003426,FIG_00003427
FIG_00003425,FIG_00003426,FIG_00009905
FIG_00003425,FIG_00003426,FIG_00033785
FIG_00003425,FIG_00003426,FIG_00032018
FIG_00003425,FIG_00003426,FIG_00033781
FIG_00007267,FIG_00007268,FIG_00011240
FIG_00007267,FIG_00007268,FIG_00011680
FIG_00007267,FIG_00007268,FIG_00010471
FIG_00007267,FIG_00007268,FIG_00030121
FIG_00007267,FIG_00007268,FIG_00029751
FIG_00032462,FIG_00032463,FIG_00033138
FIG_00032462,FIG_00032463,FIG_00033140
FIG_00032462,FIG_00032463,FIG_00032976
FIG_00032462,FIG_00032463,FIG_00033139
FIG_00032462,FIG_00032463,FIG_00034454
FIG_00008841,FIG_00008846,FIG_00030124
FIG_00008841,FIG_00008846,FIG_00028548
FIG_00008841,FIG_00008846,FIG_00014698
FIG_00008841,FIG_00008846,FIG_00033018
FIG_00008841,FIG_00008846,FIG_00025352
FIG_00022994,FIG_00022996,FIG_00034662
FIG_00022994,FIG_00022996,FIG_00023761
FIG_00022994,FIG_00022996,FIG_00031414
FIG_00022994,FIG_00022996,FIG_00030386
FIG_00020392,FIG_00020393,FIG_00029837
FIG_00020392,FIG_00020393,FIG_00022832
FIG_00020392,FIG_00020393,FIG_00034808
FIG_00020392,FIG_00020393,FIG_00025690
FIG_00020392,FIG_00020393,FIG_00033057
FIG_00005627,FIG_00005629,FIG_00006924
FIG_00005627,FIG_00005629,FIG_00010295
FIG_00005627,FIG_00005629,FIG_00017964
FIG_00005627,FIG_00005629,FIG_00008501
FIG_00005627,FIG_00005629,FIG_00010017
FIG_00005627,FIG_00005631,FIG_00006924
FIG_00005627,FIG_00005631,FIG_00010295
FIG_00005627,FIG_00005631,FIG_00017964
FIG_00005627,FIG_00005631,FIG_00008501
FIG_00005627,FIG_00005631,FIG_00010017
FIG_00005627,FIG_00005630,FIG_00006924
FIG_00005627,FIG_00005630,FIG_00010295
FIG_00005627,FIG_00005630,FIG_00017964
FIG_00005627,FIG_00005630,FIG_00008501
FIG_00005627,FIG_00005630,FIG_00010017
FIG_00026664,FIG_00026666,FIG_00026899
FIG_00026664,FIG_00026666,FIG_00034587
FIG_00026664,FIG_00026666,FIG_00028713
FIG_00026664,FIG_00026666,FIG_00032361
FIG_00009744,FIG_00009745,FIG_00010985
FIG_00009744,FIG_00009745,FIG_00019132
FIG_00009744,FIG_00009745,FIG_00031316
FIG_00009744,FIG_00009745,FIG_00033519
FIG_00009744,FIG_00009745,FIG_00034056
FIG_00015475,FIG_00018709,FIG_00028199
FIG_00015475,FIG_00018709,FIG_00017916
FIG_00015475,FIG_00018709,FIG_00026289
FIG_00015475,FIG_00018709,FIG_00031783
FIG_00015475,FIG_00018709,FIG_00032133
FIG_00004216,FIG_00004218,FIG_00021007
FIG_00004216,FIG_00004218,FIG_00020982
FIG_00004216,FIG_00004218,FIG_00005144
FIG_00004216,FIG_00004218,FIG_00021002
FIG_00004216,FIG_00004218,FIG_00021013
FIG_00004216,FIG_00004217,FIG_00021007
FIG_00004216,FIG_00004217,FIG_00020982
FIG_00004216,FIG_00004217,FIG_00005144
FIG_00004216,FIG_00004217,FIG_00021002
FIG_00004216,FIG_00004217,FIG_00021013
FIG_00009145,FIG_00009149,FIG_00009924
FIG_00009145,FIG_00009149,FIG_00033426
FIG_00009145,FIG_00009149,FIG_00029360
FIG_00009145,FIG_00009149,FIG_00011639
FIG_00009145,FIG_00009149,FIG_00028660
FIG_00009145,FIG_00009148,FIG_00009924
FIG_00009145,FIG_00009148,FIG_00033426
FIG_00009145,FIG_00009148,FIG_00029360
FIG_00009145,FIG_00009148,FIG_00011639
FIG_00009145,FIG_00009148,FIG_00028660
FIG_00001207,FIG_00001250,FIG_00001412
FIG_00001207,FIG_00001250,FIG_00001898
FIG_00001207,FIG_00001250,FIG_00007212
FIG_00001207,FIG_00001250,FIG_00031475
FIG_00001207,FIG_00001250,FIG_00004414
FIG_00003033,FIG_00003035,FIG_00003042
FIG_00003033,FIG_00003035,FIG_00019756
FIG_00003033,FIG_00003035,FIG_00017194
FIG_00003033,FIG_00003035,FIG_00022740
FIG_00003033,FIG_00003035,FIG_00031986
FIG_00003033,FIG_00003034,FIG_00003042
FIG_00003033,FIG_00003034,FIG_00019756
FIG_00003033,FIG_00003034,FIG_00017194
FIG_00003033,FIG_00003034,FIG_00022740
FIG_00003033,FIG_00003034,FIG_00031986
FIG_00003033,FIG_00003036,FIG_00003042
FIG_00003033,FIG_00003036,FIG_00019756
FIG_00003033,FIG_00003036,FIG_00017194
FIG_00003033,FIG_00003036,FIG_00022740
FIG_00003033,FIG_00003036,FIG_00031986
FIG_00026528,FIG_00026530,FIG_00031372
FIG_00026528,FIG_00026530,FIG_00033121
FIG_00026528,FIG_00026530,FIG_00031598
FIG_00026528,FIG_00026530,FIG_00029926
FIG_00026528,FIG_00026529,FIG_00031372
FIG_00026528,FIG_00026529,FIG_00033121
FIG_00026528,FIG_00026529,FIG_00031598
FIG_00026528,FIG_00026529,FIG_00029926
FIG_00026528,FIG_00026531,FIG_00031372
FIG_00026528,FIG_00026531,FIG_00033121
FIG_00026528,FIG_00026531,FIG_00031598
FIG_00026528,FIG_00026531,FIG_00029926
FIG_00001869,FIG_00001870,FIG_00002965
FIG_00001869,FIG_00001870,FIG_00018266
FIG_00001869,FIG_00001870,FIG_00033100
FIG_00001869,FIG_00001870,FIG_00004349
FIG_00001869,FIG_00001870,FIG_00023349
FIG_00010034,FIG_00010036,FIG_00010037
FIG_00010034,FIG_00010036,FIG_00010038
FIG_00010034,FIG_00010036,FIG_00022105
FIG_00010034,FIG_00010036,FIG_00010581
FIG_00010034,FIG_00010036,FIG_00026228
FIG_00034256,FIG_00034258,FIG_00034259
FIG_00034256,FIG_00034258,FIG_00034257
FIG_00002055,FIG_00002058,FIG_00026662
FIG_00002055,FIG_00002058,FIG_00009841
FIG_00002055,FIG_00002058,FIG_00026658
FIG_00002055,FIG_00002058,FIG_00028406
FIG_00002055,FIG_00002058,FIG_00003140
FIG_00002055,FIG_00002056,FIG_00026662
FIG_00002055,FIG_00002056,FIG_00009841
FIG_00002055,FIG_00002056,FIG_00026658
FIG_00002055,FIG_00002056,FIG_00028406
FIG_00002055,FIG_00002056,FIG_00003140
FIG_00025598,FIG_00025600,FIG_00030226
FIG_00025598,FIG_00025600,FIG_00031088
FIG_00025598,FIG_00025600,FIG_00031565
FIG_00025598,FIG_00025600,FIG_00034168
FIG_00025598,FIG_00025600,FIG_00026422
FIG_00027550,FIG_00027553,FIG_00027554
FIG_00027550,FIG_00027552,FIG_00027554
FIG_00001268,FIG_00001269,FIG_00005433
FIG_00001268,FIG_00001269,FIG_00007224
FIG_00001268,FIG_00001269,FIG_00014107
FIG_00001268,FIG_00001269,FIG_00014614
FIG_00001268,FIG_00001269,FIG_00007515
FIG_00008760,FIG_00008764,FIG_00025078
FIG_00008760,FIG_00008764,FIG_00031959
FIG_00008760,FIG_00008764,FIG_00025077
FIG_00008760,FIG_00008764,FIG_00015105
FIG_00008760,FIG_00008764,FIG_00008945
FIG_00018274,FIG_00018275,FIG_00031466
FIG_00018274,FIG_00018275,FIG_00031464
FIG_00009951,FIG_00009955,FIG_00014531
FIG_00009951,FIG_00009955,FIG_00010164
FIG_00009951,FIG_00009955,FIG_00014776
FIG_00009951,FIG_00009955,FIG_00020357
FIG_00009951,FIG_00009955,FIG_00024351
FIG_00005546,FIG_00005548,FIG_00005552
FIG_00005546,FIG_00005548,FIG_00026424
FIG_00005546,FIG_00005551,FIG_00005552
FIG_00005546,FIG_00005551,FIG_00026424
FIG_00005546,FIG_00005550,FIG_00005552
FIG_00005546,FIG_00005550,FIG_00026424
FIG_00003468,FIG_00003472,FIG_00014121
FIG_00003468,FIG_00003472,FIG_00031392
FIG_00003468,FIG_00003472,FIG_00030081
FIG_00003468,FIG_00003472,FIG_00034597
FIG_00003468,FIG_00003472,FIG_00030201
FIG_00003468,FIG_00003470,FIG_00014121
FIG_00003468,FIG_00003470,FIG_00031392
FIG_00003468,FIG_00003470,FIG_00030081
FIG_00003468,FIG_00003470,FIG_00034597
FIG_00003468,FIG_00003470,FIG_00030201
FIG_00031360,FIG_00031362,FIG_00031392
FIG_00031360,FIG_00031362,FIG_00032812
FIG_00031360,FIG_00031362,FIG_00033660
FIG_00031360,FIG_00031362,FIG_00033868
FIG_00025234,FIG_00025237,FIG_00028069
FIG_00025234,FIG_00025237,FIG_00030936
FIG_00025234,FIG_00025237,FIG_00030937
FIG_00025234,FIG_00025237,FIG_00027849
FIG_00025234,FIG_00025237,FIG_00032058
FIG_00025234,FIG_00025238,FIG_00028069
FIG_00025234,FIG_00025238,FIG_00030936
FIG_00025234,FIG_00025238,FIG_00030937
FIG_00025234,FIG_00025238,FIG_00027849
FIG_00025234,FIG_00025238,FIG_00032058
FIG_00025234,FIG_00025236,FIG_00028069
FIG_00025234,FIG_00025236,FIG_00030936
FIG_00025234,FIG_00025236,FIG_00030937
FIG_00025234,FIG_00025236,FIG_00027849
FIG_00025234,FIG_00025236,FIG_00032058
FIG_00002231,FIG_00002233,FIG_00032293
FIG_00002231,FIG_00002233,FIG_00033493
FIG_00002231,FIG_00002233,FIG_00029424
FIG_00002231,FIG_00002233,FIG_00029411
FIG_00002231,FIG_00002233,FIG_00028744
FIG_00021054,FIG_00021055,FIG_00032456
FIG_00021054,FIG_00021055,FIG_00030985
FIG_00021054,FIG_00021055,FIG_00030126
FIG_00021054,FIG_00021055,FIG_00033372
FIG_00021054,FIG_00021055,FIG_00030992
FIG_00001788,FIG_00001789,FIG_00016853
FIG_00001788,FIG_00001789,FIG_00010439
FIG_00028482,FIG_00028486,FIG_00028485
FIG_00028482,FIG_00028486,FIG_00028484
FIG_00028482,FIG_00028486,FIG_00028483
FIG_00031533,FIG_00031534,FIG_00032208
FIG_00031533,FIG_00031534,FIG_00032465
FIG_00031098,FIG_00031099,FIG_00032658
FIG_00006106,FIG_00006107,FIG_00022443
FIG_00006106,FIG_00006107,FIG_00033985
FIG_00006106,FIG_00006107,FIG_00021993
FIG_00006106,FIG_00006107,FIG_00028896
FIG_00006106,FIG_00006107,FIG_00008892
FIG_00007866,FIG_00007868,FIG_00007867
FIG_00007866,FIG_00007868,FIG_00007882
FIG_00007866,FIG_00007868,FIG_00007870
FIG_00007866,FIG_00007868,FIG_00007871
FIG_00007866,FIG_00007868,FIG_00007869
FIG_00008132,FIG_00008133,FIG_00008134
FIG_00001941,FIG_00001942,FIG_00008097
FIG_00001941,FIG_00001942,FIG_00011426
FIG_00001941,FIG_00001942,FIG_00016297
FIG_00001941,FIG_00001942,FIG_00015736
FIG_00001326,FIG_00006612,FIG_00027180
FIG_00001326,FIG_00006612,FIG_00021296
FIG_00001326,FIG_00006612,FIG_00021487
FIG_00001326,FIG_00006612,FIG_00016972
FIG_00001326,FIG_00006612,FIG_00033878
FIG_00001326,FIG_00001327,FIG_00027180
FIG_00001326,FIG_00001327,FIG_00021296
FIG_00001326,FIG_00001327,FIG_00021487
FIG_00001326,FIG_00001327,FIG_00016972
FIG_00001326,FIG_00001327,FIG_00033878
FIG_00001326,FIG_00006613,FIG_00027180
FIG_00001326,FIG_00006613,FIG_00021296
FIG_00001326,FIG_00006613,FIG_00021487
FIG_00001326,FIG_00006613,FIG_00016972
FIG_00001326,FIG_00006613,FIG_00033878
FIG_00002895,FIG_00002897,FIG_00007385
FIG_00002895,FIG_00002897,FIG_00006885
FIG_00002895,FIG_00002897,FIG_00010189
FIG_00002895,FIG_00002897,FIG_00003716
FIG_00002895,FIG_00002897,FIG_00011252
FIG_00002895,FIG_00002896,FIG_00007385
FIG_00002895,FIG_00002896,FIG_00006885
FIG_00002895,FIG_00002896,FIG_00010189
FIG_00002895,FIG_00002896,FIG_00003716
FIG_00002895,FIG_00002896,FIG_00011252
FIG_00010883,FIG_00010884,FIG_00031832
FIG_00010883,FIG_00010884,FIG_00023784
FIG_00010883,FIG_00010884,FIG_00021808
FIG_00010883,FIG_00010884,FIG_00013360
FIG_00010883,FIG_00010884,FIG_00010960
FIG_00007913,FIG_00007944,FIG_00033086
FIG_00007913,FIG_00007944,FIG_00010698
FIG_00007913,FIG_00007944,FIG_00029062
FIG_00007913,FIG_00007944,FIG_00011586
FIG_00007913,FIG_00007944,FIG_00019469
FIG_00030098,FIG_00030106,FIG_00030955
FIG_00030098,FIG_00030106,FIG_00030108
FIG_00030098,FIG_00030106,FIG_00030298
FIG_00030098,FIG_00030106,FIG_00034221
FIG_00030098,FIG_00030106,FIG_00031113
FIG_00030098,FIG_00030105,FIG_00030955
FIG_00030098,FIG_00030105,FIG_00030108
FIG_00030098,FIG_00030105,FIG_00030298
FIG_00030098,FIG_00030105,FIG_00034221
FIG_00030098,FIG_00030105,FIG_00031113
FIG_00030098,FIG_00030103,FIG_00030955
FIG_00030098,FIG_00030103,FIG_00030108
FIG_00030098,FIG_00030103,FIG_00030298
FIG_00030098,FIG_00030103,FIG_00034221
FIG_00030098,FIG_00030103,FIG_00031113
FIG_00018446,FIG_00018449,FIG_00034002
FIG_00018446,FIG_00018449,FIG_00019679
FIG_00018446,FIG_00018449,FIG_00026739
FIG_00018446,FIG_00018449,FIG_00033449
FIG_00018446,FIG_00018449,FIG_00033446
FIG_00018446,FIG_00018458,FIG_00034002
FIG_00018446,FIG_00018458,FIG_00019679
FIG_00018446,FIG_00018458,FIG_00026739
FIG_00018446,FIG_00018458,FIG_00033449
FIG_00018446,FIG_00018458,FIG_00033446
FIG_00018446,FIG_00018451,FIG_00034002
FIG_00018446,FIG_00018451,FIG_00019679
FIG_00018446,FIG_00018451,FIG_00026739
FIG_00018446,FIG_00018451,FIG_00033449
FIG_00018446,FIG_00018451,FIG_00033446
FIG_00007654,FIG_00007655,FIG_00031442
FIG_00007654,FIG_00007655,FIG_00012805
FIG_00007654,FIG_00007655,FIG_00018280
FIG_00007654,FIG_00007655,FIG_00028530
FIG_00007654,FIG_00007655,FIG_00019280
FIG_00009013,FIG_00009014,FIG_00025575
FIG_00009013,FIG_00009014,FIG_00011252
FIG_00009013,FIG_00009014,FIG_00018913
FIG_00005320,FIG_00005322,FIG_00020744
FIG_00005320,FIG_00005322,FIG_00025153
FIG_00005320,FIG_00005322,FIG_00029177
FIG_00005320,FIG_00005322,FIG_00026923
FIG_00005320,FIG_00005322,FIG_00022212
FIG_00010339,FIG_00010342,FIG_00014023
FIG_00010339,FIG_00010342,FIG_00025734
FIG_00010339,FIG_00010342,FIG_00034697
FIG_00010339,FIG_00010342,FIG_00031211
FIG_00010339,FIG_00010342,FIG_00016225
FIG_00010339,FIG_00010343,FIG_00014023
FIG_00010339,FIG_00010343,FIG_00025734
FIG_00010339,FIG_00010343,FIG_00034697
FIG_00010339,FIG_00010343,FIG_00031211
FIG_00010339,FIG_00010343,FIG_00016225
FIG_00010339,FIG_00010340,FIG_00014023
FIG_00010339,FIG_00010340,FIG_00025734
FIG_00010339,FIG_00010340,FIG_00034697
FIG_00010339,FIG_00010340,FIG_00031211
FIG_00010339,FIG_00010340,FIG_00016225
FIG_00029817,FIG_00029818,FIG_00029823
FIG_00008061,FIG_00008062,FIG_00011689
FIG_00008061,FIG_00008062,FIG_00027984
FIG_00008061,FIG_00008062,FIG_00027458
FIG_00008061,FIG_00008062,FIG_00010874
FIG_00008061,FIG_00008062,FIG_00026146
FIG_00007182,FIG_00007185,FIG_00022909
FIG_00007182,FIG_00007185,FIG_00007184
FIG_00007182,FIG_00007185,FIG_00009563
FIG_00007182,FIG_00007185,FIG_00010591
FIG_00007182,FIG_00007185,FIG_00010646
FIG_00009561,FIG_00009563,FIG_00031249
FIG_00009561,FIG_00009563,FIG_00031254
FIG_00009561,FIG_00009563,FIG_00024755
FIG_00009561,FIG_00009563,FIG_00031252
FIG_00009561,FIG_00009563,FIG_00029479
FIG_00029545,FIG_00029546,FIG_00033869
FIG_00029545,FIG_00029546,FIG_00033876
FIG_00029545,FIG_00029546,FIG_00033028
FIG_00029545,FIG_00029546,FIG_00029860
FIG_00029545,FIG_00029546,FIG_00030331
FIG_00034773,FIG_00034776,FIG_00034775
FIG_00002386,FIG_00002388,FIG_00006514
FIG_00002386,FIG_00002388,FIG_00009188
FIG_00002386,FIG_00002388,FIG_00013106
FIG_00005165,FIG_00005181,FIG_00024074
FIG_00005165,FIG_00005181,FIG_00026790
FIG_00005165,FIG_00005181,FIG_00009198
FIG_00005165,FIG_00005181,FIG_00007820
FIG_00005165,FIG_00005181,FIG_00014466
FIG_00001989,FIG_00001994,FIG_00028078
FIG_00001989,FIG_00001994,FIG_00013146
FIG_00001989,FIG_00001994,FIG_00030003
FIG_00001989,FIG_00001994,FIG_00013872
FIG_00001989,FIG_00001994,FIG_00005793
FIG_00000978,FIG_00000984,FIG_00003404
FIG_00000978,FIG_00000984,FIG_00002567
FIG_00000978,FIG_00000984,FIG_00005466
FIG_00000978,FIG_00000984,FIG_00001627
FIG_00000978,FIG_00000984,FIG_00002040
FIG_00011602,FIG_00011603,FIG_00011604
FIG_00003267,FIG_00003268,FIG_00008376
FIG_00003267,FIG_00003268,FIG_00020345
FIG_00003267,FIG_00003268,FIG_00008795
FIG_00003267,FIG_00003268,FIG_00029647
FIG_00003267,FIG_00003268,FIG_00029442
FIG_00000284,FIG_00013978,FIG_00005316
FIG_00000284,FIG_00013978,FIG_00011412
FIG_00000284,FIG_00013978,FIG_00011411
FIG_00000284,FIG_00013978,FIG_00022102
FIG_00000284,FIG_00013978,FIG_00008563
FIG_00008681,FIG_00008682,FIG_00031772
FIG_00008681,FIG_00008682,FIG_00031632
FIG_00008681,FIG_00008682,FIG_00031472
FIG_00008681,FIG_00008682,FIG_00031621
FIG_00008681,FIG_00008682,FIG_00032932
FIG_00028592,FIG_00028593,FIG_00028597
FIG_00028592,FIG_00028593,FIG_00028595
FIG_00028592,FIG_00028593,FIG_00028594
FIG_00028592,FIG_00028593,FIG_00030998
FIG_00005748,FIG_00005749,FIG_00007927
FIG_00005748,FIG_00005749,FIG_00007933
FIG_00005748,FIG_00005749,FIG_00007925
FIG_00005748,FIG_00005749,FIG_00009675
FIG_00005748,FIG_00005749,FIG_00029317
FIG_00021417,FIG_00021418,FIG_00031843
FIG_00021417,FIG_00021418,FIG_00034782
FIG_00021417,FIG_00021418,FIG_00029840
FIG_00021417,FIG_00021418,FIG_00031078
FIG_00021417,FIG_00021418,FIG_00034830
FIG_00005102,FIG_00005109,FIG_00034611
FIG_00005102,FIG_00005109,FIG_00015544
FIG_00005102,FIG_00005109,FIG_00006027
FIG_00005102,FIG_00005109,FIG_00030233
FIG_00005102,FIG_00005109,FIG_00030559
FIG_00014451,FIG_00014452,FIG_00030929
FIG_00014451,FIG_00014452,FIG_00027729
FIG_00014451,FIG_00014452,FIG_00021779
FIG_00014451,FIG_00014452,FIG_00014578
FIG_00014451,FIG_00014452,FIG_00022885
FIG_00018747,FIG_00018748,FIG_00020566
FIG_00018747,FIG_00018748,FIG_00020567
FIG_00018747,FIG_00018748,FIG_00020563
FIG_00018747,FIG_00018748,FIG_00019321
FIG_00018747,FIG_00018748,FIG_00020562
FIG_00004939,FIG_00004940,FIG_00029785
FIG_00004939,FIG_00004940,FIG_00006900
FIG_00004939,FIG_00004940,FIG_00022583
FIG_00004939,FIG_00004940,FIG_00017960
FIG_00004939,FIG_00004940,FIG_00028100
FIG_00011501,FIG_00011502,FIG_00030180
FIG_00011501,FIG_00011502,FIG_00032626
FIG_00011501,FIG_00011502,FIG_00027413
FIG_00011501,FIG_00011503,FIG_00030180
FIG_00011501,FIG_00011503,FIG_00032626
FIG_00011501,FIG_00011503,FIG_00027413
FIG_00031179,FIG_00031180,FIG_00031236
FIG_00007316,FIG_00007334,FIG_00034730
FIG_00007316,FIG_00007334,FIG_00020218
FIG_00007316,FIG_00007334,FIG_00010130
FIG_00007316,FIG_00007334,FIG_00019945
FIG_00007316,FIG_00007334,FIG_00015513
FIG_00028487,FIG_00028488,FIG_00028490
FIG_00028487,FIG_00028488,FIG_00034738
FIG_00008278,FIG_00008279,FIG_00008280
FIG_00001104,FIG_00001105,FIG_00026134
FIG_00001104,FIG_00001105,FIG_00001684
FIG_00001104,FIG_00001105,FIG_00004755
FIG_00001104,FIG_00001105,FIG_00010294
FIG_00001104,FIG_00001105,FIG_00012364
FIG_00000763,FIG_00000764,FIG_00010471
FIG_00000763,FIG_00000764,FIG_00003077
FIG_00000763,FIG_00000764,FIG_00004036
FIG_00000763,FIG_00000764,FIG_00007269
FIG_00000763,FIG_00000764,FIG_00007268
FIG_00006076,FIG_00006077,FIG_00006224
FIG_00006076,FIG_00006077,FIG_00026085
FIG_00006076,FIG_00006077,FIG_00007301
FIG_00006076,FIG_00006077,FIG_00007165
FIG_00006076,FIG_00006077,FIG_00029315
FIG_00004231,FIG_00004232,FIG_00008670
FIG_00004231,FIG_00004232,FIG_00032933
FIG_00004231,FIG_00004232,FIG_00031649
FIG_00004231,FIG_00004232,FIG_00033112
FIG_00004231,FIG_00004232,FIG_00028755
FIG_00008338,FIG_00008340,FIG_00011929
FIG_00008338,FIG_00008340,FIG_00032495
FIG_00010341,FIG_00010342,FIG_00016225
FIG_00010341,FIG_00010342,FIG_00034697
FIG_00010341,FIG_00010342,FIG_00014023
FIG_00010341,FIG_00010342,FIG_00025734
FIG_00010341,FIG_00010342,FIG_00016226
FIG_00010341,FIG_00010343,FIG_00016225
FIG_00010341,FIG_00010343,FIG_00034697
FIG_00010341,FIG_00010343,FIG_00014023
FIG_00010341,FIG_00010343,FIG_00025734
FIG_00010341,FIG_00010343,FIG_00016226
FIG_00008610,FIG_00008612,FIG_00032129
FIG_00008610,FIG_00008612,FIG_00009354
FIG_00008610,FIG_00008612,FIG_00030218
FIG_00008610,FIG_00008612,FIG_00031362
FIG_00008610,FIG_00008612,FIG_00018507
FIG_00008610,FIG_00008611,FIG_00032129
FIG_00008610,FIG_00008611,FIG_00009354
FIG_00008610,FIG_00008611,FIG_00030218
FIG_00008610,FIG_00008611,FIG_00031362
FIG_00008610,FIG_00008611,FIG_00018507
FIG_00008610,FIG_00008618,FIG_00032129
FIG_00008610,FIG_00008618,FIG_00009354
FIG_00008610,FIG_00008618,FIG_00030218
FIG_00008610,FIG_00008618,FIG_00031362
FIG_00008610,FIG_00008618,FIG_00018507
FIG_00009589,FIG_00009591,FIG_00031832
FIG_00009589,FIG_00009591,FIG_00023336
FIG_00030728,FIG_00030732,FIG_00032387
FIG_00030728,FIG_00030732,FIG_00034026
FIG_00030728,FIG_00030732,FIG_00031149
FIG_00030728,FIG_00030732,FIG_00031713
FIG_00010285,FIG_00010298,FIG_00028029
FIG_00010285,FIG_00010298,FIG_00014022
FIG_00010285,FIG_00010298,FIG_00027677
FIG_00010285,FIG_00010298,FIG_00016900
FIG_00010285,FIG_00010298,FIG_00015800
FIG_00008175,FIG_00008178,FIG_00022740
FIG_00008175,FIG_00008178,FIG_00029655
FIG_00008175,FIG_00008178,FIG_00017408
FIG_00008175,FIG_00008179,FIG_00022740
FIG_00008175,FIG_00008179,FIG_00029655
FIG_00008175,FIG_00008179,FIG_00017408
FIG_00008175,FIG_00008177,FIG_00022740
FIG_00008175,FIG_00008177,FIG_00029655
FIG_00008175,FIG_00008177,FIG_00017408
FIG_00006090,FIG_00006091,FIG_00030315
FIG_00006090,FIG_00006091,FIG_00007907
FIG_00006090,FIG_00006091,FIG_00006930
FIG_00006090,FIG_00006091,FIG_00007757
FIG_00006090,FIG_00006091,FIG_00019533
FIG_00028966,FIG_00028967,FIG_00032130
FIG_00028966,FIG_00028967,FIG_00029785
FIG_00028966,FIG_00028967,FIG_00031289
FIG_00028966,FIG_00028967,FIG_00034620
FIG_00028966,FIG_00028967,FIG_00030887
FIG_00006776,FIG_00006778,FIG_00034246
FIG_00006776,FIG_00006778,FIG_00009900
FIG_00006776,FIG_00006778,FIG_00006777
FIG_00006776,FIG_00006778,FIG_00019295
FIG_00006776,FIG_00006778,FIG_00034250
FIG_00006755,FIG_00006756,FIG_00033402
FIG_00006755,FIG_00006756,FIG_00020864
FIG_00006755,FIG_00006756,FIG_00020357
FIG_00006755,FIG_00006756,FIG_00025847
FIG_00006755,FIG_00006756,FIG_00011292
FIG_00022299,FIG_00022300,FIG_00031836
FIG_00022299,FIG_00022300,FIG_00030947
FIG_00022299,FIG_00022300,FIG_00030519
FIG_00033363,FIG_00033364,FIG_00033365
FIG_00033363,FIG_00033364,FIG_00034170
FIG_00034204,FIG_00034209,FIG_00034641
FIG_00034204,FIG_00034215,FIG_00034641
FIG_00001148,FIG_00006602,FIG_00033518
FIG_00001148,FIG_00006602,FIG_00033520
FIG_00001148,FIG_00006602,FIG_00008578
FIG_00001148,FIG_00006602,FIG_00010247
FIG_00001148,FIG_00006602,FIG_00030027
FIG_00030771,FIG_00030772,FIG_00033001
FIG_00030771,FIG_00030772,FIG_00031336
FIG_00030771,FIG_00030772,FIG_00031335
FIG_00033814,FIG_00033822,FIG_00033817
FIG_00033814,FIG_00033822,FIG_00033939
FIG_00033814,FIG_00033822,FIG_00033937
FIG_00033814,FIG_00033821,FIG_00033817
FIG_00033814,FIG_00033821,FIG_00033939
FIG_00033814,FIG_00033821,FIG_00033937
FIG_00007581,FIG_00007585,FIG_00020280
FIG_00007581,FIG_00007585,FIG_00020279
FIG_00031162,FIG_00031164,FIG_00031965
FIG_00031162,FIG_00031164,FIG_00031963
FIG_00031162,FIG_00031163,FIG_00031965
FIG_00031162,FIG_00031163,FIG_00031963
FIG_00031162,FIG_00031167,FIG_00031965
FIG_00031162,FIG_00031167,FIG_00031963
FIG_00029872,FIG_00029875,FIG_00029877
FIG_00029872,FIG_00029875,FIG_00032512
FIG_00029872,FIG_00029875,FIG_00031719
FIG_00029872,FIG_00029875,FIG_00030979
FIG_00029872,FIG_00029875,FIG_00029899
FIG_00030359,FIG_00030362,FIG_00030365
FIG_00030359,FIG_00030361,FIG_00030365
FIG_00030359,FIG_00030364,FIG_00030365
FIG_00000635,FIG_00000642,FIG_00010674
FIG_00000635,FIG_00000642,FIG_00028351
FIG_00000635,FIG_00000642,FIG_00003284
FIG_00000635,FIG_00000642,FIG_00030079
FIG_00000635,FIG_00000642,FIG_00032196
FIG_00000635,FIG_00000643,FIG_00010674
FIG_00000635,FIG_00000643,FIG_00028351
FIG_00000635,FIG_00000643,FIG_00003284
FIG_00000635,FIG_00000643,FIG_00030079
FIG_00000635,FIG_00000643,FIG_00032196
FIG_00033821,FIG_00033822,FIG_00034172
FIG_00008756,FIG_00008758,FIG_00018889
FIG_00008756,FIG_00008758,FIG_00009996
FIG_00008756,FIG_00008758,FIG_00020786
FIG_00008756,FIG_00008758,FIG_00009985
FIG_00008756,FIG_00008758,FIG_00011105
FIG_00006381,FIG_00006383,FIG_00011569
FIG_00007925,FIG_00007927,FIG_00007934
FIG_00007925,FIG_00007927,FIG_00029474
FIG_00007925,FIG_00007927,FIG_00007926
FIG_00007925,FIG_00007927,FIG_00022429
FIG_00007925,FIG_00007927,FIG_00013267
FIG_00003565,FIG_00003566,FIG_00028101
FIG_00003565,FIG_00003566,FIG_00018085
FIG_00003565,FIG_00003566,FIG_00006862
FIG_00003565,FIG_00003566,FIG_00028930
FIG_00003565,FIG_00003566,FIG_00006466
FIG_00032696,FIG_00032697,FIG_00034900
FIG_00032696,FIG_00032697,FIG_00033739
FIG_00009191,FIG_00009192,FIG_00031859
FIG_00009191,FIG_00009192,FIG_00016218
FIG_00009191,FIG_00009192,FIG_00015297
FIG_00009191,FIG_00009192,FIG_00018216
FIG_00009191,FIG_00009192,FIG_00009722
FIG_00017278,FIG_00017279,FIG_00030124
FIG_00017278,FIG_00017279,FIG_00025922
FIG_00017278,FIG_00017279,FIG_00017711
FIG_00017278,FIG_00017279,FIG_00029718
FIG_00017278,FIG_00017279,FIG_00030944
FIG_00006362,FIG_00006367,FIG_00018478
FIG_00006362,FIG_00006367,FIG_00032566
FIG_00006362,FIG_00006367,FIG_00009215
FIG_00006362,FIG_00006367,FIG_00030812
FIG_00006362,FIG_00006367,FIG_00030207
FIG_00031016,FIG_00031017,FIG_00031882
FIG_00031016,FIG_00031017,FIG_00032417
FIG_00031016,FIG_00031017,FIG_00031226
FIG_00000982,FIG_00000985,FIG_00004735
FIG_00000982,FIG_00000985,FIG_00030651
FIG_00000982,FIG_00000985,FIG_00007415
FIG_00000982,FIG_00000985,FIG_00007414
FIG_00000982,FIG_00000985,FIG_00019071
FIG_00000982,FIG_00000983,FIG_00004735
FIG_00000982,FIG_00000983,FIG_00030651
FIG_00000982,FIG_00000983,FIG_00007415
FIG_00000982,FIG_00000983,FIG_00007414
FIG_00000982,FIG_00000983,FIG_00019071
FIG_00004587,FIG_00004597,FIG_00004599
FIG_00004587,FIG_00004597,FIG_00004598
FIG_00005524,FIG_00005528,FIG_00005537
FIG_00005524,FIG_00005528,FIG_00033603
FIG_00005524,FIG_00005528,FIG_00008342
FIG_00005524,FIG_00005528,FIG_00005541
FIG_00005524,FIG_00005528,FIG_00005539
FIG_00005524,FIG_00005527,FIG_00005537
FIG_00005524,FIG_00005527,FIG_00033603
FIG_00005524,FIG_00005527,FIG_00008342
FIG_00005524,FIG_00005527,FIG_00005541
FIG_00005524,FIG_00005527,FIG_00005539
FIG_00005524,FIG_00005525,FIG_00005537
FIG_00005524,FIG_00005525,FIG_00033603
FIG_00005524,FIG_00005525,FIG_00008342
FIG_00005524,FIG_00005525,FIG_00005541
FIG_00005524,FIG_00005525,FIG_00005539
FIG_00003539,FIG_00003542,FIG_00015057
FIG_00003539,FIG_00003542,FIG_00030987
FIG_00003539,FIG_00003542,FIG_00019623
FIG_00003539,FIG_00003542,FIG_00015018
FIG_00003539,FIG_00003542,FIG_00015442
FIG_00003420,FIG_00003421,FIG_00031091
FIG_00003420,FIG_00003421,FIG_00027199
FIG_00003420,FIG_00003421,FIG_00031093
FIG_00003420,FIG_00003421,FIG_00031092
FIG_00003420,FIG_00003421,FIG_00006104
FIG_00003420,FIG_00003422,FIG_00031091
FIG_00003420,FIG_00003422,FIG_00027199
FIG_00003420,FIG_00003422,FIG_00031093
FIG_00003420,FIG_00003422,FIG_00031092
FIG_00003420,FIG_00003422,FIG_00006104
FIG_00003036,FIG_00003038,FIG_00003892
FIG_00003036,FIG_00003038,FIG_00006216
FIG_00003036,FIG_00003038,FIG_00031679
FIG_00003036,FIG_00003038,FIG_00023709
FIG_00003036,FIG_00003038,FIG_00006899
FIG_00003036,FIG_00003039,FIG_00003892
FIG_00003036,FIG_00003039,FIG_00006216
FIG_00003036,FIG_00003039,FIG_00031679
FIG_00003036,FIG_00003039,FIG_00023709
FIG_00003036,FIG_00003039,FIG_00006899
FIG_00003036,FIG_00003040,FIG_00003892
FIG_00003036,FIG_00003040,FIG_00006216
FIG_00003036,FIG_00003040,FIG_00031679
FIG_00003036,FIG_00003040,FIG_00023709
FIG_00003036,FIG_00003040,FIG_00006899
FIG_00011321,FIG_00011359,FIG_00031715
FIG_00011321,FIG_00011359,FIG_00011356
FIG_00011321,FIG_00011359,FIG_00011348
FIG_00011321,FIG_00011359,FIG_00034502
FIG_00011321,FIG_00011359,FIG_00022979
FIG_00011321,FIG_00011333,FIG_00031715
FIG_00011321,FIG_00011333,FIG_00011356
FIG_00011321,FIG_00011333,FIG_00011348
FIG_00011321,FIG_00011333,FIG_00034502
FIG_00011321,FIG_00011333,FIG_00022979
FIG_00011321,FIG_00011360,FIG_00031715
FIG_00011321,FIG_00011360,FIG_00011356
FIG_00011321,FIG_00011360,FIG_00011348
FIG_00011321,FIG_00011360,FIG_00034502
FIG_00011321,FIG_00011360,FIG_00022979
FIG_00010714,FIG_00010716,FIG_00034003
FIG_00010714,FIG_00010716,FIG_00025457
FIG_00010714,FIG_00010715,FIG_00034003
FIG_00010714,FIG_00010715,FIG_00025457
FIG_00006099,FIG_00006100,FIG_00019280
FIG_00006099,FIG_00006100,FIG_00023570
FIG_00006099,FIG_00006100,FIG_00006601
FIG_00006099,FIG_00006100,FIG_00011414
FIG_00006099,FIG_00006100,FIG_00029820
FIG_00026824,FIG_00026826,FIG_00031684
FIG_00026824,FIG_00026859,FIG_00031684
FIG_00029262,FIG_00029263,FIG_00029265
FIG_00029262,FIG_00029263,FIG_00031433
FIG_00029262,FIG_00029263,FIG_00029715
FIG_00029262,FIG_00029263,FIG_00030315
FIG_00029262,FIG_00029263,FIG_00031437
FIG_00029262,FIG_00029264,FIG_00029265
FIG_00029262,FIG_00029264,FIG_00031433
FIG_00029262,FIG_00029264,FIG_00029715
FIG_00029262,FIG_00029264,FIG_00030315
FIG_00029262,FIG_00029264,FIG_00031437
FIG_00016494,FIG_00016495,FIG_00023437
FIG_00016494,FIG_00016495,FIG_00024642
FIG_00016494,FIG_00016495,FIG_00026384
FIG_00016494,FIG_00016495,FIG_00016748
FIG_00016494,FIG_00016495,FIG_00034187
FIG_00001477,FIG_00001478,FIG_00002918
FIG_00001477,FIG_00001478,FIG_00004789
FIG_00001477,FIG_00001478,FIG_00010247
FIG_00001477,FIG_00001478,FIG_00003179
FIG_00001477,FIG_00001478,FIG_00007301
FIG_00005685,FIG_00005686,FIG_00031104
FIG_00005685,FIG_00005686,FIG_00027578
FIG_00005685,FIG_00005686,FIG_00031843
FIG_00005685,FIG_00005686,FIG_00029150
FIG_00005685,FIG_00005686,FIG_00018760
FIG_00033052,FIG_00033056,FIG_00033058
FIG_00033052,FIG_00033056,FIG_00033053
FIG_00033052,FIG_00033055,FIG_00033058
FIG_00033052,FIG_00033055,FIG_00033053
FIG_00028189,FIG_00028190,FIG_00028819
FIG_00028189,FIG_00028190,FIG_00029089
FIG_00028189,FIG_00028190,FIG_00031383
FIG_00001944,FIG_00001947,FIG_00022733
FIG_00001944,FIG_00001947,FIG_00006109
FIG_00001944,FIG_00001947,FIG_00033785
FIG_00001944,FIG_00001947,FIG_00006895
FIG_00001944,FIG_00001947,FIG_00033777
FIG_00001944,FIG_00001945,FIG_00022733
FIG_00001944,FIG_00001945,FIG_00006109
FIG_00001944,FIG_00001945,FIG_00033785
FIG_00001944,FIG_00001945,FIG_00006895
FIG_00001944,FIG_00001945,FIG_00033777
FIG_00028232,FIG_00028241,FIG_00028242
FIG_00028232,FIG_00028241,FIG_00028240
FIG_00001097,FIG_00001098,FIG_00010240
FIG_00001097,FIG_00001098,FIG_00022348
FIG_00001097,FIG_00001098,FIG_00001964
FIG_00001097,FIG_00001098,FIG_00025093
FIG_00001097,FIG_00001098,FIG_00015538
FIG_00020428,FIG_00020431,FIG_00020956
FIG_00020428,FIG_00020431,FIG_00020964
FIG_00020428,FIG_00020431,FIG_00027176
FIG_00020428,FIG_00020431,FIG_00020961
FIG_00020428,FIG_00020431,FIG_00020958
FIG_00004714,FIG_00004715,FIG_00006221
FIG_00004714,FIG_00004715,FIG_00008607
FIG_00004714,FIG_00004715,FIG_00010151
FIG_00004714,FIG_00004715,FIG_00006537
FIG_00004714,FIG_00004715,FIG_00007165
FIG_00006809,FIG_00006810,FIG_00010419
FIG_00006809,FIG_00006810,FIG_00006811
FIG_00006809,FIG_00006810,FIG_00007792
FIG_00006809,FIG_00006810,FIG_00007791
FIG_00006809,FIG_00006810,FIG_00010420
FIG_00000589,FIG_00007031,FIG_00030412
FIG_00000589,FIG_00007031,FIG_00033616
FIG_00000589,FIG_00007031,FIG_00017042
FIG_00000589,FIG_00007031,FIG_00033606
FIG_00000589,FIG_00007031,FIG_00033604
FIG_00004215,FIG_00004216,FIG_00021007
FIG_00004215,FIG_00004216,FIG_00020982
FIG_00004215,FIG_00004216,FIG_00021002
FIG_00004215,FIG_00004216,FIG_00020993
FIG_00004215,FIG_00004216,FIG_00020997
FIG_00004215,FIG_00004218,FIG_00021007
FIG_00004215,FIG_00004218,FIG_00020982
FIG_00004215,FIG_00004218,FIG_00021002
FIG_00004215,FIG_00004218,FIG_00020993
FIG_00004215,FIG_00004218,FIG_00020997
FIG_00004215,FIG_00004217,FIG_00021007
FIG_00004215,FIG_00004217,FIG_00020982
FIG_00004215,FIG_00004217,FIG_00021002
FIG_00004215,FIG_00004217,FIG_00020993
FIG_00004215,FIG_00004217,FIG_00020997
FIG_00006832,FIG_00006833,FIG_00032674
FIG_00006832,FIG_00006833,FIG_00024077
FIG_00006832,FIG_00006833,FIG_00022643
FIG_00006832,FIG_00006833,FIG_00012628
FIG_00006832,FIG_00006833,FIG_00024082
FIG_00010969,FIG_00010970,FIG_00032865
FIG_00010969,FIG_00010970,FIG_00029366
FIG_00010969,FIG_00010970,FIG_00029890
FIG_00010969,FIG_00010970,FIG_00021630
FIG_00010969,FIG_00010970,FIG_00033725
FIG_00011043,FIG_00011044,FIG_00025929
FIG_00011043,FIG_00011044,FIG_00021539
FIG_00011043,FIG_00011044,FIG_00020306
FIG_00011043,FIG_00011044,FIG_00022657
FIG_00011043,FIG_00011044,FIG_00031529
FIG_00011043,FIG_00011049,FIG_00025929
FIG_00011043,FIG_00011049,FIG_00021539
FIG_00011043,FIG_00011049,FIG_00020306
FIG_00011043,FIG_00011049,FIG_00022657
FIG_00011043,FIG_00011049,FIG_00031529
FIG_00007936,FIG_00007937,FIG_00021950
FIG_00007936,FIG_00007937,FIG_00009834
FIG_00007936,FIG_00007937,FIG_00023422
FIG_00007936,FIG_00007937,FIG_00029735
FIG_00007936,FIG_00007937,FIG_00034255
FIG_00022778,FIG_00022780,FIG_00031108
FIG_00022778,FIG_00022780,FIG_00031846
FIG_00022778,FIG_00022780,FIG_00026061
FIG_00022778,FIG_00022780,FIG_00023322
FIG_00022778,FIG_00022780,FIG_00029438
FIG_00008176,FIG_00008178,FIG_00017724
FIG_00008176,FIG_00008178,FIG_00014226
FIG_00008176,FIG_00008178,FIG_00029662
FIG_00008176,FIG_00008178,FIG_00029655
FIG_00008176,FIG_00008178,FIG_00009808
FIG_00008176,FIG_00008177,FIG_00017724
FIG_00008176,FIG_00008177,FIG_00014226
FIG_00008176,FIG_00008177,FIG_00029662
FIG_00008176,FIG_00008177,FIG_00029655
FIG_00008176,FIG_00008177,FIG_00009808
FIG_00019040,FIG_00019041,FIG_00019052
FIG_00019047,FIG_00019051,FIG_00028906
FIG_00019047,FIG_00019051,FIG_00025253
FIG_00010379,FIG_00010380,FIG_00012922
FIG_00010379,FIG_00010380,FIG_00028633
FIG_00010379,FIG_00010380,FIG_00027271
FIG_00010379,FIG_00010380,FIG_00027156
FIG_00010379,FIG_00010380,FIG_00013886
FIG_00001698,FIG_00001699,FIG_00001701
FIG_00001698,FIG_00001699,FIG_00002005
FIG_00001698,FIG_00001699,FIG_00001700
FIG_00001698,FIG_00001699,FIG_00032157
FIG_00001698,FIG_00001699,FIG_00024057
FIG_00031089,FIG_00031090,FIG_00031212
FIG_00031089,FIG_00031090,FIG_00031096
FIG_00031089,FIG_00031090,FIG_00031095
FIG_00031089,FIG_00031090,FIG_00033399
FIG_00031089,FIG_00031091,FIG_00031212
FIG_00031089,FIG_00031091,FIG_00031096
FIG_00031089,FIG_00031091,FIG_00031095
FIG_00031089,FIG_00031091,FIG_00033399
FIG_00028829,FIG_00031240,FIG_00029786
FIG_00028829,FIG_00031240,FIG_00029784
FIG_00028829,FIG_00031240,FIG_00031264
FIG_00016730,FIG_00016731,FIG_00020143
FIG_00016730,FIG_00016731,FIG_00018522
FIG_00016730,FIG_00016731,FIG_00018814
FIG_00016730,FIG_00016731,FIG_00032948
FIG_00016730,FIG_00016731,FIG_00017115
FIG_00026145,FIG_00026146,FIG_00028969
FIG_00026145,FIG_00026146,FIG_00031803
FIG_00026145,FIG_00026146,FIG_00030841
FIG_00026145,FIG_00026146,FIG_00028968
FIG_00026145,FIG_00026146,FIG_00030065
FIG_00001444,FIG_00001451,FIG_00023993
FIG_00001444,FIG_00001451,FIG_00012200
FIG_00001444,FIG_00001451,FIG_00033731
FIG_00001444,FIG_00001451,FIG_00028633
FIG_00001444,FIG_00001451,FIG_00005684
FIG_00011036,FIG_00011050,FIG_00021915
FIG_00011036,FIG_00011050,FIG_00034672
FIG_00011036,FIG_00011050,FIG_00034671
FIG_00011036,FIG_00011050,FIG_00027680
FIG_00011036,FIG_00011050,FIG_00029870
FIG_00011036,FIG_00011040,FIG_00021915
FIG_00011036,FIG_00011040,FIG_00034672
FIG_00011036,FIG_00011040,FIG_00034671
FIG_00011036,FIG_00011040,FIG_00027680
FIG_00011036,FIG_00011040,FIG_00029870
FIG_00011036,FIG_00011045,FIG_00021915
FIG_00011036,FIG_00011045,FIG_00034672
FIG_00011036,FIG_00011045,FIG_00034671
FIG_00011036,FIG_00011045,FIG_00027680
FIG_00011036,FIG_00011045,FIG_00029870
FIG_00010051,FIG_00010052,FIG_00031439
FIG_00010051,FIG_00010052,FIG_00019602
FIG_00010051,FIG_00010052,FIG_00031695
FIG_00010051,FIG_00010052,FIG_00022149
FIG_00010051,FIG_00010052,FIG_00011583
FIG_00003416,FIG_00003417,FIG_00033783
FIG_00003416,FIG_00003417,FIG_00008776
FIG_00003416,FIG_00003417,FIG_00003424
FIG_00003416,FIG_00003417,FIG_00009905
FIG_00003416,FIG_00003427,FIG_00033783
FIG_00003416,FIG_00003427,FIG_00008776
FIG_00003416,FIG_00003427,FIG_00003424
FIG_00003416,FIG_00003427,FIG_00009905
FIG_00003418,FIG_00003419,FIG_00017382
FIG_00003418,FIG_00003419,FIG_00006109
FIG_00003418,FIG_00003419,FIG_00030717
FIG_00003418,FIG_00003419,FIG_00006649
FIG_00003418,FIG_00003419,FIG_00011392
FIG_00003418,FIG_00003421,FIG_00017382
FIG_00003418,FIG_00003421,FIG_00006109
FIG_00003418,FIG_00003421,FIG_00030717
FIG_00003418,FIG_00003421,FIG_00006649
FIG_00003418,FIG_00003421,FIG_00011392
FIG_00003418,FIG_00003422,FIG_00017382
FIG_00003418,FIG_00003422,FIG_00006109
FIG_00003418,FIG_00003422,FIG_00030717
FIG_00003418,FIG_00003422,FIG_00006649
FIG_00003418,FIG_00003422,FIG_00011392
FIG_00020817,FIG_00020818,FIG_00023411
FIG_00020817,FIG_00020818,FIG_00028098
FIG_00020817,FIG_00020818,FIG_00023412
FIG_00020817,FIG_00020818,FIG_00026508
FIG_00004589,FIG_00004609,FIG_00004611
FIG_00004589,FIG_00004609,FIG_00004614
FIG_00001356,FIG_00001357,FIG_00013231
FIG_00001356,FIG_00001357,FIG_00013230
FIG_00001356,FIG_00001357,FIG_00001903
FIG_00001356,FIG_00001357,FIG_00002073
FIG_00001356,FIG_00001357,FIG_00011928
FIG_00013807,FIG_00013808,FIG_00023505
FIG_00003414,FIG_00003421,FIG_00030717
FIG_00003414,FIG_00003421,FIG_00027199
FIG_00003414,FIG_00003421,FIG_00031091
FIG_00003414,FIG_00003421,FIG_00011392
FIG_00003414,FIG_00003421,FIG_00028625
FIG_00003414,FIG_00003419,FIG_00030717
FIG_00003414,FIG_00003419,FIG_00027199
FIG_00003414,FIG_00003419,FIG_00031091
FIG_00003414,FIG_00003419,FIG_00011392
FIG_00003414,FIG_00003419,FIG_00028625
FIG_00003414,FIG_00003418,FIG_00030717
FIG_00003414,FIG_00003418,FIG_00027199
FIG_00003414,FIG_00003418,FIG_00031091
FIG_00003414,FIG_00003418,FIG_00011392
FIG_00003414,FIG_00003418,FIG_00028625
FIG_00009550,FIG_00009551,FIG_00028942
FIG_00009550,FIG_00009551,FIG_00030894
FIG_00001724,FIG_00001727,FIG_00002765
FIG_00001724,FIG_00001727,FIG_00002139
FIG_00001724,FIG_00001727,FIG_00005599
FIG_00001724,FIG_00001727,FIG_00028989
FIG_00001724,FIG_00001727,FIG_00031564
FIG_00001724,FIG_00001725,FIG_00002765
FIG_00001724,FIG_00001725,FIG_00002139
FIG_00001724,FIG_00001725,FIG_00005599
FIG_00001724,FIG_00001725,FIG_00028989
FIG_00001724,FIG_00001725,FIG_00031564
FIG_00011204,FIG_00011207,FIG_00011205
FIG_00011204,FIG_00011207,FIG_00028102
FIG_00011204,FIG_00011207,FIG_00034438
FIG_00011204,FIG_00011207,FIG_00019465
FIG_00011204,FIG_00011207,FIG_00032525
FIG_00010541,FIG_00010544,FIG_00028622
FIG_00010541,FIG_00010544,FIG_00031981
FIG_00010541,FIG_00010544,FIG_00032853
FIG_00010541,FIG_00010544,FIG_00033969
FIG_00010541,FIG_00010544,FIG_00033440
FIG_00010541,FIG_00010546,FIG_00028622
FIG_00010541,FIG_00010546,FIG_00031981
FIG_00010541,FIG_00010546,FIG_00032853
FIG_00010541,FIG_00010546,FIG_00033969
FIG_00010541,FIG_00010546,FIG_00033440
FIG_00015774,FIG_00015778,FIG_00015784
FIG_00015774,FIG_00015778,FIG_00030394
FIG_00015774,FIG_00015778,FIG_00030734
FIG_00015774,FIG_00015778,FIG_00015783
FIG_00015774,FIG_00015778,FIG_00033228
FIG_00001674,FIG_00001681,FIG_00011248
FIG_00001674,FIG_00001681,FIG_00008019
FIG_00001674,FIG_00001681,FIG_00008708
FIG_00001674,FIG_00001681,FIG_00028515
FIG_00001674,FIG_00001682,FIG_00011248
FIG_00001674,FIG_00001682,FIG_00008019
FIG_00001674,FIG_00001682,FIG_00008708
FIG_00001674,FIG_00001682,FIG_00028515
FIG_00001674,FIG_00001684,FIG_00011248
FIG_00001674,FIG_00001684,FIG_00008019
FIG_00001674,FIG_00001684,FIG_00008708
FIG_00001674,FIG_00001684,FIG_00028515
FIG_00011352,FIG_00011354,FIG_00032912
FIG_00011352,FIG_00011353,FIG_00032912
FIG_00004850,FIG_00004851,FIG_00004852
FIG_00004850,FIG_00004851,FIG_00014249
FIG_00004850,FIG_00004851,FIG_00009350
FIG_00004850,FIG_00004851,FIG_00008588
FIG_00004850,FIG_00004851,FIG_00015832
FIG_00025218,FIG_00025223,FIG_00025219
FIG_00025218,FIG_00025223,FIG_00025220
FIG_00025218,FIG_00025223,FIG_00025222
FIG_00025218,FIG_00025223,FIG_00029521
FIG_00025218,FIG_00025223,FIG_00030868
FIG_00010895,FIG_00010896,FIG_00027694
FIG_00010895,FIG_00010896,FIG_00025242
FIG_00010895,FIG_00010896,FIG_00030548
FIG_00010895,FIG_00010896,FIG_00016985
FIG_00010895,FIG_00010896,FIG_00028383
FIG_00027809,FIG_00027810,FIG_00034042
FIG_00027809,FIG_00027810,FIG_00031160
FIG_00027809,FIG_00027810,FIG_00034040
FIG_00027809,FIG_00027810,FIG_00031166
FIG_00027809,FIG_00027810,FIG_00031167
FIG_00000240,FIG_00011936,FIG_00013696
FIG_00000240,FIG_00011936,FIG_00013442
FIG_00000240,FIG_00011936,FIG_00022671
FIG_00000240,FIG_00011936,FIG_00000574
FIG_00000240,FIG_00011936,FIG_00031599
FIG_00009806,FIG_00009810,FIG_00009811
FIG_00009806,FIG_00009810,FIG_00009814
FIG_00009806,FIG_00009810,FIG_00029031
FIG_00009806,FIG_00009810,FIG_00009815
FIG_00009806,FIG_00009810,FIG_00029033
FIG_00009806,FIG_00009809,FIG_00009811
FIG_00009806,FIG_00009809,FIG_00009814
FIG_00009806,FIG_00009809,FIG_00029031
FIG_00009806,FIG_00009809,FIG_00009815
FIG_00009806,FIG_00009809,FIG_00029033
FIG_00009806,FIG_00009813,FIG_00009811
FIG_00009806,FIG_00009813,FIG_00009814
FIG_00009806,FIG_00009813,FIG_00029031
FIG_00009806,FIG_00009813,FIG_00009815
FIG_00009806,FIG_00009813,FIG_00029033
FIG_00016318,FIG_00016319,FIG_00032148
FIG_00016318,FIG_00016319,FIG_00026004
FIG_00016318,FIG_00016319,FIG_00029513
FIG_00016318,FIG_00016319,FIG_00028608
FIG_00016318,FIG_00016319,FIG_00025123
FIG_00030143,FIG_00030148,FIG_00030749
FIG_00030143,FIG_00030148,FIG_00030750
FIG_00033970,FIG_00033981,FIG_00034141
FIG_00033970,FIG_00033981,FIG_00034160
FIG_00013308,FIG_00013315,FIG_00013677
FIG_00013308,FIG_00013315,FIG_00033010
FIG_00013308,FIG_00013315,FIG_00014356
FIG_00013308,FIG_00013315,FIG_00030965
FIG_00013308,FIG_00013315,FIG_00016349
FIG_00007459,FIG_00007460,FIG_00008765
FIG_00007459,FIG_00007460,FIG_00008940
FIG_00007459,FIG_00007460,FIG_00022361
FIG_00018728,FIG_00018749,FIG_00019925
FIG_00018728,FIG_00018749,FIG_00033153
FIG_00018728,FIG_00018749,FIG_00028208
FIG_00018728,FIG_00018749,FIG_00027974
FIG_00011203,FIG_00011205,FIG_00028102
FIG_00011203,FIG_00011205,FIG_00011204
FIG_00011203,FIG_00011205,FIG_00032858
FIG_00011203,FIG_00011205,FIG_00011207
FIG_00011203,FIG_00011205,FIG_00012968
FIG_00033869,FIG_00033876,FIG_00033874
FIG_00032550,FIG_00032551,FIG_00032653
FIG_00032550,FIG_00032551,FIG_00033822
FIG_00032550,FIG_00032551,FIG_00033816
FIG_00011864,FIG_00011865,FIG_00015110
FIG_00011864,FIG_00011865,FIG_00017103
FIG_00011864,FIG_00011865,FIG_00019321
FIG_00011864,FIG_00011865,FIG_00017537
FIG_00011864,FIG_00011865,FIG_00019320
FIG_00008613,FIG_00008615,FIG_00032129
FIG_00008613,FIG_00008615,FIG_00031362
FIG_00008613,FIG_00008615,FIG_00018045
FIG_00008613,FIG_00008615,FIG_00009354
FIG_00008613,FIG_00008615,FIG_00030218
FIG_00008613,FIG_00008617,FIG_00032129
FIG_00008613,FIG_00008617,FIG_00031362
FIG_00008613,FIG_00008617,FIG_00018045
FIG_00008613,FIG_00008617,FIG_00009354
FIG_00008613,FIG_00008617,FIG_00030218
FIG_00008613,FIG_00008614,FIG_00032129
FIG_00008613,FIG_00008614,FIG_00031362
FIG_00008613,FIG_00008614,FIG_00018045
FIG_00008613,FIG_00008614,FIG_00009354
FIG_00008613,FIG_00008614,FIG_00030218
FIG_00010037,FIG_00010038,FIG_00011053
FIG_00010037,FIG_00010038,FIG_00031839
FIG_00010037,FIG_00010038,FIG_00029812
FIG_00010037,FIG_00010038,FIG_00010584
FIG_00010037,FIG_00010038,FIG_00010581
FIG_00010001,FIG_00010003,FIG_00017488
FIG_00010001,FIG_00010003,FIG_00011933
FIG_00010001,FIG_00010003,FIG_00030073
FIG_00010001,FIG_00010003,FIG_00025262
FIG_00010001,FIG_00010003,FIG_00024199
FIG_00010001,FIG_00010002,FIG_00017488
FIG_00010001,FIG_00010002,FIG_00011933
FIG_00010001,FIG_00010002,FIG_00030073
FIG_00010001,FIG_00010002,FIG_00025262
FIG_00010001,FIG_00010002,FIG_00024199
FIG_00010001,FIG_00010004,FIG_00017488
FIG_00010001,FIG_00010004,FIG_00011933
FIG_00010001,FIG_00010004,FIG_00030073
FIG_00010001,FIG_00010004,FIG_00025262
FIG_00010001,FIG_00010004,FIG_00024199
FIG_00031718,FIG_00031720,FIG_00034946
FIG_00007957,FIG_00007962,FIG_00021631
FIG_00007957,FIG_00007962,FIG_00017676
FIG_00007957,FIG_00007962,FIG_00021623
FIG_00007957,FIG_00007962,FIG_00008484
FIG_00007957,FIG_00007962,FIG_00016806
FIG_00025597,FIG_00025600,FIG_00031565
FIG_00025597,FIG_00025600,FIG_00032878
FIG_00025597,FIG_00025600,FIG_00026422
FIG_00025597,FIG_00025598,FIG_00031565
FIG_00025597,FIG_00025598,FIG_00032878
FIG_00025597,FIG_00025598,FIG_00026422
FIG_00020355,FIG_00020356,FIG_00022904
FIG_00020355,FIG_00020356,FIG_00023172
FIG_00020355,FIG_00020356,FIG_00024777
FIG_00020355,FIG_00020356,FIG_00020711
FIG_00020355,FIG_00020356,FIG_00028178
FIG_00005103,FIG_00005105,FIG_00029527
FIG_00005103,FIG_00005105,FIG_00005943
FIG_00005103,FIG_00005105,FIG_00011243
FIG_00005103,FIG_00005105,FIG_00008597
FIG_00005103,FIG_00005105,FIG_00007840
FIG_00020096,FIG_00020097,FIG_00033820
FIG_00020096,FIG_00020097,FIG_00028498
FIG_00020096,FIG_00020097,FIG_00030655
FIG_00020096,FIG_00020097,FIG_00023274
FIG_00020096,FIG_00020097,FIG_00034223
FIG_00009148,FIG_00009149,FIG_00022491
FIG_00009148,FIG_00009149,FIG_00033426
FIG_00009148,FIG_00009149,FIG_00009724
FIG_00009148,FIG_00009149,FIG_00029360
FIG_00009148,FIG_00009149,FIG_00033439
FIG_00031752,FIG_00031761,FIG_00031755
FIG_00031752,FIG_00031761,FIG_00031757
FIG_00031752,FIG_00031761,FIG_00031762
FIG_00031752,FIG_00031761,FIG_00031754
FIG_00031752,FIG_00031761,FIG_00031756
FIG_00007981,FIG_00007982,FIG_00012586
FIG_00007981,FIG_00007982,FIG_00026828
FIG_00007981,FIG_00007982,FIG_00028585
FIG_00007981,FIG_00007982,FIG_00008782
FIG_00007981,FIG_00007982,FIG_00008780
FIG_00006727,FIG_00006728,FIG_00007691
FIG_00006727,FIG_00006728,FIG_00007113
FIG_00006727,FIG_00006728,FIG_00007690
FIG_00006727,FIG_00006728,FIG_00010055
FIG_00006727,FIG_00006728,FIG_00010175
FIG_00005548,FIG_00005551,FIG_00008796
FIG_00005548,FIG_00005551,FIG_00026423
FIG_00005548,FIG_00005550,FIG_00008796
FIG_00005548,FIG_00005550,FIG_00026423
FIG_00005548,FIG_00005553,FIG_00008796
FIG_00005548,FIG_00005553,FIG_00026423
FIG_00030693,FIG_00030694,FIG_00030722
FIG_00019861,FIG_00019862,FIG_00023539
FIG_00019861,FIG_00019862,FIG_00019964
FIG_00019861,FIG_00019862,FIG_00033820
FIG_00019861,FIG_00019862,FIG_00033819
FIG_00019861,FIG_00019862,FIG_00033976
FIG_00010342,FIG_00010343,FIG_00016225
FIG_00010342,FIG_00010343,FIG_00014023
FIG_00010342,FIG_00010343,FIG_00025734
FIG_00010342,FIG_00010343,FIG_00034697
FIG_00010342,FIG_00010343,FIG_00031211
FIG_00030065,FIG_00030066,FIG_00034880
FIG_00030065,FIG_00030066,FIG_00030264
FIG_00030065,FIG_00030066,FIG_00034532
FIG_00018438,FIG_00018450,FIG_00026939
FIG_00018438,FIG_00018450,FIG_00034592
FIG_00018438,FIG_00018450,FIG_00019889
FIG_00018438,FIG_00018450,FIG_00034002
FIG_00018438,FIG_00018441,FIG_00026939
FIG_00018438,FIG_00018441,FIG_00034592
FIG_00018438,FIG_00018441,FIG_00019889
FIG_00018438,FIG_00018441,FIG_00034002
FIG_00018438,FIG_00018443,FIG_00026939
FIG_00018438,FIG_00018443,FIG_00034592
FIG_00018438,FIG_00018443,FIG_00019889
FIG_00018438,FIG_00018443,FIG_00034002
FIG_00026529,FIG_00026530,FIG_00033121
FIG_00026529,FIG_00026530,FIG_00030002
FIG_00026529,FIG_00026530,FIG_00031509
FIG_00026529,FIG_00026530,FIG_00031372
FIG_00026529,FIG_00026530,FIG_00029926
FIG_00026529,FIG_00026531,FIG_00033121
FIG_00026529,FIG_00026531,FIG_00030002
FIG_00026529,FIG_00026531,FIG_00031509
FIG_00026529,FIG_00026531,FIG_00031372
FIG_00026529,FIG_00026531,FIG_00029926
FIG_00013312,FIG_00013313,FIG_00013317
FIG_00031754,FIG_00031762,FIG_00031761
FIG_00031754,FIG_00031762,FIG_00031758
FIG_00031754,FIG_00031762,FIG_00031765
FIG_00031754,FIG_00031762,FIG_00032607
FIG_00031754,FIG_00031757,FIG_00031761
FIG_00031754,FIG_00031757,FIG_00031758
FIG_00031754,FIG_00031757,FIG_00031765
FIG_00031754,FIG_00031757,FIG_00032607
FIG_00031754,FIG_00031755,FIG_00031761
FIG_00031754,FIG_00031755,FIG_00031758
FIG_00031754,FIG_00031755,FIG_00031765
FIG_00031754,FIG_00031755,FIG_00032607
FIG_00011035,FIG_00011044,FIG_00021539
FIG_00011035,FIG_00011044,FIG_00020306
FIG_00011035,FIG_00011044,FIG_00025929
FIG_00011035,FIG_00011044,FIG_00022666
FIG_00011035,FIG_00011044,FIG_00022657
FIG_00011035,FIG_00011043,FIG_00021539
FIG_00011035,FIG_00011043,FIG_00020306
FIG_00011035,FIG_00011043,FIG_00025929
FIG_00011035,FIG_00011043,FIG_00022666
FIG_00011035,FIG_00011043,FIG_00022657
FIG_00011035,FIG_00011049,FIG_00021539
FIG_00011035,FIG_00011049,FIG_00020306
FIG_00011035,FIG_00011049,FIG_00025929
FIG_00011035,FIG_00011049,FIG_00022666
FIG_00011035,FIG_00011049,FIG_00022657
FIG_00001476,FIG_00001477,FIG_00004789
FIG_00001476,FIG_00001477,FIG_00002918
FIG_00001476,FIG_00001477,FIG_00010247
FIG_00001476,FIG_00001477,FIG_00003506
FIG_00001476,FIG_00001477,FIG_00027116
FIG_00001476,FIG_00001478,FIG_00004789
FIG_00001476,FIG_00001478,FIG_00002918
FIG_00001476,FIG_00001478,FIG_00010247
FIG_00001476,FIG_00001478,FIG_00003506
FIG_00001476,FIG_00001478,FIG_00027116
FIG_00033640,FIG_00033641,FIG_00034433
FIG_00033640,FIG_00033641,FIG_00034780
FIG_00030768,FIG_00030772,FIG_00033001
FIG_00030768,FIG_00030772,FIG_00032015
FIG_00030768,FIG_00030772,FIG_00031025
FIG_00030768,FIG_00030772,FIG_00032014
FIG_00030768,FIG_00030770,FIG_00033001
FIG_00030768,FIG_00030770,FIG_00032015
FIG_00030768,FIG_00030770,FIG_00031025
FIG_00030768,FIG_00030770,FIG_00032014
FIG_00030768,FIG_00030771,FIG_00033001
FIG_00030768,FIG_00030771,FIG_00032015
FIG_00030768,FIG_00030771,FIG_00031025
FIG_00030768,FIG_00030771,FIG_00032014
FIG_00008512,FIG_00008513,FIG_00026559
FIG_00008512,FIG_00008513,FIG_00009497
FIG_00000792,FIG_00006557,FIG_00004495
FIG_00000792,FIG_00006557,FIG_00004793
FIG_00000792,FIG_00006557,FIG_00006559
FIG_00000792,FIG_00006557,FIG_00000796
FIG_00000792,FIG_00006557,FIG_00002998
FIG_00000792,FIG_00000794,FIG_00004495
FIG_00000792,FIG_00000794,FIG_00004793
FIG_00000792,FIG_00000794,FIG_00006559
FIG_00000792,FIG_00000794,FIG_00000796
FIG_00000792,FIG_00000794,FIG_00002998
FIG_00000792,FIG_00006560,FIG_00004495
FIG_00000792,FIG_00006560,FIG_00004793
FIG_00000792,FIG_00006560,FIG_00006559
FIG_00000792,FIG_00006560,FIG_00000796
FIG_00000792,FIG_00006560,FIG_00002998
FIG_00031680,FIG_00031681,FIG_00032754
FIG_00002056,FIG_00002058,FIG_00009841
FIG_00002056,FIG_00002058,FIG_00026662
FIG_00002056,FIG_00002058,FIG_00028106
FIG_00002056,FIG_00002058,FIG_00028713
FIG_00002056,FIG_00002058,FIG_00026658
FIG_00025233,FIG_00025237,FIG_00030937
FIG_00025233,FIG_00025237,FIG_00027849
FIG_00025233,FIG_00025237,FIG_00028069
FIG_00025233,FIG_00025237,FIG_00034682
FIG_00025233,FIG_00025237,FIG_00030936
FIG_00025233,FIG_00025236,FIG_00030937
FIG_00025233,FIG_00025236,FIG_00027849
FIG_00025233,FIG_00025236,FIG_00028069
FIG_00025233,FIG_00025236,FIG_00034682
FIG_00025233,FIG_00025236,FIG_00030936
FIG_00025233,FIG_00025234,FIG_00030937
FIG_00025233,FIG_00025234,FIG_00027849
FIG_00025233,FIG_00025234,FIG_00028069
FIG_00025233,FIG_00025234,FIG_00034682
FIG_00025233,FIG_00025234,FIG_00030936
